{
  "type": "FeatureCollection",
  "features": [
    {
      "type": "Feature",
      "id": 1,
      "geometry": {
        "type": "Polygon",
        "coordinates": [
          [
            [
              -43.3101056,
              -22.7451969
            ],
            [
              -43.3110005,
              -22.7445352
            ],
            [
              -43.3136183,
              -22.7425999
            ],
            [
              -43.3146063,
              -22.7428038
            ],
            [
              -43.3149506,
              -22.7431937
            ],
            [
              -43.3157652,
              -22.7440951
            ],
            [
              -43.3160627,
              -22.7444101
            ],
            [
              -43.3163579,
              -22.7447187
            ],
            [
              -43.3152182,
              -22.745027
            ],
            [
              -43.3148534,
              -22.7451321
            ],
            [
              -43.3145143,
              -22.7452298
            ],
            [
              -43.3141244,
              -22.745342
            ],
            [
              -43.3132387,
              -22.7455886
            ],
            [
              -43.3129459,
              -22.7456702
            ],
            [
              -43.3127588,
              -22.7457246
            ],
            [
              -43.3127572,
              -22.7457251
            ],
            [
              -43.3119374,
              -22.7459637
            ],
            [
              -43.3116003,
              -22.7460618
            ],
            [
              -43.3107932,
              -22.7462591
            ],
            [
              -43.3098589,
              -22.7465086
            ],
            [
              -43.3089746,
              -22.7467841
            ],
            [
              -43.3083672,
              -22.7469741
            ],
            [
              -43.3081902,
              -22.7470411
            ],
            [
              -43.3080849,
              -22.747081
            ],
            [
              -43.3079517,
              -22.7471423
            ],
            [
              -43.3079639,
              -22.7469828
            ],
            [
              -43.3079576,
              -22.7468422
            ],
            [
              -43.3080254,
              -22.7467229
            ],
            [
              -43.3087348,
              -22.7461945
            ],
            [
              -43.3089819,
              -22.7460135
            ],
            [
              -43.3092309,
              -22.7458406
            ],
            [
              -43.3093562,
              -22.7457419
            ],
            [
              -43.3101056,
              -22.7451969
            ]
          ]
        ]
      },
      "properties": {
        "neighborhood": "Vila São José"
      }
    },
    {
      "type": "Feature",
      "id": 2,
      "geometry": {
        "type": "Polygon",
        "coordinates": [
          [
            [
              -43.3038007,
              -22.7472858
            ],
            [
              -43.3031305,
              -22.7471473
            ],
            [
              -43.3023951,
              -22.7469979
            ],
            [
              -43.3019929,
              -22.7469525
            ],
            [
              -43.2997409,
              -22.746837
            ],
            [
              -43.2981897,
              -22.7468485
            ],
            [
              -43.2981088,
              -22.7468535
            ],
            [
              -43.2971581,
              -22.7469121
            ],
            [
              -43.2972438,
              -22.7462883
            ],
            [
              -43.2972854,
              -22.7462333
            ],
            [
              -43.2974698,
              -22.7459882
            ],
            [
              -43.2974865,
              -22.7459722
            ],
            [
              -43.2975033,
              -22.7459563
            ],
            [
              -43.2978338,
              -22.7458444
            ],
            [
              -43.2983456,
              -22.7457641
            ],
            [
              -43.298436,
              -22.7457641
            ],
            [
              -43.2997088,
              -22.7458683
            ],
            [
              -43.3004363,
              -22.7458961
            ],
            [
              -43.300753,
              -22.7459082
            ],
            [
              -43.3007858,
              -22.7459082
            ],
            [
              -43.3015213,
              -22.7459161
            ],
            [
              -43.3015755,
              -22.7459401
            ],
            [
              -43.3020181,
              -22.7460514
            ],
            [
              -43.3024176,
              -22.7461621
            ],
            [
              -43.3027978,
              -22.7462641
            ],
            [
              -43.3028313,
              -22.7462724
            ],
            [
              -43.302873,
              -22.7462806
            ],
            [
              -43.3029314,
              -22.7462889
            ],
            [
              -43.3029563,
              -22.7462889
            ],
            [
              -43.3029898,
              -22.7463053
            ],
            [
              -43.3030315,
              -22.7463136
            ],
            [
              -43.3030814,
              -22.7463136
            ],
            [
              -43.3031147,
              -22.7463218
            ],
            [
              -43.3031814,
              -22.7463465
            ],
            [
              -43.3032064,
              -22.7463547
            ],
            [
              -43.3032479,
              -22.7463547
            ],
            [
              -43.3033062,
              -22.7463711
            ],
            [
              -43.3033477,
              -22.7463711
            ],
            [
              -43.3034141,
              -22.7463876
            ],
            [
              -43.303439,
              -22.7463876
            ],
            [
              -43.3034888,
              -22.7463958
            ],
            [
              -43.303522,
              -22.7463958
            ],
            [
              -43.3035635,
              -22.7464122
            ],
            [
              -43.3036215,
              -22.7464122
            ],
            [
              -43.3036795,
              -22.7464122
            ],
            [
              -43.3037044,
              -22.7464122
            ],
            [
              -43.3037624,
              -22.7464121
            ],
            [
              -43.3038122,
              -22.7464121
            ],
            [
              -43.3038868,
              -22.7464121
            ],
            [
              -43.3039281,
              -22.7464285
            ],
            [
              -43.3039612,
              -22.7464285
            ],
            [
              -43.3040026,
              -22.7464367
            ],
            [
              -43.3040605,
              -22.7464449
            ],
            [
              -43.3041268,
              -22.7464449
            ],
            [
              -43.3041516,
              -22.7464449
            ],
            [
              -43.3042096,
              -22.7464449
            ],
            [
              -43.3042593,
              -22.7464449
            ],
            [
              -43.3043421,
              -22.7464449
            ],
            [
              -43.3043836,
              -22.7464449
            ],
            [
              -43.3044415,
              -22.7464449
            ],
            [
              -43.3044747,
              -22.7464448
            ],
            [
              -43.3045244,
              -22.7464448
            ],
            [
              -43.3045575,
              -22.7464448
            ],
            [
              -43.3045906,
              -22.7464448
            ],
            [
              -43.3046321,
              -22.7464448
            ],
            [
              -43.3046652,
              -22.7464448
            ],
            [
              -43.3047232,
              -22.7464448
            ],
            [
              -43.3047812,
              -22.7464448
            ],
            [
              -43.3048309,
              -22.7464448
            ],
            [
              -43.3048723,
              -22.7464448
            ],
            [
              -43.304922,
              -22.7464448
            ],
            [
              -43.3049551,
              -22.7464448
            ],
            [
              -43.304976,
              -22.7464407
            ],
            [
              -43.3049968,
              -22.7464366
            ],
            [
              -43.3050299,
              -22.7464366
            ],
            [
              -43.3050634,
              -22.7464284
            ],
            [
              -43.3051131,
              -22.7464284
            ],
            [
              -43.3051297,
              -22.7464284
            ],
            [
              -43.3051877,
              -22.7464284
            ],
            [
              -43.305245,
              -22.7464448
            ],
            [
              -43.3052699,
              -22.7464448
            ],
            [
              -43.3053192,
              -22.7464529
            ],
            [
              -43.3053606,
              -22.7464529
            ],
            [
              -43.305402,
              -22.7464529
            ],
            [
              -43.3054103,
              -22.7464529
            ],
            [
              -43.3054435,
              -22.7464529
            ],
            [
              -43.3054766,
              -22.7464529
            ],
            [
              -43.305518,
              -22.7464529
            ],
            [
              -43.3055594,
              -22.7464529
            ],
            [
              -43.3055929,
              -22.7464447
            ],
            [
              -43.3056509,
              -22.7464447
            ],
            [
              -43.3057006,
              -22.7464447
            ],
            [
              -43.3057255,
              -22.7464447
            ],
            [
              -43.3058589,
              -22.7464283
            ],
            [
              -43.3059091,
              -22.7464201
            ],
            [
              -43.3059344,
              -22.7464119
            ],
            [
              -43.3059846,
              -22.7464037
            ],
            [
              -43.3060354,
              -22.7463873
            ],
            [
              -43.3060608,
              -22.7463791
            ],
            [
              -43.306111,
              -22.7463709
            ],
            [
              -43.3061453,
              -22.7463544
            ],
            [
              -43.3061873,
              -22.7463462
            ],
            [
              -43.3062216,
              -22.7463297
            ],
            [
              -43.3062475,
              -22.7463133
            ],
            [
              -43.3062996,
              -22.7462803
            ],
            [
              -43.3063595,
              -22.7462555
            ],
            [
              -43.3063939,
              -22.746239
            ],
            [
              -43.3064372,
              -22.7462141
            ],
            [
              -43.3064723,
              -22.7461893
            ],
            [
              -43.3065157,
              -22.7461644
            ],
            [
              -43.3065437,
              -22.7461228
            ],
            [
              -43.3065789,
              -22.7460979
            ],
            [
              -43.3065795,
              -22.7460895
            ],
            [
              -43.3065993,
              -22.7460478
            ],
            [
              -43.3066029,
              -22.7459977
            ],
            [
              -43.3066234,
              -22.7459474
            ],
            [
              -43.3066439,
              -22.745897
            ],
            [
              -43.3066457,
              -22.7458718
            ],
            [
              -43.3066488,
              -22.7458297
            ],
            [
              -43.3066526,
              -22.745779
            ],
            [
              -43.3066551,
              -22.7457451
            ],
            [
              -43.3066588,
              -22.7456942
            ],
            [
              -43.3066626,
              -22.7456432
            ],
            [
              -43.3066494,
              -22.7455921
            ],
            [
              -43.3066362,
              -22.7455408
            ],
            [
              -43.3066303,
              -22.7455066
            ],
            [
              -43.3066152,
              -22.7454809
            ],
            [
              -43.3066104,
              -22.7454293
            ],
            [
              -43.3065971,
              -22.7453777
            ],
            [
              -43.3065838,
              -22.7453259
            ],
            [
              -43.3065844,
              -22.7453172
            ],
            [
              -43.3065626,
              -22.7452653
            ],
            [
              -43.3065419,
              -22.7451958
            ],
            [
              -43.306537,
              -22.7451436
            ],
            [
              -43.3065394,
              -22.7451087
            ],
            [
              -43.3065418,
              -22.7450737
            ],
            [
              -43.3065369,
              -22.7450212
            ],
            [
              -43.3065406,
              -22.7449685
            ],
            [
              -43.3065449,
              -22.7449068
            ],
            [
              -43.3065381,
              -22.7448804
            ],
            [
              -43.3065332,
              -22.7448273
            ],
            [
              -43.3065264,
              -22.7448008
            ],
            [
              -43.3065048,
              -22.7447386
            ],
            [
              -43.3065085,
              -22.7446852
            ],
            [
              -43.3062275,
              -22.7443391
            ],
            [
              -43.3061239,
              -22.7442535
            ],
            [
              -43.3060202,
              -22.7441679
            ],
            [
              -43.3059011,
              -22.7439013
            ],
            [
              -43.3058889,
              -22.7438677
            ],
            [
              -43.3057414,
              -22.7435488
            ],
            [
              -43.3057192,
              -22.743542
            ],
            [
              -43.305546,
              -22.7433216
            ],
            [
              -43.305518,
              -22.7432869
            ],
            [
              -43.3052852,
              -22.7430002
            ],
            [
              -43.3052409,
              -22.742972
            ],
            [
              -43.3049725,
              -22.7426876
            ],
            [
              -43.3049435,
              -22.7426518
            ],
            [
              -43.3048556,
              -22.7424743
            ],
            [
              -43.3047677,
              -22.7422968
            ],
            [
              -43.3046817,
              -22.7419723
            ],
            [
              -43.3046673,
              -22.7419425
            ],
            [
              -43.3044604,
              -22.7414141
            ],
            [
              -43.304454,
              -22.7413758
            ],
            [
              -43.3044319,
              -22.7413297
            ],
            [
              -43.3042904,
              -22.7410355
            ],
            [
              -43.3042924,
              -22.7409808
            ],
            [
              -43.3040133,
              -22.7405699
            ],
            [
              -43.3039815,
              -22.7405379
            ],
            [
              -43.303934,
              -22.7404818
            ],
            [
              -43.3036657,
              -22.7399866
            ],
            [
              -43.303633,
              -22.7399619
            ],
            [
              -43.3034324,
              -22.7396783
            ],
            [
              -43.3032319,
              -22.7393946
            ],
            [
              -43.3032069,
              -22.7393607
            ],
            [
              -43.3031125,
              -22.7391824
            ],
            [
              -43.3029389,
              -22.7388547
            ],
            [
              -43.3026776,
              -22.7382308
            ],
            [
              -43.3023066,
              -22.7376533
            ],
            [
              -43.3021056,
              -22.7372071
            ],
            [
              -43.3019046,
              -22.7367609
            ],
            [
              -43.3018908,
              -22.7367071
            ],
            [
              -43.3011132,
              -22.7350556
            ],
            [
              -43.3011136,
              -22.7350389
            ],
            [
              -43.3009847,
              -22.7348261
            ],
            [
              -43.3004056,
              -22.7338695
            ],
            [
              -43.3003712,
              -22.7338341
            ],
            [
              -43.3001338,
              -22.733672
            ],
            [
              -43.3000124,
              -22.7336934
            ],
            [
              -43.299891,
              -22.7337147
            ],
            [
              -43.2994542,
              -22.7338168
            ],
            [
              -43.2994061,
              -22.7338168
            ],
            [
              -43.299033,
              -22.7337573
            ],
            [
              -43.2990238,
              -22.7337403
            ],
            [
              -43.2989398,
              -22.7336206
            ],
            [
              -43.2988558,
              -22.7335008
            ],
            [
              -43.298947,
              -22.7333282
            ],
            [
              -43.2992224,
              -22.7332066
            ],
            [
              -43.2996104,
              -22.7329792
            ],
            [
              -43.2996512,
              -22.732811
            ],
            [
              -43.299692,
              -22.7326429
            ],
            [
              -43.2995212,
              -22.732175
            ],
            [
              -43.2995035,
              -22.7321113
            ],
            [
              -43.2984621,
              -22.7302485
            ],
            [
              -43.2983396,
              -22.7300556
            ],
            [
              -43.2982171,
              -22.7298627
            ],
            [
              -43.2977692,
              -22.7297529
            ],
            [
              -43.2972262,
              -22.7297228
            ],
            [
              -43.2969016,
              -22.7296727
            ],
            [
              -43.2968414,
              -22.7295415
            ],
            [
              -43.2967813,
              -22.7294103
            ],
            [
              -43.2969044,
              -22.7292372
            ],
            [
              -43.2971765,
              -22.7290836
            ],
            [
              -43.2975135,
              -22.7288462
            ],
            [
              -43.2975868,
              -22.7285961
            ],
            [
              -43.2975864,
              -22.7285228
            ],
            [
              -43.2974579,
              -22.7282916
            ],
            [
              -43.296948,
              -22.727375
            ],
            [
              -43.2968907,
              -22.7272662
            ],
            [
              -43.2962318,
              -22.7260149
            ],
            [
              -43.2957322,
              -22.7250761
            ],
            [
              -43.2956302,
              -22.7248846
            ],
            [
              -43.2953703,
              -22.7243061
            ],
            [
              -43.2953543,
              -22.7237141
            ],
            [
              -43.2955,
              -22.7235133
            ],
            [
              -43.2955295,
              -22.7234567
            ],
            [
              -43.2955468,
              -22.723449
            ],
            [
              -43.2956258,
              -22.7234136
            ],
            [
              -43.296404,
              -22.7247343
            ],
            [
              -43.2974561,
              -22.726754
            ],
            [
              -43.2981028,
              -22.7279551
            ],
            [
              -43.2994299,
              -22.7304196
            ],
            [
              -43.300281,
              -22.7320835
            ],
            [
              -43.3012188,
              -22.7337836
            ],
            [
              -43.3025629,
              -22.7362201
            ],
            [
              -43.3032091,
              -22.7374168
            ],
            [
              -43.3033309,
              -22.7376337
            ],
            [
              -43.3037231,
              -22.7383322
            ],
            [
              -43.3040091,
              -22.7388416
            ],
            [
              -43.3050098,
              -22.7406557
            ],
            [
              -43.3055438,
              -22.7416236
            ],
            [
              -43.3057103,
              -22.7419226
            ],
            [
              -43.306981,
              -22.7442045
            ],
            [
              -43.3071852,
              -22.7446498
            ],
            [
              -43.3072556,
              -22.7448783
            ],
            [
              -43.3073486,
              -22.7451807
            ],
            [
              -43.3074385,
              -22.7457812
            ],
            [
              -43.3073568,
              -22.7468881
            ],
            [
              -43.3074671,
              -22.7468963
            ],
            [
              -43.3075447,
              -22.7469902
            ],
            [
              -43.3076441,
              -22.7472402
            ],
            [
              -43.3076966,
              -22.7473007
            ],
            [
              -43.3075183,
              -22.7478864
            ],
            [
              -43.307361,
              -22.7482261
            ],
            [
              -43.3067574,
              -22.7492044
            ],
            [
              -43.3062903,
              -22.7488363
            ],
            [
              -43.3054171,
              -22.7483078
            ],
            [
              -43.3038007,
              -22.7472858
            ]
          ]
        ]
      },
      "properties": {
        "neighborhood": "Dick 2"
      }
    },
    {
      "type": "Feature",
      "id": 3,
      "geometry": {
        "type": "Polygon",
        "coordinates": [
          [
            [
              -43.3126695,
              -22.7517721
            ],
            [
              -43.3126427,
              -22.7517657
            ],
            [
              -43.3097343,
              -22.7509774
            ],
            [
              -43.3089003,
              -22.7506827
            ],
            [
              -43.3074061,
              -22.7497232
            ],
            [
              -43.3071319,
              -22.7495038
            ],
            [
              -43.3067574,
              -22.7492044
            ],
            [
              -43.307361,
              -22.7482261
            ],
            [
              -43.3075183,
              -22.7478864
            ],
            [
              -43.3076966,
              -22.7473007
            ],
            [
              -43.3078412,
              -22.7472443
            ],
            [
              -43.3079517,
              -22.7471423
            ],
            [
              -43.3080849,
              -22.747081
            ],
            [
              -43.3081902,
              -22.7470411
            ],
            [
              -43.3083672,
              -22.7469741
            ],
            [
              -43.3089746,
              -22.7467841
            ],
            [
              -43.3098589,
              -22.7465086
            ],
            [
              -43.3107932,
              -22.7462591
            ],
            [
              -43.3116003,
              -22.7460618
            ],
            [
              -43.3119374,
              -22.7459637
            ],
            [
              -43.3127572,
              -22.7457251
            ],
            [
              -43.3127588,
              -22.7457246
            ],
            [
              -43.3129459,
              -22.7456702
            ],
            [
              -43.3132387,
              -22.7455886
            ],
            [
              -43.3141244,
              -22.745342
            ],
            [
              -43.3145143,
              -22.7452298
            ],
            [
              -43.314934,
              -22.7463366
            ],
            [
              -43.3150629,
              -22.7466908
            ],
            [
              -43.3152894,
              -22.7469527
            ],
            [
              -43.3147234,
              -22.7473814
            ],
            [
              -43.3147053,
              -22.7473951
            ],
            [
              -43.3147911,
              -22.7478393
            ],
            [
              -43.3148432,
              -22.7481976
            ],
            [
              -43.3145254,
              -22.748372
            ],
            [
              -43.3145222,
              -22.7486058
            ],
            [
              -43.3141742,
              -22.7491165
            ],
            [
              -43.3141072,
              -22.749215
            ],
            [
              -43.3141044,
              -22.7492189
            ],
            [
              -43.3139152,
              -22.7491611
            ],
            [
              -43.3129919,
              -22.748879
            ],
            [
              -43.3124012,
              -22.7486964
            ],
            [
              -43.3122633,
              -22.7497002
            ],
            [
              -43.3122049,
              -22.7500614
            ],
            [
              -43.3125286,
              -22.7501943
            ],
            [
              -43.3124765,
              -22.7504429
            ],
            [
              -43.3130082,
              -22.7506393
            ],
            [
              -43.3126695,
              -22.7517721
            ]
          ]
        ]
      },
      "properties": {
        "neighborhood": "Favela do Barro Vermelho"
      }
    },
    {
      "type": "Feature",
      "id": 4,
      "geometry": {
        "type": "Polygon",
        "coordinates": [
          [
            [
              -43.3191778,
              -22.7786322
            ],
            [
              -43.3191539,
              -22.778736
            ],
            [
              -43.3184441,
              -22.7790851
            ],
            [
              -43.3175984,
              -22.7794796
            ],
            [
              -43.3174438,
              -22.7795517
            ],
            [
              -43.3174535,
              -22.7794454
            ],
            [
              -43.3174316,
              -22.7787429
            ],
            [
              -43.3177443,
              -22.7786397
            ],
            [
              -43.3181321,
              -22.7785118
            ],
            [
              -43.3184475,
              -22.7784133
            ],
            [
              -43.3182794,
              -22.7777833
            ],
            [
              -43.31826,
              -22.7776162
            ],
            [
              -43.3182715,
              -22.7774683
            ],
            [
              -43.3183084,
              -22.7770871
            ],
            [
              -43.31835,
              -22.7767028
            ],
            [
              -43.3185464,
              -22.776715
            ],
            [
              -43.3189999,
              -22.7767834
            ],
            [
              -43.3191653,
              -22.7768262
            ],
            [
              -43.3192724,
              -22.7768351
            ],
            [
              -43.3194136,
              -22.7768468
            ],
            [
              -43.3195417,
              -22.7769317
            ],
            [
              -43.3196187,
              -22.77706
            ],
            [
              -43.3197242,
              -22.7774849
            ],
            [
              -43.3198036,
              -22.7779441
            ],
            [
              -43.3197994,
              -22.7779873
            ],
            [
              -43.3198694,
              -22.7779173
            ],
            [
              -43.3199886,
              -22.7778526
            ],
            [
              -43.3201644,
              -22.7777848
            ],
            [
              -43.3202196,
              -22.7777383
            ],
            [
              -43.3205678,
              -22.7772955
            ],
            [
              -43.320667,
              -22.7771742
            ],
            [
              -43.3206932,
              -22.7771287
            ],
            [
              -43.3207046,
              -22.7771016
            ],
            [
              -43.3208171,
              -22.7769766
            ],
            [
              -43.3209135,
              -22.776898
            ],
            [
              -43.321026,
              -22.7768551
            ],
            [
              -43.3215316,
              -22.7767859
            ],
            [
              -43.3215884,
              -22.7767581
            ],
            [
              -43.321808,
              -22.7766539
            ],
            [
              -43.3219663,
              -22.7765712
            ],
            [
              -43.3219779,
              -22.7765615
            ],
            [
              -43.3219895,
              -22.7765517
            ],
            [
              -43.3220644,
              -22.7764888
            ],
            [
              -43.3223803,
              -22.7760597
            ],
            [
              -43.322907,
              -22.775772
            ],
            [
              -43.3229892,
              -22.7758276
            ],
            [
              -43.3230692,
              -22.7759393
            ],
            [
              -43.323179,
              -22.7761539
            ],
            [
              -43.3232389,
              -22.7762537
            ],
            [
              -43.3233038,
              -22.7763186
            ],
            [
              -43.3233961,
              -22.7764084
            ],
            [
              -43.3235134,
              -22.7764933
            ],
            [
              -43.3235983,
              -22.7765582
            ],
            [
              -43.3237699,
              -22.7766832
            ],
            [
              -43.3238571,
              -22.7767466
            ],
            [
              -43.3238743,
              -22.7767894
            ],
            [
              -43.3238717,
              -22.7768709
            ],
            [
              -43.3238171,
              -22.776901
            ],
            [
              -43.3237625,
              -22.776901
            ],
            [
              -43.323644,
              -22.7769065
            ],
            [
              -43.3235275,
              -22.7769119
            ],
            [
              -43.3233295,
              -22.776921
            ],
            [
              -43.3232161,
              -22.7769348
            ],
            [
              -43.3230915,
              -22.7769542
            ],
            [
              -43.3228726,
              -22.7769912
            ],
            [
              -43.3227836,
              -22.7770029
            ],
            [
              -43.3226223,
              -22.7771551
            ],
            [
              -43.3224724,
              -22.7772886
            ],
            [
              -43.3223817,
              -22.7774267
            ],
            [
              -43.3223072,
              -22.7775402
            ],
            [
              -43.3222076,
              -22.7777154
            ],
            [
              -43.3221796,
              -22.7777932
            ],
            [
              -43.3221785,
              -22.7778019
            ],
            [
              -43.3221568,
              -22.7779683
            ],
            [
              -43.3221391,
              -22.7785669
            ],
            [
              -43.3229246,
              -22.7784025
            ],
            [
              -43.3233129,
              -22.7786593
            ],
            [
              -43.3232621,
              -22.7791695
            ],
            [
              -43.3232197,
              -22.7796806
            ],
            [
              -43.3219875,
              -22.7794933
            ],
            [
              -43.3217771,
              -22.7793983
            ],
            [
              -43.3213641,
              -22.7792123
            ],
            [
              -43.3212628,
              -22.7792298
            ],
            [
              -43.320901,
              -22.7795328
            ],
            [
              -43.3215711,
              -22.7802113
            ],
            [
              -43.3215965,
              -22.7802185
            ],
            [
              -43.3215037,
              -22.7805361
            ],
            [
              -43.3214706,
              -22.7805112
            ],
            [
              -43.3213581,
              -22.7804125
            ],
            [
              -43.3212312,
              -22.7803055
            ],
            [
              -43.3194255,
              -22.7787907
            ],
            [
              -43.3191778,
              -22.7786322
            ]
          ]
        ]
      },
      "properties": {
        "neighborhood": "Favela do Sapo A"
      }
    },
    {
      "type": "Feature",
      "id": 5,
      "geometry": {
        "type": "Polygon",
        "coordinates": [
          [
            [
              -43.3233129,
              -22.7786593
            ],
            [
              -43.3233831,
              -22.7778247
            ],
            [
              -43.323416,
              -22.777734
            ],
            [
              -43.3236193,
              -22.7777921
            ],
            [
              -43.3237701,
              -22.777909
            ],
            [
              -43.3238095,
              -22.7779287
            ],
            [
              -43.324117,
              -22.7780824
            ],
            [
              -43.3244865,
              -22.7782332
            ],
            [
              -43.324905,
              -22.7781352
            ],
            [
              -43.3250256,
              -22.7780749
            ],
            [
              -43.3251788,
              -22.7779972
            ],
            [
              -43.3254364,
              -22.7785381
            ],
            [
              -43.325396,
              -22.7786054
            ],
            [
              -43.3254431,
              -22.7786694
            ],
            [
              -43.3252514,
              -22.7790128
            ],
            [
              -43.3248899,
              -22.7788478
            ],
            [
              -43.3247241,
              -22.7788553
            ],
            [
              -43.3244752,
              -22.7789308
            ],
            [
              -43.3244149,
              -22.7790212
            ],
            [
              -43.3244149,
              -22.7790261
            ],
            [
              -43.3244149,
              -22.779896
            ],
            [
              -43.3232197,
              -22.7796806
            ],
            [
              -43.3232621,
              -22.7791695
            ],
            [
              -43.3233129,
              -22.7786593
            ]
          ]
        ]
      },
      "properties": {
        "neighborhood": "Favela da Mangueirinha"
      }
    },
    {
      "type": "Feature",
      "id": 6,
      "geometry": {
        "type": "Polygon",
        "coordinates": [
          [
            [
              -43.2134682,
              -22.6467638
            ],
            [
              -43.2136117,
              -22.6466948
            ],
            [
              -43.2136564,
              -22.6466733
            ],
            [
              -43.2136849,
              -22.6466742
            ],
            [
              -43.2157527,
              -22.6467423
            ],
            [
              -43.2168378,
              -22.6467929
            ],
            [
              -43.2174495,
              -22.6468236
            ],
            [
              -43.2178698,
              -22.646851
            ],
            [
              -43.2185908,
              -22.646892
            ],
            [
              -43.2192367,
              -22.6469261
            ],
            [
              -43.2194194,
              -22.6469361
            ],
            [
              -43.2193005,
              -22.647153
            ],
            [
              -43.2192731,
              -22.6472086
            ],
            [
              -43.2189584,
              -22.648012
            ],
            [
              -43.2185939,
              -22.6492787
            ],
            [
              -43.2182481,
              -22.650495
            ],
            [
              -43.2182477,
              -22.6507522
            ],
            [
              -43.2181182,
              -22.6513038
            ],
            [
              -43.2178055,
              -22.6522504
            ],
            [
              -43.2177912,
              -22.6526553
            ],
            [
              -43.2176975,
              -22.6527582
            ],
            [
              -43.2176038,
              -22.6528612
            ],
            [
              -43.2176004,
              -22.652865
            ],
            [
              -43.2174744,
              -22.6525864
            ],
            [
              -43.2174458,
              -22.6525232
            ],
            [
              -43.2174172,
              -22.6524954
            ],
            [
              -43.2170366,
              -22.652125
            ],
            [
              -43.2169318,
              -22.6520329
            ],
            [
              -43.2166716,
              -22.6518043
            ],
            [
              -43.2147762,
              -22.6488845
            ],
            [
              -43.2144313,
              -22.6483531
            ],
            [
              -43.2141326,
              -22.6478603
            ],
            [
              -43.2138021,
              -22.6473148
            ],
            [
              -43.2136852,
              -22.647122
            ],
            [
              -43.2134909,
              -22.6468012
            ],
            [
              -43.2134682,
              -22.6467638
            ]
          ]
        ]
      },
      "properties": {
        "neighborhood": "Sapê"
      }
    },
    {
      "type": "Feature",
      "id": 7,
      "geometry": {
        "type": "Polygon",
        "coordinates": [
          [
            [
              -43.2512212,
              -22.6386863
            ],
            [
              -43.2511204,
              -22.6386215
            ],
            [
              -43.251169,
              -22.6379281
            ],
            [
              -43.2507483,
              -22.6375391
            ],
            [
              -43.2504819,
              -22.637797
            ],
            [
              -43.2499767,
              -22.6373869
            ],
            [
              -43.2508138,
              -22.6365733
            ],
            [
              -43.2510609,
              -22.6363527
            ],
            [
              -43.2513157,
              -22.6360142
            ],
            [
              -43.2514626,
              -22.6360196
            ],
            [
              -43.2514548,
              -22.6360397
            ],
            [
              -43.2513495,
              -22.6368404
            ],
            [
              -43.2514136,
              -22.636917
            ],
            [
              -43.2514486,
              -22.6369477
            ],
            [
              -43.2514338,
              -22.6372077
            ],
            [
              -43.2514084,
              -22.6375713
            ],
            [
              -43.2513852,
              -22.6379434
            ],
            [
              -43.2513704,
              -22.6381591
            ],
            [
              -43.2513281,
              -22.6386982
            ],
            [
              -43.2512212,
              -22.6386863
            ]
          ]
        ]
      },
      "properties": {
        "neighborhood": "Ilha"
      }
    },
    {
      "type": "Feature",
      "id": 8,
      "geometry": {
        "type": "Polygon",
        "coordinates": [
          [
            [
              -43.2044641,
              -22.629243
            ],
            [
              -43.2042547,
              -22.6278069
            ],
            [
              -43.2040269,
              -22.6265708
            ],
            [
              -43.2039071,
              -22.6259604
            ],
            [
              -43.2051261,
              -22.6249102
            ],
            [
              -43.2058974,
              -22.6244318
            ],
            [
              -43.206371,
              -22.6250127
            ],
            [
              -43.2068302,
              -22.6257116
            ],
            [
              -43.2073151,
              -22.6263231
            ],
            [
              -43.2078472,
              -22.6269941
            ],
            [
              -43.2075858,
              -22.6271169
            ],
            [
              -43.2065313,
              -22.6277176
            ],
            [
              -43.206652,
              -22.6279869
            ],
            [
              -43.2067993,
              -22.628319
            ],
            [
              -43.2068823,
              -22.6285908
            ],
            [
              -43.2069012,
              -22.6286965
            ],
            [
              -43.206905,
              -22.6288664
            ],
            [
              -43.2069238,
              -22.6293571
            ],
            [
              -43.2070142,
              -22.6299142
            ],
            [
              -43.2069059,
              -22.6299436
            ],
            [
              -43.2057467,
              -22.6300029
            ],
            [
              -43.20452,
              -22.6300532
            ],
            [
              -43.2044721,
              -22.6293094
            ],
            [
              -43.2044641,
              -22.629243
            ]
          ]
        ]
      },
      "properties": {
        "neighborhood": "Favela Santa Lúcia A"
      }
    },
    {
      "type": "Feature",
      "id": 9,
      "geometry": {
        "type": "Polygon",
        "coordinates": [
          [
            [
              -43.3026694,
              -22.7255251
            ],
            [
              -43.3026039,
              -22.725575
            ],
            [
              -43.3025465,
              -22.7256298
            ],
            [
              -43.3025371,
              -22.7256389
            ],
            [
              -43.3024703,
              -22.7257028
            ],
            [
              -43.3019183,
              -22.7259904
            ],
            [
              -43.3013663,
              -22.726278
            ],
            [
              -43.3010642,
              -22.7264117
            ],
            [
              -43.3007098,
              -22.726493
            ],
            [
              -43.3002566,
              -22.7265453
            ],
            [
              -43.2998673,
              -22.7265685
            ],
            [
              -43.2994954,
              -22.7265395
            ],
            [
              -43.2990074,
              -22.7264639
            ],
            [
              -43.2984205,
              -22.7263187
            ],
            [
              -43.2979789,
              -22.7261734
            ],
            [
              -43.2979372,
              -22.7261536
            ],
            [
              -43.2991383,
              -22.7256105
            ],
            [
              -43.3021922,
              -22.7250996
            ],
            [
              -43.3023507,
              -22.7253169
            ],
            [
              -43.3026694,
              -22.7255251
            ]
          ]
        ]
      },
      "properties": {
        "neighborhood": "Favela do Parque Angola B"
      }
    },
    {
      "type": "Feature",
      "id": 10,
      "geometry": {
        "type": "Polygon",
        "coordinates": [
          [
            [
              -43.2856054,
              -22.7825088
            ],
            [
              -43.2856831,
              -22.7812981
            ],
            [
              -43.2871888,
              -22.7828064
            ],
            [
              -43.2867356,
              -22.7835822
            ],
            [
              -43.2871351,
              -22.7839985
            ],
            [
              -43.2875543,
              -22.784398
            ],
            [
              -43.2869872,
              -22.7848122
            ],
            [
              -43.2863362,
              -22.7853448
            ],
            [
              -43.2859516,
              -22.7857394
            ],
            [
              -43.2853557,
              -22.7864013
            ],
            [
              -43.2853702,
              -22.7861756
            ],
            [
              -43.2856054,
              -22.7825088
            ]
          ]
        ]
      },
      "properties": {
        "neighborhood": "Avenida São Vicente"
      }
    },
    {
      "type": "Feature",
      "id": 11,
      "geometry": {
        "type": "Polygon",
        "coordinates": [
          [
            [
              -43.2732415,
              -22.7088088
            ],
            [
              -43.273245,
              -22.7087495
            ],
            [
              -43.2733544,
              -22.7081628
            ],
            [
              -43.2734233,
              -22.707813
            ],
            [
              -43.2734226,
              -22.7078122
            ],
            [
              -43.2735318,
              -22.7072169
            ],
            [
              -43.2736734,
              -22.7064494
            ],
            [
              -43.2737721,
              -22.705939
            ],
            [
              -43.2737716,
              -22.7059389
            ],
            [
              -43.2737933,
              -22.705833
            ],
            [
              -43.2739009,
              -22.7057717
            ],
            [
              -43.2741043,
              -22.7058548
            ],
            [
              -43.2755132,
              -22.7068612
            ],
            [
              -43.2754993,
              -22.7069537
            ],
            [
              -43.2748234,
              -22.7078132
            ],
            [
              -43.2747749,
              -22.7091017
            ],
            [
              -43.2737808,
              -22.7091468
            ],
            [
              -43.2732315,
              -22.7091912
            ],
            [
              -43.2732313,
              -22.7091923
            ],
            [
              -43.2731664,
              -22.7091989
            ],
            [
              -43.273197,
              -22.709012
            ],
            [
              -43.2732415,
              -22.7088088
            ]
          ]
        ]
      },
      "properties": {
        "neighborhood": "Avenida Actura"
      }
    },
    {
      "type": "Feature",
      "id": 12,
      "geometry": {
        "type": "Polygon",
        "coordinates": [
          [
            [
              -43.3267205,
              -22.800951
            ],
            [
              -43.3263406,
              -22.8007578
            ],
            [
              -43.3262386,
              -22.8007362
            ],
            [
              -43.3261633,
              -22.8007002
            ],
            [
              -43.3255876,
              -22.800562
            ],
            [
              -43.324952,
              -22.8004791
            ],
            [
              -43.324662,
              -22.8004567
            ],
            [
              -43.324661,
              -22.8003405
            ],
            [
              -43.3246605,
              -22.8002902
            ],
            [
              -43.3246593,
              -22.8001542
            ],
            [
              -43.3246647,
              -22.7995814
            ],
            [
              -43.3257053,
              -22.7995654
            ],
            [
              -43.3261901,
              -22.799558
            ],
            [
              -43.3262018,
              -22.799032
            ],
            [
              -43.3276221,
              -22.7990203
            ],
            [
              -43.328651,
              -22.7990034
            ],
            [
              -43.328844,
              -22.799
            ],
            [
              -43.3294266,
              -22.7989916
            ],
            [
              -43.3294435,
              -22.7990439
            ],
            [
              -43.329587,
              -22.7991082
            ],
            [
              -43.3297106,
              -22.799162
            ],
            [
              -43.3297496,
              -22.7989957
            ],
            [
              -43.3301645,
              -22.7989969
            ],
            [
              -43.3305148,
              -22.7989883
            ],
            [
              -43.3306864,
              -22.8004107
            ],
            [
              -43.3308095,
              -22.8014308
            ],
            [
              -43.3308639,
              -22.8020705
            ],
            [
              -43.3308734,
              -22.8021827
            ],
            [
              -43.3308744,
              -22.8021951
            ],
            [
              -43.3301886,
              -22.802174
            ],
            [
              -43.3292952,
              -22.8020635
            ],
            [
              -43.3286224,
              -22.8018765
            ],
            [
              -43.3286227,
              -22.8018754
            ],
            [
              -43.3286158,
              -22.8018746
            ],
            [
              -43.3279526,
              -22.8015914
            ],
            [
              -43.3272503,
              -22.8012275
            ],
            [
              -43.3267943,
              -22.8009788
            ],
            [
              -43.3267205,
              -22.800951
            ]
          ]
        ]
      },
      "properties": {
        "neighborhood": "Dique da Prainha"
      }
    },
    {
      "type": "Feature",
      "id": 13,
      "geometry": {
        "type": "Polygon",
        "coordinates": [
          [
            [
              -43.2576367,
              -22.6362942
            ],
            [
              -43.2584154,
              -22.6347574
            ],
            [
              -43.2586889,
              -22.6348152
            ],
            [
              -43.2587359,
              -22.6348251
            ],
            [
              -43.2600585,
              -22.6353326
            ],
            [
              -43.2600845,
              -22.6354118
            ],
            [
              -43.2592998,
              -22.6371824
            ],
            [
              -43.2601386,
              -22.6374708
            ],
            [
              -43.2609888,
              -22.6377842
            ],
            [
              -43.2602359,
              -22.6395702
            ],
            [
              -43.2597544,
              -22.6408461
            ],
            [
              -43.2597186,
              -22.6408459
            ],
            [
              -43.2597086,
              -22.6408459
            ],
            [
              -43.258259,
              -22.640839
            ],
            [
              -43.2564369,
              -22.6408725
            ],
            [
              -43.2555143,
              -22.6408775
            ],
            [
              -43.2559106,
              -22.6400589
            ],
            [
              -43.2557956,
              -22.639964
            ],
            [
              -43.2558239,
              -22.6399074
            ],
            [
              -43.2565939,
              -22.6383668
            ],
            [
              -43.2576367,
              -22.6362942
            ]
          ]
        ]
      },
      "properties": {
        "neighborhood": "Nova Campinas A"
      }
    },
    {
      "type": "Feature",
      "id": 14,
      "geometry": {
        "type": "Polygon",
        "coordinates": [
          [
            [
              -43.2902742,
              -22.7037209
            ],
            [
              -43.2902872,
              -22.7029804
            ],
            [
              -43.2903002,
              -22.7018243
            ],
            [
              -43.2901963,
              -22.7011748
            ],
            [
              -43.2900014,
              -22.7002264
            ],
            [
              -43.2888063,
              -22.6962903
            ],
            [
              -43.2885075,
              -22.6954199
            ],
            [
              -43.2905441,
              -22.6966285
            ],
            [
              -43.291045,
              -22.6969682
            ],
            [
              -43.291295,
              -22.6972681
            ],
            [
              -43.2914011,
              -22.6975534
            ],
            [
              -43.2915666,
              -22.6993736
            ],
            [
              -43.2915963,
              -22.6997682
            ],
            [
              -43.2915581,
              -22.7001416
            ],
            [
              -43.2913969,
              -22.7005149
            ],
            [
              -43.2912537,
              -22.7008669
            ],
            [
              -43.2911426,
              -22.7011617
            ],
            [
              -43.291033,
              -22.7014971
            ],
            [
              -43.2908911,
              -22.7019082
            ],
            [
              -43.290654,
              -22.7025948
            ],
            [
              -43.2906095,
              -22.7028418
            ],
            [
              -43.2906095,
              -22.7035679
            ],
            [
              -43.2906342,
              -22.7037013
            ],
            [
              -43.2902742,
              -22.7037209
            ]
          ]
        ]
      },
      "properties": {
        "neighborhood": "Presidente Kennedy"
      }
    },
    {
      "type": "Feature",
      "id": 15,
      "geometry": {
        "type": "Polygon",
        "coordinates": [
          [
            [
              -43.2725199,
              -22.7014557
            ],
            [
              -43.2735527,
              -22.7009915
            ],
            [
              -43.2736624,
              -22.700827
            ],
            [
              -43.2738226,
              -22.7006058
            ],
            [
              -43.2739054,
              -22.7004536
            ],
            [
              -43.2740356,
              -22.7003197
            ],
            [
              -43.27418,
              -22.7001485
            ],
            [
              -43.274304,
              -22.6999883
            ],
            [
              -43.2744172,
              -22.6998475
            ],
            [
              -43.274693,
              -22.6994579
            ],
            [
              -43.2755611,
              -22.7000918
            ],
            [
              -43.2758966,
              -22.7003369
            ],
            [
              -43.2762728,
              -22.7006116
            ],
            [
              -43.2766429,
              -22.7008824
            ],
            [
              -43.2763397,
              -22.7013262
            ],
            [
              -43.2761981,
              -22.7015431
            ],
            [
              -43.2760314,
              -22.7017982
            ],
            [
              -43.2756032,
              -22.7013272
            ],
            [
              -43.2753317,
              -22.7013799
            ],
            [
              -43.2740119,
              -22.701636
            ],
            [
              -43.2736904,
              -22.7016983
            ],
            [
              -43.2734593,
              -22.7016232
            ],
            [
              -43.2731404,
              -22.7015121
            ],
            [
              -43.2725199,
              -22.7014557
            ]
          ]
        ]
      },
      "properties": {
        "neighborhood": "Morro do São Paulo"
      }
    },
    {
      "type": "Feature",
      "id": 16,
      "geometry": {
        "type": "Polygon",
        "coordinates": [
          [
            [
              -43.321498,
              -22.7723934
            ],
            [
              -43.32187,
              -22.7721226
            ],
            [
              -43.3224578,
              -22.7717885
            ],
            [
              -43.3228087,
              -22.7712599
            ],
            [
              -43.323068,
              -22.7711315
            ],
            [
              -43.3237306,
              -22.7708033
            ],
            [
              -43.3239038,
              -22.7708044
            ],
            [
              -43.3240701,
              -22.771918
            ],
            [
              -43.3244967,
              -22.7731812
            ],
            [
              -43.325031,
              -22.7741519
            ],
            [
              -43.3266849,
              -22.7750462
            ],
            [
              -43.3278059,
              -22.7756
            ],
            [
              -43.3275303,
              -22.7760937
            ],
            [
              -43.3255343,
              -22.7760088
            ],
            [
              -43.3255029,
              -22.7759851
            ],
            [
              -43.3255728,
              -22.7759122
            ],
            [
              -43.3255942,
              -22.7752836
            ],
            [
              -43.3253692,
              -22.7752372
            ],
            [
              -43.3251692,
              -22.7752372
            ],
            [
              -43.3250299,
              -22.7752372
            ],
            [
              -43.3249513,
              -22.7752122
            ],
            [
              -43.3248584,
              -22.7751836
            ],
            [
              -43.3246313,
              -22.7750986
            ],
            [
              -43.3245433,
              -22.774998
            ],
            [
              -43.3244352,
              -22.77492
            ],
            [
              -43.3243298,
              -22.7747264
            ],
            [
              -43.3241798,
              -22.7746086
            ],
            [
              -43.3240798,
              -22.7745764
            ],
            [
              -43.3238463,
              -22.7745764
            ],
            [
              -43.3234655,
              -22.7744199
            ],
            [
              -43.3227553,
              -22.7742252
            ],
            [
              -43.3226834,
              -22.7742722
            ],
            [
              -43.3225797,
              -22.7742335
            ],
            [
              -43.3224476,
              -22.7742978
            ],
            [
              -43.3223699,
              -22.7744771
            ],
            [
              -43.3216872,
              -22.7749233
            ],
            [
              -43.3215311,
              -22.7751183
            ],
            [
              -43.3214928,
              -22.7751681
            ],
            [
              -43.3208171,
              -22.7751068
            ],
            [
              -43.3207865,
              -22.7750884
            ],
            [
              -43.3208054,
              -22.7748668
            ],
            [
              -43.320928,
              -22.7745037
            ],
            [
              -43.3209301,
              -22.7742624
            ],
            [
              -43.3207196,
              -22.7739606
            ],
            [
              -43.3206434,
              -22.7738141
            ],
            [
              -43.3204986,
              -22.7735137
            ],
            [
              -43.3202959,
              -22.7731411
            ],
            [
              -43.3201121,
              -22.7727552
            ],
            [
              -43.3201776,
              -22.7724834
            ],
            [
              -43.3202431,
              -22.7722115
            ],
            [
              -43.3202633,
              -22.7721433
            ],
            [
              -43.3205972,
              -22.7721944
            ],
            [
              -43.3212019,
              -22.7725285
            ],
            [
              -43.3212949,
              -22.7725412
            ],
            [
              -43.321498,
              -22.7723934
            ]
          ]
        ]
      },
      "properties": {
        "neighborhood": "Favela do Sapo B"
      }
    },
    {
      "type": "Feature",
      "id": 18,
      "geometry": {
        "type": "Polygon",
        "coordinates": [
          [
            [
              -43.3139806,
              -22.7528445
            ],
            [
              -43.3122512,
              -22.7523072
            ],
            [
              -43.3101954,
              -22.7518532
            ],
            [
              -43.309572,
              -22.751656
            ],
            [
              -43.3094097,
              -22.7515749
            ],
            [
              -43.3091882,
              -22.7514641
            ],
            [
              -43.3089003,
              -22.751327
            ],
            [
              -43.3086584,
              -22.7511902
            ],
            [
              -43.3079203,
              -22.7507697
            ],
            [
              -43.3068715,
              -22.750011
            ],
            [
              -43.3063613,
              -22.749719
            ],
            [
              -43.3067574,
              -22.7492044
            ],
            [
              -43.3071319,
              -22.7495038
            ],
            [
              -43.3074061,
              -22.7497232
            ],
            [
              -43.3089003,
              -22.7506827
            ],
            [
              -43.3097343,
              -22.7509774
            ],
            [
              -43.3126427,
              -22.7517657
            ],
            [
              -43.3126695,
              -22.7517721
            ],
            [
              -43.3147376,
              -22.7522628
            ],
            [
              -43.3174955,
              -22.7529508
            ],
            [
              -43.318977,
              -22.7533221
            ],
            [
              -43.320415,
              -22.7536983
            ],
            [
              -43.3231277,
              -22.7544317
            ],
            [
              -43.3241228,
              -22.7546699
            ],
            [
              -43.3265157,
              -22.7552477
            ],
            [
              -43.3289738,
              -22.7558462
            ],
            [
              -43.3292912,
              -22.7559239
            ],
            [
              -43.3293042,
              -22.7562505
            ],
            [
              -43.3293064,
              -22.7563052
            ],
            [
              -43.3293068,
              -22.756315
            ],
            [
              -43.3293076,
              -22.7563341
            ],
            [
              -43.3293083,
              -22.7563532
            ],
            [
              -43.3293088,
              -22.7563639
            ],
            [
              -43.32931,
              -22.7563953
            ],
            [
              -43.32932,
              -22.756646
            ],
            [
              -43.3293201,
              -22.7566474
            ],
            [
              -43.3280099,
              -22.7563032
            ],
            [
              -43.3268584,
              -22.7560153
            ],
            [
              -43.3260085,
              -22.755796
            ],
            [
              -43.3256521,
              -22.7557
            ],
            [
              -43.3242675,
              -22.7554259
            ],
            [
              -43.3239728,
              -22.7553436
            ],
            [
              -43.3238254,
              -22.7553025
            ],
            [
              -43.3236781,
              -22.7552614
            ],
            [
              -43.3235439,
              -22.7552197
            ],
            [
              -43.321453,
              -22.7546742
            ],
            [
              -43.319903,
              -22.754297
            ],
            [
              -43.3196555,
              -22.7542367
            ],
            [
              -43.3190309,
              -22.7540824
            ],
            [
              -43.3175613,
              -22.753723
            ],
            [
              -43.316893,
              -22.7535596
            ],
            [
              -43.3164048,
              -22.7534402
            ],
            [
              -43.3148986,
              -22.7530718
            ],
            [
              -43.314603,
              -22.7529995
            ],
            [
              -43.314466,
              -22.7529858
            ],
            [
              -43.3139806,
              -22.7528445
            ]
          ]
        ]
      },
      "properties": {
        "neighborhood": "Favela da Jerusalém"
      }
    },
    {
      "type": "Feature",
      "id": 19,
      "geometry": {
        "type": "Polygon",
        "coordinates": [
          [
            [
              -43.2781203,
              -22.8062774
            ],
            [
              -43.277809,
              -22.8059557
            ],
            [
              -43.2773731,
              -22.8053123
            ],
            [
              -43.2771241,
              -22.8046481
            ],
            [
              -43.2770021,
              -22.8042619
            ],
            [
              -43.276875,
              -22.8038594
            ],
            [
              -43.2771316,
              -22.8038015
            ],
            [
              -43.2787887,
              -22.8034273
            ],
            [
              -43.2792097,
              -22.8033322
            ],
            [
              -43.2792449,
              -22.8033328
            ],
            [
              -43.2816106,
              -22.8033704
            ],
            [
              -43.2816101,
              -22.8034031
            ],
            [
              -43.2822255,
              -22.8033781
            ],
            [
              -43.2843219,
              -22.8034054
            ],
            [
              -43.2845108,
              -22.8033659
            ],
            [
              -43.2852443,
              -22.8032125
            ],
            [
              -43.2859603,
              -22.8030628
            ],
            [
              -43.286325,
              -22.8029865
            ],
            [
              -43.2865668,
              -22.8029436
            ],
            [
              -43.2879188,
              -22.8027038
            ],
            [
              -43.2891378,
              -22.8025439
            ],
            [
              -43.2896343,
              -22.8025394
            ],
            [
              -43.2901566,
              -22.8025407
            ],
            [
              -43.2902204,
              -22.8025361
            ],
            [
              -43.290325,
              -22.8025285
            ],
            [
              -43.2903226,
              -22.8025408
            ],
            [
              -43.2902655,
              -22.8028352
            ],
            [
              -43.2901907,
              -22.8032208
            ],
            [
              -43.290163,
              -22.8033633
            ],
            [
              -43.2899401,
              -22.8033163
            ],
            [
              -43.2896975,
              -22.8032652
            ],
            [
              -43.2895896,
              -22.803259
            ],
            [
              -43.2889829,
              -22.8033347
            ],
            [
              -43.288547,
              -22.8034486
            ],
            [
              -43.2880144,
              -22.8036613
            ],
            [
              -43.2876853,
              -22.8037876
            ],
            [
              -43.2872007,
              -22.8039378
            ],
            [
              -43.2870745,
              -22.8039768
            ],
            [
              -43.2867213,
              -22.8040997
            ],
            [
              -43.2863534,
              -22.8041877
            ],
            [
              -43.2861353,
              -22.8042362
            ],
            [
              -43.2860651,
              -22.8042966
            ],
            [
              -43.2860163,
              -22.8043252
            ],
            [
              -43.2860108,
              -22.8043284
            ],
            [
              -43.2856122,
              -22.8043237
            ],
            [
              -43.2852384,
              -22.8043174
            ],
            [
              -43.2852052,
              -22.8043168
            ],
            [
              -43.2849714,
              -22.80432
            ],
            [
              -43.2848043,
              -22.8043238
            ],
            [
              -43.2844133,
              -22.8043238
            ],
            [
              -43.2840217,
              -22.8043013
            ],
            [
              -43.2836179,
              -22.8043069
            ],
            [
              -43.2832147,
              -22.8042956
            ],
            [
              -43.2828768,
              -22.804283
            ],
            [
              -43.2828338,
              -22.8042813
            ],
            [
              -43.2828255,
              -22.8042903
            ],
            [
              -43.282814,
              -22.8043263
            ],
            [
              -43.2828134,
              -22.8043536
            ],
            [
              -43.2828106,
              -22.8044575
            ],
            [
              -43.2827667,
              -22.8045184
            ],
            [
              -43.2824444,
              -22.8045115
            ],
            [
              -43.2824026,
              -22.8044289
            ],
            [
              -43.2824021,
              -22.8042906
            ],
            [
              -43.2822161,
              -22.8042889
            ],
            [
              -43.2815977,
              -22.804283
            ],
            [
              -43.2815979,
              -22.804256
            ],
            [
              -43.2807795,
              -22.8042457
            ],
            [
              -43.279986,
              -22.8042459
            ],
            [
              -43.2792349,
              -22.8042414
            ],
            [
              -43.2787944,
              -22.804238
            ],
            [
              -43.2788201,
              -22.8046362
            ],
            [
              -43.2788188,
              -22.8048695
            ],
            [
              -43.2788206,
              -22.8051235
            ],
            [
              -43.2789974,
              -22.805192
            ],
            [
              -43.2791932,
              -22.8054688
            ],
            [
              -43.2791673,
              -22.8062693
            ],
            [
              -43.2791782,
              -22.8062697
            ],
            [
              -43.2795807,
              -22.8062906
            ],
            [
              -43.279977,
              -22.8063099
            ],
            [
              -43.2799647,
              -22.8071705
            ],
            [
              -43.2799609,
              -22.8074419
            ],
            [
              -43.2797277,
              -22.8074322
            ],
            [
              -43.2795981,
              -22.8074251
            ],
            [
              -43.2790904,
              -22.8073973
            ],
            [
              -43.2790763,
              -22.8073801
            ],
            [
              -43.278743,
              -22.8069727
            ],
            [
              -43.2784317,
              -22.8065991
            ],
            [
              -43.2781203,
              -22.8062774
            ]
          ]
        ]
      },
      "properties": {
        "neighborhood": "Parque das Missões"
      }
    },
    {
      "type": "Feature",
      "id": 20,
      "geometry": {
        "type": "Polygon",
        "coordinates": [
          [
            [
              -43.2451742,
              -22.6290917
            ],
            [
              -43.2462071,
              -22.6282161
            ],
            [
              -43.2469305,
              -22.6276657
            ],
            [
              -43.24754,
              -22.6277772
            ],
            [
              -43.2484291,
              -22.6279511
            ],
            [
              -43.249032,
              -22.6280709
            ],
            [
              -43.2505908,
              -22.6283902
            ],
            [
              -43.2506048,
              -22.6283932
            ],
            [
              -43.2504753,
              -22.6289298
            ],
            [
              -43.249502,
              -22.6287392
            ],
            [
              -43.2485571,
              -22.6295584
            ],
            [
              -43.2486503,
              -22.6308075
            ],
            [
              -43.2487477,
              -22.6311481
            ],
            [
              -43.2494696,
              -22.6320166
            ],
            [
              -43.2501468,
              -22.6328311
            ],
            [
              -43.2496257,
              -22.6333112
            ],
            [
              -43.2496123,
              -22.6332942
            ],
            [
              -43.2490417,
              -22.6325682
            ],
            [
              -43.2481643,
              -22.6314322
            ],
            [
              -43.2480509,
              -22.631167
            ],
            [
              -43.2479548,
              -22.6300492
            ],
            [
              -43.2479192,
              -22.6299254
            ],
            [
              -43.2478538,
              -22.6298223
            ],
            [
              -43.2476891,
              -22.6296174
            ],
            [
              -43.2451742,
              -22.6290917
            ]
          ]
        ]
      },
      "properties": {
        "neighborhood": "Beira do Rio"
      }
    },
    {
      "type": "Feature",
      "id": 21,
      "geometry": {
        "type": "Polygon",
        "coordinates": [
          [
            [
              -43.3119699,
              -22.7954992
            ],
            [
              -43.3119365,
              -22.7954937
            ],
            [
              -43.3115739,
              -22.7954348
            ],
            [
              -43.311427,
              -22.7954193
            ],
            [
              -43.3114197,
              -22.7954185
            ],
            [
              -43.3114125,
              -22.7954177
            ],
            [
              -43.3115403,
              -22.7951108
            ],
            [
              -43.3117035,
              -22.7948616
            ],
            [
              -43.311728,
              -22.7948243
            ],
            [
              -43.3117768,
              -22.7947674
            ],
            [
              -43.3119762,
              -22.794535
            ],
            [
              -43.3126568,
              -22.7939404
            ],
            [
              -43.3129866,
              -22.7936523
            ],
            [
              -43.313739,
              -22.7929414
            ],
            [
              -43.3138148,
              -22.7928697
            ],
            [
              -43.3140898,
              -22.7925902
            ],
            [
              -43.314207,
              -22.7924144
            ],
            [
              -43.3142889,
              -22.7922639
            ],
            [
              -43.3143298,
              -22.7921886
            ],
            [
              -43.3143407,
              -22.7921684
            ],
            [
              -43.3143707,
              -22.7921133
            ],
            [
              -43.31442,
              -22.7921845
            ],
            [
              -43.3143643,
              -22.7922984
            ],
            [
              -43.3142768,
              -22.7924761
            ],
            [
              -43.3142185,
              -22.7925848
            ],
            [
              -43.314192,
              -22.7926643
            ],
            [
              -43.3141973,
              -22.7927968
            ],
            [
              -43.3142405,
              -22.7929581
            ],
            [
              -43.3143271,
              -22.793046
            ],
            [
              -43.3145763,
              -22.7932952
            ],
            [
              -43.3148144,
              -22.79353
            ],
            [
              -43.3153983,
              -22.7929942
            ],
            [
              -43.315666,
              -22.7932157
            ],
            [
              -43.316106,
              -22.7935869
            ],
            [
              -43.3172798,
              -22.7945864
            ],
            [
              -43.3175066,
              -22.7947795
            ],
            [
              -43.3183581,
              -22.7956034
            ],
            [
              -43.318312,
              -22.7956379
            ],
            [
              -43.3182912,
              -22.7956535
            ],
            [
              -43.3182197,
              -22.7957018
            ],
            [
              -43.3181029,
              -22.7958099
            ],
            [
              -43.3179865,
              -22.7956958
            ],
            [
              -43.3178776,
              -22.7958177
            ],
            [
              -43.3177232,
              -22.7960038
            ],
            [
              -43.317406,
              -22.795753
            ],
            [
              -43.3172083,
              -22.7955834
            ],
            [
              -43.3169997,
              -22.7954119
            ],
            [
              -43.3168138,
              -22.7952509
            ],
            [
              -43.3162626,
              -22.7958879
            ],
            [
              -43.3160652,
              -22.7960462
            ],
            [
              -43.3158623,
              -22.7960518
            ],
            [
              -43.3156895,
              -22.7960161
            ],
            [
              -43.3152636,
              -22.7959498
            ],
            [
              -43.3147838,
              -22.7958752
            ],
            [
              -43.3142959,
              -22.7958205
            ],
            [
              -43.3128116,
              -22.7956215
            ],
            [
              -43.3119699,
              -22.7954992
            ]
          ]
        ]
      },
      "properties": {
        "neighborhood": "Vila Ideal"
      }
    },
    {
      "type": "Feature",
      "id": 22,
      "geometry": {
        "type": "Polygon",
        "coordinates": [
          [
            [
              -43.280774,
              -22.6446554
            ],
            [
              -43.2808451,
              -22.6449241
            ],
            [
              -43.2808735,
              -22.6449279
            ],
            [
              -43.2809928,
              -22.6449241
            ],
            [
              -43.2810042,
              -22.6449146
            ],
            [
              -43.2810761,
              -22.64489
            ],
            [
              -43.2810742,
              -22.6448616
            ],
            [
              -43.2811557,
              -22.6448654
            ],
            [
              -43.2811595,
              -22.6448729
            ],
            [
              -43.2813868,
              -22.6448369
            ],
            [
              -43.2817883,
              -22.6447782
            ],
            [
              -43.2818906,
              -22.6447725
            ],
            [
              -43.2822354,
              -22.6447025
            ],
            [
              -43.282241,
              -22.6446892
            ],
            [
              -43.2823017,
              -22.6446797
            ],
            [
              -43.282421,
              -22.6446684
            ],
            [
              -43.2824134,
              -22.6446059
            ],
            [
              -43.2825176,
              -22.6445793
            ],
            [
              -43.2825138,
              -22.6445623
            ],
            [
              -43.2825574,
              -22.6445547
            ],
            [
              -43.2825649,
              -22.6445737
            ],
            [
              -43.28294,
              -22.6445055
            ],
            [
              -43.2831502,
              -22.6444543
            ],
            [
              -43.2831483,
              -22.6444354
            ],
            [
              -43.2832411,
              -22.6444089
            ],
            [
              -43.2833283,
              -22.6444221
            ],
            [
              -43.2836474,
              -22.644397
            ],
            [
              -43.2836525,
              -22.64548
            ],
            [
              -43.2826239,
              -22.6455066
            ],
            [
              -43.2805384,
              -22.6455066
            ],
            [
              -43.2805033,
              -22.6458761
            ],
            [
              -43.2798257,
              -22.6458937
            ],
            [
              -43.2786818,
              -22.6458849
            ],
            [
              -43.2784354,
              -22.6458761
            ],
            [
              -43.2782677,
              -22.6459569
            ],
            [
              -43.2782003,
              -22.6459641
            ],
            [
              -43.2781335,
              -22.6458692
            ],
            [
              -43.2783288,
              -22.6456599
            ],
            [
              -43.2784266,
              -22.645571
            ],
            [
              -43.2787152,
              -22.6453605
            ],
            [
              -43.2792139,
              -22.6450936
            ],
            [
              -43.2795716,
              -22.6449777
            ],
            [
              -43.2799998,
              -22.6448518
            ],
            [
              -43.2802315,
              -22.644746
            ],
            [
              -43.2806445,
              -22.6446855
            ],
            [
              -43.280774,
              -22.6446554
            ]
          ]
        ]
      },
      "properties": {
        "neighborhood": "Favela de Santa Cruz da Serra B"
      }
    },
    {
      "type": "Feature",
      "id": 23,
      "geometry": {
        "type": "Polygon",
        "coordinates": [
          [
            [
              -43.3035108,
              -22.7199643
            ],
            [
              -43.3048942,
              -22.7192265
            ],
            [
              -43.3062623,
              -22.7185621
            ],
            [
              -43.3068926,
              -22.7194759
            ],
            [
              -43.3075019,
              -22.7203275
            ],
            [
              -43.3082634,
              -22.7215322
            ],
            [
              -43.3088311,
              -22.7223963
            ],
            [
              -43.3065867,
              -22.7235266
            ],
            [
              -43.3057524,
              -22.7239316
            ],
            [
              -43.3039938,
              -22.7248323
            ],
            [
              -43.3037142,
              -22.7243538
            ],
            [
              -43.3034588,
              -22.7239166
            ],
            [
              -43.3032317,
              -22.7235278
            ],
            [
              -43.302989,
              -22.7231123
            ],
            [
              -43.3027721,
              -22.7227411
            ],
            [
              -43.3027556,
              -22.7227107
            ],
            [
              -43.3025396,
              -22.7223109
            ],
            [
              -43.3023247,
              -22.721913
            ],
            [
              -43.3012179,
              -22.7224585
            ],
            [
              -43.3007122,
              -22.7212816
            ],
            [
              -43.3017438,
              -22.7208406
            ],
            [
              -43.3035108,
              -22.7199643
            ]
          ]
        ]
      },
      "properties": {
        "neighborhood": "Favela do Parque Angola A"
      }
    },
    {
      "type": "Feature",
      "id": 24,
      "geometry": {
        "type": "Polygon",
        "coordinates": [
          [
            [
              -43.2913906,
              -22.6802523
            ],
            [
              -43.2915774,
              -22.6801908
            ],
            [
              -43.2923567,
              -22.6816719
            ],
            [
              -43.2930137,
              -22.6829357
            ],
            [
              -43.2930904,
              -22.6838302
            ],
            [
              -43.2930948,
              -22.6851172
            ],
            [
              -43.2929908,
              -22.6870534
            ],
            [
              -43.293022,
              -22.6874185
            ],
            [
              -43.2930812,
              -22.6876024
            ],
            [
              -43.2932046,
              -22.6879503
            ],
            [
              -43.293357,
              -22.688227
            ],
            [
              -43.2931612,
              -22.6882717
            ],
            [
              -43.2929719,
              -22.6877614
            ],
            [
              -43.2928556,
              -22.6871115
            ],
            [
              -43.292908,
              -22.6850912
            ],
            [
              -43.2929369,
              -22.6839866
            ],
            [
              -43.2928516,
              -22.683392
            ],
            [
              -43.2928541,
              -22.6830456
            ],
            [
              -43.2926626,
              -22.6826115
            ],
            [
              -43.2924489,
              -22.6821667
            ],
            [
              -43.2918193,
              -22.6809364
            ],
            [
              -43.2914319,
              -22.6803182
            ],
            [
              -43.2913906,
              -22.6802523
            ]
          ]
        ]
      },
      "properties": {
        "neighborhood": "Comunidade da Fumacinha"
      }
    },
    {
      "type": "Feature",
      "id": 26,
      "geometry": {
        "type": "Polygon",
        "coordinates": [
          [
            [
              -43.3146313,
              -22.7320586
            ],
            [
              -43.3146025,
              -22.7321547
            ],
            [
              -43.3144941,
              -22.7325691
            ],
            [
              -43.3140929,
              -22.7324882
            ],
            [
              -43.3119632,
              -22.7320591
            ],
            [
              -43.3115297,
              -22.7319571
            ],
            [
              -43.3121481,
              -22.7293433
            ],
            [
              -43.3121937,
              -22.7291717
            ],
            [
              -43.312504,
              -22.7292699
            ],
            [
              -43.3132384,
              -22.7294152
            ],
            [
              -43.3133523,
              -22.7294113
            ],
            [
              -43.3134191,
              -22.7294348
            ],
            [
              -43.3137686,
              -22.7297962
            ],
            [
              -43.3137988,
              -22.7298458
            ],
            [
              -43.3138223,
              -22.7299178
            ],
            [
              -43.313871,
              -22.7299353
            ],
            [
              -43.3139014,
              -22.7299561
            ],
            [
              -43.3141308,
              -22.7301131
            ],
            [
              -43.3143942,
              -22.7303217
            ],
            [
              -43.3145224,
              -22.7303593
            ],
            [
              -43.3146062,
              -22.730426
            ],
            [
              -43.3146084,
              -22.7304284
            ],
            [
              -43.3146882,
              -22.7305132
            ],
            [
              -43.3146983,
              -22.7305425
            ],
            [
              -43.3147235,
              -22.730575
            ],
            [
              -43.31473,
              -22.7311219
            ],
            [
              -43.3147259,
              -22.7311584
            ],
            [
              -43.3146724,
              -22.7316391
            ],
            [
              -43.3146708,
              -22.7316541
            ],
            [
              -43.3147113,
              -22.7316861
            ],
            [
              -43.3147172,
              -22.7317722
            ],
            [
              -43.3146313,
              -22.7320586
            ]
          ]
        ]
      },
      "properties": {
        "neighborhood": "Garibaldi"
      }
    },
    {
      "type": "Feature",
      "id": 27,
      "geometry": {
        "type": "Polygon",
        "coordinates": [
          [
            [
              -43.2498385,
              -22.6496881
            ],
            [
              -43.2501729,
              -22.6488593
            ],
            [
              -43.2507222,
              -22.6490781
            ],
            [
              -43.2510931,
              -22.6492204
            ],
            [
              -43.251727,
              -22.649189
            ],
            [
              -43.2518424,
              -22.6492087
            ],
            [
              -43.2519298,
              -22.649249
            ],
            [
              -43.2520581,
              -22.6490143
            ],
            [
              -43.2521358,
              -22.6490503
            ],
            [
              -43.252185,
              -22.6489783
            ],
            [
              -43.2523063,
              -22.6490351
            ],
            [
              -43.2523215,
              -22.6490218
            ],
            [
              -43.2524086,
              -22.6489612
            ],
            [
              -43.2525829,
              -22.6488968
            ],
            [
              -43.2527724,
              -22.6488741
            ],
            [
              -43.2533256,
              -22.6490332
            ],
            [
              -43.2538031,
              -22.6491772
            ],
            [
              -43.2535079,
              -22.6499369
            ],
            [
              -43.2534627,
              -22.6500408
            ],
            [
              -43.2528855,
              -22.6513668
            ],
            [
              -43.2527231,
              -22.6517378
            ],
            [
              -43.2526781,
              -22.6517099
            ],
            [
              -43.2525758,
              -22.6515792
            ],
            [
              -43.2520908,
              -22.6512248
            ],
            [
              -43.2515887,
              -22.6509198
            ],
            [
              -43.2510809,
              -22.6505049
            ],
            [
              -43.250971,
              -22.6504575
            ],
            [
              -43.2506944,
              -22.6502567
            ],
            [
              -43.2504311,
              -22.6500786
            ],
            [
              -43.2503799,
              -22.6499914
            ],
            [
              -43.2498385,
              -22.6496881
            ]
          ]
        ]
      },
      "properties": {
        "neighborhood": "Nova Campinas B"
      }
    },
    {
      "type": "Feature",
      "id": 28,
      "geometry": {
        "type": "Polygon",
        "coordinates": [
          [
            [
              -43.2836273,
              -22.7064047
            ],
            [
              -43.2836405,
              -22.7064123
            ],
            [
              -43.2836191,
              -22.7064552
            ],
            [
              -43.2835813,
              -22.706516
            ],
            [
              -43.283333,
              -22.7066997
            ],
            [
              -43.2832713,
              -22.7066848
            ],
            [
              -43.282754,
              -22.7065076
            ],
            [
              -43.2825007,
              -22.7066683
            ],
            [
              -43.2819753,
              -22.7068737
            ],
            [
              -43.2816553,
              -22.7067567
            ],
            [
              -43.2815648,
              -22.7067531
            ],
            [
              -43.281377,
              -22.7066412
            ],
            [
              -43.2814678,
              -22.7065292
            ],
            [
              -43.2816979,
              -22.7062751
            ],
            [
              -43.2821082,
              -22.7058573
            ],
            [
              -43.282411,
              -22.7055673
            ],
            [
              -43.2824434,
              -22.7055546
            ],
            [
              -43.2826415,
              -22.7056876
            ],
            [
              -43.2834228,
              -22.7062601
            ],
            [
              -43.2836273,
              -22.7064047
            ]
          ]
        ]
      },
      "properties": {
        "neighborhood": "Vila Actura"
      }
    },
    {
      "type": "Feature",
      "id": 29,
      "geometry": {
        "type": "MultiPolygon",
        "coordinates": [
          [
            [
              [
                -43.3079553,
                -22.7953587
              ],
              [
                -43.3077873,
                -22.7953182
              ],
              [
                -43.3076599,
                -22.7952545
              ],
              [
                -43.3075325,
                -22.7951618
              ],
              [
                -43.3074573,
                -22.795046
              ],
              [
                -43.3074085,
                -22.7949052
              ],
              [
                -43.3074051,
                -22.7948954
              ],
              [
                -43.3073878,
                -22.7947738
              ],
              [
                -43.3073918,
                -22.7947402
              ],
              [
                -43.3073996,
                -22.794674
              ],
              [
                -43.3075469,
                -22.794562
              ],
              [
                -43.3076314,
                -22.7945152
              ],
              [
                -43.3077425,
                -22.7944538
              ],
              [
                -43.3077494,
                -22.79445
              ],
              [
                -43.3079416,
                -22.7943672
              ],
              [
                -43.3079596,
                -22.7943595
              ],
              [
                -43.3081124,
                -22.7942793
              ],
              [
                -43.3082763,
                -22.7944563
              ],
              [
                -43.3084505,
                -22.79468
              ],
              [
                -43.3084637,
                -22.7946969
              ],
              [
                -43.3081061,
                -22.7949306
              ],
              [
                -43.3081353,
                -22.7949585
              ],
              [
                -43.3082189,
                -22.7950382
              ],
              [
                -43.3082426,
                -22.7950607
              ],
              [
                -43.3084034,
                -22.795214
              ],
              [
                -43.3084357,
                -22.7952448
              ],
              [
                -43.3082043,
                -22.7953297
              ],
              [
                -43.3079553,
                -22.7953587
              ]
            ]
          ],
          [
            [
              [
                -43.2957952,
                -22.7886424
              ],
              [
                -43.2956286,
                -22.7885902
              ],
              [
                -43.2955071,
                -22.7885397
              ],
              [
                -43.2953701,
                -22.7887782
              ],
              [
                -43.2952151,
                -22.7887018
              ],
              [
                -43.2950496,
                -22.7886201
              ],
              [
                -43.2948227,
                -22.7885082
              ],
              [
                -43.2948104,
                -22.7885022
              ],
              [
                -43.2942378,
                -22.7882226
              ],
              [
                -43.2939764,
                -22.788095
              ],
              [
                -43.2938417,
                -22.7880004
              ],
              [
                -43.2937186,
                -22.7879263
              ],
              [
                -43.2936064,
                -22.7878671
              ],
              [
                -43.2933603,
                -22.7877372
              ],
              [
                -43.2930687,
                -22.7875834
              ],
              [
                -43.2927985,
                -22.7874408
              ],
              [
                -43.2925907,
                -22.7873427
              ],
              [
                -43.2924137,
                -22.7872543
              ],
              [
                -43.292527,
                -22.7872389
              ],
              [
                -43.2927914,
                -22.7871593
              ],
              [
                -43.2935829,
                -22.7864362
              ],
              [
                -43.2941415,
                -22.7859805
              ],
              [
                -43.2946967,
                -22.7854996
              ],
              [
                -43.2947744,
                -22.7854776
              ],
              [
                -43.2948554,
                -22.7854911
              ],
              [
                -43.2960215,
                -22.7860447
              ],
              [
                -43.2967261,
                -22.7863766
              ],
              [
                -43.2969237,
                -22.7863091
              ],
              [
                -43.2969766,
                -22.7862894
              ],
              [
                -43.2976514,
                -22.7866241
              ],
              [
                -43.2983874,
                -22.7869673
              ],
              [
                -43.2985445,
                -22.7870405
              ],
              [
                -43.2978446,
                -22.7884182
              ],
              [
                -43.2977737,
                -22.7884935
              ],
              [
                -43.2976962,
                -22.7885467
              ],
              [
                -43.2976104,
                -22.788758
              ],
              [
                -43.2975034,
                -22.7890216
              ],
              [
                -43.2973165,
                -22.788845
              ],
              [
                -43.2971441,
                -22.7890548
              ],
              [
                -43.2970943,
                -22.7890139
              ],
              [
                -43.2969346,
                -22.7889386
              ],
              [
                -43.2967313,
                -22.7888824
              ],
              [
                -43.296275,
                -22.7887509
              ],
              [
                -43.2959871,
                -22.7886993
              ],
              [
                -43.2959635,
                -22.7886923
              ],
              [
                -43.2957952,
                -22.7886424
              ]
            ]
          ]
        ]
      },
      "properties": {
        "neighborhood": "Vila Operária"
      }
    },
    {
      "type": "Feature",
      "id": 30,
      "geometry": {
        "type": "Polygon",
        "coordinates": [
          [
            [
              -43.2292318,
              -22.6220616
            ],
            [
              -43.2298146,
              -22.6209167
            ],
            [
              -43.2296697,
              -22.6200711
            ],
            [
              -43.2292973,
              -22.6195513
            ],
            [
              -43.2294343,
              -22.6193284
            ],
            [
              -43.2310333,
              -22.6190092
            ],
            [
              -43.2311593,
              -22.6190903
            ],
            [
              -43.2313578,
              -22.6191885
            ],
            [
              -43.2320396,
              -22.6193964
            ],
            [
              -43.2319156,
              -22.6197864
            ],
            [
              -43.2312656,
              -22.621831
            ],
            [
              -43.2312094,
              -22.6220078
            ],
            [
              -43.2292318,
              -22.6220616
            ]
          ]
        ]
      },
      "properties": {
        "neighborhood": "Av. Ângela Garzon"
      }
    },
    {
      "type": "Feature",
      "id": 31,
      "geometry": {
        "type": "Polygon",
        "coordinates": [
          [
            [
              -43.3147235,
              -22.730575
            ],
            [
              -43.3146983,
              -22.7305425
            ],
            [
              -43.3146882,
              -22.7305132
            ],
            [
              -43.3146084,
              -22.7304284
            ],
            [
              -43.3146062,
              -22.730426
            ],
            [
              -43.3145224,
              -22.7303593
            ],
            [
              -43.3143942,
              -22.7303217
            ],
            [
              -43.3141308,
              -22.7301131
            ],
            [
              -43.3139014,
              -22.7299561
            ],
            [
              -43.313871,
              -22.7299353
            ],
            [
              -43.3138223,
              -22.7299178
            ],
            [
              -43.3137988,
              -22.7298458
            ],
            [
              -43.3137686,
              -22.7297962
            ],
            [
              -43.3138026,
              -22.729778
            ],
            [
              -43.3139811,
              -22.729653
            ],
            [
              -43.3140419,
              -22.7296378
            ],
            [
              -43.3141001,
              -22.7296549
            ],
            [
              -43.3141514,
              -22.729684
            ],
            [
              -43.3142088,
              -22.7297184
            ],
            [
              -43.3143736,
              -22.7298635
            ],
            [
              -43.314408,
              -22.7298121
            ],
            [
              -43.3145487,
              -22.7297686
            ],
            [
              -43.3148696,
              -22.7296694
            ],
            [
              -43.3149076,
              -22.7296862
            ],
            [
              -43.314914,
              -22.7296782
            ],
            [
              -43.3149914,
              -22.7295806
            ],
            [
              -43.3150137,
              -22.7295527
            ],
            [
              -43.3164747,
              -22.7298786
            ],
            [
              -43.3165098,
              -22.7299076
            ],
            [
              -43.3165186,
              -22.7299148
            ],
            [
              -43.3165233,
              -22.7299187
            ],
            [
              -43.3165414,
              -22.7299336
            ],
            [
              -43.3172013,
              -22.7297451
            ],
            [
              -43.3173544,
              -22.7300397
            ],
            [
              -43.3173701,
              -22.7301496
            ],
            [
              -43.317378,
              -22.7308212
            ],
            [
              -43.316821,
              -22.7311729
            ],
            [
              -43.3166361,
              -22.7312877
            ],
            [
              -43.3166541,
              -22.7313653
            ],
            [
              -43.3166883,
              -22.7315738
            ],
            [
              -43.316743,
              -22.7316831
            ],
            [
              -43.3169275,
              -22.7317754
            ],
            [
              -43.3171292,
              -22.7317925
            ],
            [
              -43.3172864,
              -22.7317378
            ],
            [
              -43.3171376,
              -22.7319052
            ],
            [
              -43.3169767,
              -22.7321314
            ],
            [
              -43.3168241,
              -22.7322664
            ],
            [
              -43.3167242,
              -22.7323075
            ],
            [
              -43.3166156,
              -22.7323075
            ],
            [
              -43.316507,
              -22.7323075
            ],
            [
              -43.3161078,
              -22.7322136
            ],
            [
              -43.3158612,
              -22.7321725
            ],
            [
              -43.3156733,
              -22.732196
            ],
            [
              -43.3155383,
              -22.7322723
            ],
            [
              -43.3149709,
              -22.7326812
            ],
            [
              -43.3149691,
              -22.7326811
            ],
            [
              -43.3144941,
              -22.7325691
            ],
            [
              -43.3146025,
              -22.7321547
            ],
            [
              -43.3146313,
              -22.7320586
            ],
            [
              -43.3147172,
              -22.7317722
            ],
            [
              -43.3147113,
              -22.7316861
            ],
            [
              -43.3146708,
              -22.7316541
            ],
            [
              -43.3146724,
              -22.7316391
            ],
            [
              -43.3147259,
              -22.7311584
            ],
            [
              -43.31473,
              -22.7311219
            ],
            [
              -43.3147235,
              -22.730575
            ]
          ]
        ]
      },
      "properties": {
        "neighborhood": "Favela do Celta"
      }
    },
    {
      "type": "Feature",
      "id": 32,
      "geometry": {
        "type": "Polygon",
        "coordinates": [
          [
            [
              -43.3243278,
              -22.7423331
            ],
            [
              -43.324437,
              -22.7421352
            ],
            [
              -43.3244571,
              -22.7419898
            ],
            [
              -43.3244646,
              -22.7418017
            ],
            [
              -43.3244746,
              -22.7415233
            ],
            [
              -43.3245423,
              -22.741423
            ],
            [
              -43.3248934,
              -22.7410723
            ],
            [
              -43.3252269,
              -22.7407811
            ],
            [
              -43.3255905,
              -22.7405328
            ],
            [
              -43.3260494,
              -22.740247
            ],
            [
              -43.3261823,
              -22.7401291
            ],
            [
              -43.3263553,
              -22.7399009
            ],
            [
              -43.3265409,
              -22.7397154
            ],
            [
              -43.3267172,
              -22.7396489
            ],
            [
              -43.3268382,
              -22.7396338
            ],
            [
              -43.3269954,
              -22.739661
            ],
            [
              -43.3271223,
              -22.7397245
            ],
            [
              -43.3272071,
              -22.7398644
            ],
            [
              -43.3276824,
              -22.7405225
            ],
            [
              -43.3277844,
              -22.7406496
            ],
            [
              -43.3279205,
              -22.7407403
            ],
            [
              -43.3281049,
              -22.7408038
            ],
            [
              -43.32825,
              -22.7408219
            ],
            [
              -43.3284102,
              -22.7407978
            ],
            [
              -43.3285957,
              -22.7407572
            ],
            [
              -43.3286766,
              -22.740756
            ],
            [
              -43.3287098,
              -22.7412762
            ],
            [
              -43.3287101,
              -22.7412801
            ],
            [
              -43.3287119,
              -22.7413078
            ],
            [
              -43.3287137,
              -22.7413365
            ],
            [
              -43.3287182,
              -22.7414079
            ],
            [
              -43.3287472,
              -22.741861
            ],
            [
              -43.3287485,
              -22.7418805
            ],
            [
              -43.3287707,
              -22.7422285
            ],
            [
              -43.3288106,
              -22.7430224
            ],
            [
              -43.328839,
              -22.743587
            ],
            [
              -43.3287105,
              -22.7435013
            ],
            [
              -43.3285062,
              -22.7433933
            ],
            [
              -43.3282614,
              -22.7433259
            ],
            [
              -43.3280841,
              -22.7432314
            ],
            [
              -43.3280002,
              -22.7432761
            ],
            [
              -43.3277924,
              -22.74359
            ],
            [
              -43.327694,
              -22.7437048
            ],
            [
              -43.3274529,
              -22.7434623
            ],
            [
              -43.3269161,
              -22.7431023
            ],
            [
              -43.3268046,
              -22.7430171
            ],
            [
              -43.3267328,
              -22.7431295
            ],
            [
              -43.3255939,
              -22.7442623
            ],
            [
              -43.3254635,
              -22.744122
            ],
            [
              -43.3253027,
              -22.7439728
            ],
            [
              -43.3241258,
              -22.7426542
            ],
            [
              -43.3243278,
              -22.7423331
            ]
          ]
        ]
      },
      "properties": {
        "neighborhood": "Sossego"
      }
    },
    {
      "type": "Feature",
      "id": 33,
      "geometry": {
        "type": "Polygon",
        "coordinates": [
          [
            [
              -43.2297584,
              -22.6104156
            ],
            [
              -43.2298153,
              -22.6101762
            ],
            [
              -43.2297836,
              -22.6098117
            ],
            [
              -43.2298945,
              -22.6096691
            ],
            [
              -43.230259,
              -22.6098117
            ],
            [
              -43.2302696,
              -22.6095001
            ],
            [
              -43.2305232,
              -22.6091673
            ],
            [
              -43.2308295,
              -22.609125
            ],
            [
              -43.2309458,
              -22.6089031
            ],
            [
              -43.2312363,
              -22.6085756
            ],
            [
              -43.2315216,
              -22.6085862
            ],
            [
              -43.2316651,
              -22.6088761
            ],
            [
              -43.2319017,
              -22.6087288
            ],
            [
              -43.232061,
              -22.608555
            ],
            [
              -43.2322034,
              -22.6083137
            ],
            [
              -43.2323144,
              -22.6081688
            ],
            [
              -43.2324399,
              -22.6080578
            ],
            [
              -43.2325565,
              -22.6079716
            ],
            [
              -43.2326362,
              -22.60805
            ],
            [
              -43.2327181,
              -22.6081596
            ],
            [
              -43.2327498,
              -22.608326
            ],
            [
              -43.2326045,
              -22.6084567
            ],
            [
              -43.232454,
              -22.6085228
            ],
            [
              -43.2322559,
              -22.6087143
            ],
            [
              -43.2314569,
              -22.6093733
            ],
            [
              -43.2314001,
              -22.6095542
            ],
            [
              -43.2312205,
              -22.6101564
            ],
            [
              -43.2313063,
              -22.6103941
            ],
            [
              -43.2315269,
              -22.6106319
            ],
            [
              -43.2326745,
              -22.6110082
            ],
            [
              -43.2323747,
              -22.611436
            ],
            [
              -43.2320896,
              -22.6113266
            ],
            [
              -43.2306731,
              -22.6107829
            ],
            [
              -43.2297584,
              -22.6104156
            ]
          ]
        ]
      },
      "properties": {
        "neighborhood": "Travessa Soledade"
      }
    },
    {
      "type": "Feature",
      "id": 35,
      "geometry": {
        "type": "Polygon",
        "coordinates": [
          [
            [
              -43.3200588,
              -22.7456731
            ],
            [
              -43.3202978,
              -22.74523
            ],
            [
              -43.3204303,
              -22.7450389
            ],
            [
              -43.3205384,
              -22.7449634
            ],
            [
              -43.3212443,
              -22.7446862
            ],
            [
              -43.3214403,
              -22.744906
            ],
            [
              -43.3215691,
              -22.7450506
            ],
            [
              -43.3219032,
              -22.7454253
            ],
            [
              -43.3222342,
              -22.7457965
            ],
            [
              -43.3225652,
              -22.7461677
            ],
            [
              -43.3222524,
              -22.7464034
            ],
            [
              -43.3213628,
              -22.7471181
            ],
            [
              -43.3213396,
              -22.7470713
            ],
            [
              -43.3200588,
              -22.7456731
            ]
          ]
        ]
      },
      "properties": {
        "neighborhood": "Favela do Pantanal"
      }
    },
    {
      "type": "Feature",
      "id": 36,
      "geometry": {
        "type": "Polygon",
        "coordinates": [
          [
            [
              -43.26995,
              -22.7515727
            ],
            [
              -43.2698818,
              -22.7516977
            ],
            [
              -43.2698866,
              -22.7517536
            ],
            [
              -43.2702211,
              -22.7519584
            ],
            [
              -43.2702515,
              -22.7523744
            ],
            [
              -43.2702421,
              -22.7524163
            ],
            [
              -43.2719354,
              -22.7535625
            ],
            [
              -43.2741109,
              -22.7550629
            ],
            [
              -43.2738078,
              -22.7554254
            ],
            [
              -43.2732066,
              -22.7561441
            ],
            [
              -43.2725069,
              -22.7569446
            ],
            [
              -43.2707218,
              -22.7585443
            ],
            [
              -43.2711398,
              -22.7589389
            ],
            [
              -43.2706459,
              -22.7593651
            ],
            [
              -43.2703737,
              -22.7596
            ],
            [
              -43.2703713,
              -22.7596021
            ],
            [
              -43.2702006,
              -22.7596547
            ],
            [
              -43.2699862,
              -22.7597315
            ],
            [
              -43.2696817,
              -22.7598216
            ],
            [
              -43.2696369,
              -22.7598236
            ],
            [
              -43.2693366,
              -22.7597076
            ],
            [
              -43.269244,
              -22.7593773
            ],
            [
              -43.2692247,
              -22.759358
            ],
            [
              -43.2692076,
              -22.7592669
            ],
            [
              -43.2693634,
              -22.7587297
            ],
            [
              -43.2700074,
              -22.7577201
            ],
            [
              -43.270742,
              -22.7569539
            ],
            [
              -43.2708732,
              -22.7564531
            ],
            [
              -43.2705333,
              -22.7560774
            ],
            [
              -43.2700124,
              -22.7560169
            ],
            [
              -43.2689163,
              -22.7552885
            ],
            [
              -43.2682138,
              -22.7544495
            ],
            [
              -43.2680982,
              -22.753622
            ],
            [
              -43.2683927,
              -22.752452
            ],
            [
              -43.267695,
              -22.7519928
            ],
            [
              -43.2674923,
              -22.7515337
            ],
            [
              -43.2676771,
              -22.751009
            ],
            [
              -43.2681526,
              -22.7505649
            ],
            [
              -43.2693132,
              -22.7501014
            ],
            [
              -43.2696438,
              -22.7500387
            ],
            [
              -43.2697705,
              -22.7500343
            ],
            [
              -43.2700522,
              -22.7501893
            ],
            [
              -43.2702562,
              -22.7505476
            ],
            [
              -43.2702471,
              -22.7510413
            ],
            [
              -43.2702261,
              -22.7512179
            ],
            [
              -43.2700031,
              -22.7513791
            ],
            [
              -43.26995,
              -22.7515727
            ]
          ]
        ]
      },
      "properties": {
        "neighborhood": "Remanso"
      }
    },
    {
      "type": "Feature",
      "id": 37,
      "geometry": {
        "type": "Polygon",
        "coordinates": [
          [
            [
              -43.2779613,
              -22.7518804
            ],
            [
              -43.2771537,
              -22.7518569
            ],
            [
              -43.2771164,
              -22.7518543
            ],
            [
              -43.2768639,
              -22.7518367
            ],
            [
              -43.2766347,
              -22.751803
            ],
            [
              -43.2763965,
              -22.7518232
            ],
            [
              -43.2761493,
              -22.7518322
            ],
            [
              -43.2757336,
              -22.7518142
            ],
            [
              -43.2754146,
              -22.7517693
            ],
            [
              -43.2751202,
              -22.7517154
            ],
            [
              -43.2747742,
              -22.7516794
            ],
            [
              -43.2735459,
              -22.7517098
            ],
            [
              -43.2726875,
              -22.7516438
            ],
            [
              -43.2726178,
              -22.752062
            ],
            [
              -43.2726068,
              -22.7523078
            ],
            [
              -43.2725187,
              -22.7526343
            ],
            [
              -43.2724454,
              -22.7528251
            ],
            [
              -43.2723537,
              -22.7529718
            ],
            [
              -43.2720528,
              -22.753335
            ],
            [
              -43.2719354,
              -22.7535625
            ],
            [
              -43.2702421,
              -22.7524163
            ],
            [
              -43.2702515,
              -22.7523744
            ],
            [
              -43.2703092,
              -22.7521166
            ],
            [
              -43.2703719,
              -22.7519018
            ],
            [
              -43.270524,
              -22.7517318
            ],
            [
              -43.2707029,
              -22.7515976
            ],
            [
              -43.2709848,
              -22.7510746
            ],
            [
              -43.2710653,
              -22.7507521
            ],
            [
              -43.2710825,
              -22.7506033
            ],
            [
              -43.2711137,
              -22.7503332
            ],
            [
              -43.2711458,
              -22.7499066
            ],
            [
              -43.2712531,
              -22.7491742
            ],
            [
              -43.2712816,
              -22.7491795
            ],
            [
              -43.2718218,
              -22.749279
            ],
            [
              -43.2721475,
              -22.7493391
            ],
            [
              -43.2724263,
              -22.7493671
            ],
            [
              -43.272639,
              -22.7494089
            ],
            [
              -43.2731901,
              -22.7494507
            ],
            [
              -43.2734119,
              -22.749283
            ],
            [
              -43.2736916,
              -22.7491697
            ],
            [
              -43.2739533,
              -22.7491555
            ],
            [
              -43.2742039,
              -22.7491412
            ],
            [
              -43.2744123,
              -22.7490553
            ],
            [
              -43.2746614,
              -22.7488958
            ],
            [
              -43.2749194,
              -22.748793
            ],
            [
              -43.2750932,
              -22.7487783
            ],
            [
              -43.275316,
              -22.748793
            ],
            [
              -43.2754981,
              -22.7489104
            ],
            [
              -43.2756899,
              -22.7490003
            ],
            [
              -43.2758997,
              -22.7489865
            ],
            [
              -43.2761517,
              -22.7488612
            ],
            [
              -43.2763038,
              -22.7487343
            ],
            [
              -43.2765082,
              -22.7486203
            ],
            [
              -43.2767497,
              -22.7486203
            ],
            [
              -43.2769567,
              -22.7486203
            ],
            [
              -43.2769824,
              -22.7486155
            ],
            [
              -43.2770332,
              -22.748606
            ],
            [
              -43.2771096,
              -22.7485916
            ],
            [
              -43.2772529,
              -22.7483592
            ],
            [
              -43.2773438,
              -22.7482628
            ],
            [
              -43.2774348,
              -22.7481665
            ],
            [
              -43.277817,
              -22.7480008
            ],
            [
              -43.2778201,
              -22.7479981
            ],
            [
              -43.2778249,
              -22.7480033
            ],
            [
              -43.2801058,
              -22.7504987
            ],
            [
              -43.2815201,
              -22.7520459
            ],
            [
              -43.2790052,
              -22.7519109
            ],
            [
              -43.2779613,
              -22.7518804
            ]
          ]
        ]
      },
      "properties": {
        "neighborhood": "Chatuba"
      }
    },
    {
      "type": "Feature",
      "id": 38,
      "geometry": {
        "type": "Polygon",
        "coordinates": [
          [
            [
              -43.2046645,
              -22.6330924
            ],
            [
              -43.2046184,
              -22.6317233
            ],
            [
              -43.20452,
              -22.6300532
            ],
            [
              -43.2057467,
              -22.6300029
            ],
            [
              -43.2069059,
              -22.6299436
            ],
            [
              -43.2069579,
              -22.6302105
            ],
            [
              -43.2070437,
              -22.6304785
            ],
            [
              -43.207043,
              -22.6305588
            ],
            [
              -43.2070417,
              -22.6306916
            ],
            [
              -43.2070359,
              -22.6313057
            ],
            [
              -43.2070233,
              -22.6323141
            ],
            [
              -43.207022,
              -22.6324186
            ],
            [
              -43.2070426,
              -22.6325936
            ],
            [
              -43.2070572,
              -22.6326478
            ],
            [
              -43.2070961,
              -22.6327803
            ],
            [
              -43.2071283,
              -22.6328743
            ],
            [
              -43.2071626,
              -22.6329723
            ],
            [
              -43.2073,
              -22.6333207
            ],
            [
              -43.2077867,
              -22.6343321
            ],
            [
              -43.2078074,
              -22.634383
            ],
            [
              -43.207925,
              -22.6343912
            ],
            [
              -43.2075375,
              -22.6346575
            ],
            [
              -43.2073411,
              -22.6347601
            ],
            [
              -43.2068275,
              -22.6350582
            ],
            [
              -43.2058899,
              -22.6351295
            ],
            [
              -43.2053036,
              -22.6350738
            ],
            [
              -43.2047656,
              -22.6348233
            ],
            [
              -43.2047624,
              -22.6348218
            ],
            [
              -43.2046645,
              -22.6330924
            ]
          ]
        ]
      },
      "properties": {
        "neighborhood": "Favela Santa Lúcia B"
      }
    },
    {
      "type": "Feature",
      "id": 39,
      "geometry": {
        "type": "Polygon",
        "coordinates": [
          [
            [
              -43.2426595,
              -22.6741187
            ],
            [
              -43.2432879,
              -22.6738924
            ],
            [
              -43.2447869,
              -22.673439
            ],
            [
              -43.2460519,
              -22.6730931
            ],
            [
              -43.2465949,
              -22.6736101
            ],
            [
              -43.2456371,
              -22.6739051
            ],
            [
              -43.2455287,
              -22.6739639
            ],
            [
              -43.2452626,
              -22.6741918
            ],
            [
              -43.2450305,
              -22.67445
            ],
            [
              -43.2449213,
              -22.6745515
            ],
            [
              -43.2438325,
              -22.6746396
            ],
            [
              -43.2426595,
              -22.6741187
            ]
          ]
        ]
      },
      "properties": {
        "neighborhood": "Favela Rua da Lama"
      }
    },
    {
      "type": "Feature",
      "id": 40,
      "geometry": {
        "type": "Polygon",
        "coordinates": [
          [
            [
              -43.2942562,
              -22.6732496
            ],
            [
              -43.2943969,
              -22.6732331
            ],
            [
              -43.2944012,
              -22.6733462
            ],
            [
              -43.294318,
              -22.6739065
            ],
            [
              -43.2941167,
              -22.6744055
            ],
            [
              -43.2939897,
              -22.6746375
            ],
            [
              -43.2937271,
              -22.6750315
            ],
            [
              -43.29332,
              -22.6755305
            ],
            [
              -43.2929786,
              -22.6759857
            ],
            [
              -43.2926897,
              -22.6763534
            ],
            [
              -43.2923132,
              -22.676848
            ],
            [
              -43.2919061,
              -22.6773733
            ],
            [
              -43.2916566,
              -22.6776228
            ],
            [
              -43.2909784,
              -22.6779234
            ],
            [
              -43.290415,
              -22.6781546
            ],
            [
              -43.2902487,
              -22.6782908
            ],
            [
              -43.2901987,
              -22.6786566
            ],
            [
              -43.2915774,
              -22.6801908
            ],
            [
              -43.2913906,
              -22.6802523
            ],
            [
              -43.2901232,
              -22.6786813
            ],
            [
              -43.2901435,
              -22.6784055
            ],
            [
              -43.2901946,
              -22.6782076
            ],
            [
              -43.2902575,
              -22.6781101
            ],
            [
              -43.2904114,
              -22.6779879
            ],
            [
              -43.2913455,
              -22.6775864
            ],
            [
              -43.2916569,
              -22.6774115
            ],
            [
              -43.2935581,
              -22.6749328
            ],
            [
              -43.294114,
              -22.6739597
            ],
            [
              -43.2942562,
              -22.6732496
            ]
          ]
        ]
      },
      "properties": {
        "neighborhood": "Comunidade do Calombé"
      }
    },
    {
      "type": "Feature",
      "id": 41,
      "geometry": {
        "type": "Polygon",
        "coordinates": [
          [
            [
              -43.3173574,
              -22.7759406
            ],
            [
              -43.3171269,
              -22.7743689
            ],
            [
              -43.3169192,
              -22.7731432
            ],
            [
              -43.3165832,
              -22.7707775
            ],
            [
              -43.3169907,
              -22.7707019
            ],
            [
              -43.3173984,
              -22.7706263
            ],
            [
              -43.317697,
              -22.7705067
            ],
            [
              -43.3182273,
              -22.7702978
            ],
            [
              -43.3187818,
              -22.7701237
            ],
            [
              -43.3188916,
              -22.7700246
            ],
            [
              -43.3189538,
              -22.7700431
            ],
            [
              -43.3190171,
              -22.7700831
            ],
            [
              -43.3191059,
              -22.7701156
            ],
            [
              -43.3190309,
              -22.7702764
            ],
            [
              -43.3190115,
              -22.7704198
            ],
            [
              -43.3190309,
              -22.7705388
            ],
            [
              -43.3191139,
              -22.7706272
            ],
            [
              -43.3192023,
              -22.7706781
            ],
            [
              -43.3193372,
              -22.7708413
            ],
            [
              -43.3192061,
              -22.7718731
            ],
            [
              -43.3192075,
              -22.771875
            ],
            [
              -43.3192484,
              -22.7719323
            ],
            [
              -43.3193658,
              -22.7719567
            ],
            [
              -43.3202633,
              -22.7721433
            ],
            [
              -43.3202431,
              -22.7722115
            ],
            [
              -43.3201776,
              -22.7724834
            ],
            [
              -43.3201121,
              -22.7727552
            ],
            [
              -43.3202959,
              -22.7731411
            ],
            [
              -43.3204986,
              -22.7735137
            ],
            [
              -43.3206434,
              -22.7738141
            ],
            [
              -43.3207196,
              -22.7739606
            ],
            [
              -43.3209301,
              -22.7742624
            ],
            [
              -43.320928,
              -22.7745037
            ],
            [
              -43.3208054,
              -22.7748668
            ],
            [
              -43.3207865,
              -22.7750884
            ],
            [
              -43.3206922,
              -22.775508
            ],
            [
              -43.3206168,
              -22.7761729
            ],
            [
              -43.3205696,
              -22.7763191
            ],
            [
              -43.320568,
              -22.7763838
            ],
            [
              -43.3203904,
              -22.7764417
            ],
            [
              -43.3199331,
              -22.7764181
            ],
            [
              -43.3196077,
              -22.7763757
            ],
            [
              -43.3194293,
              -22.7763323
            ],
            [
              -43.3184199,
              -22.7761679
            ],
            [
              -43.3173768,
              -22.7760101
            ],
            [
              -43.3173574,
              -22.7759406
            ]
          ]
        ]
      },
      "properties": {
        "neighborhood": "Favela do Santuário"
      }
    },
    {
      "type": "Feature",
      "id": 42,
      "geometry": {
        "type": "Polygon",
        "coordinates": [
          [
            [
              -43.2815201,
              -22.7520459
            ],
            [
              -43.2801058,
              -22.7504987
            ],
            [
              -43.2778249,
              -22.7480033
            ],
            [
              -43.2780529,
              -22.7480762
            ],
            [
              -43.2782888,
              -22.7481516
            ],
            [
              -43.2786945,
              -22.7484616
            ],
            [
              -43.2803474,
              -22.7485197
            ],
            [
              -43.2809562,
              -22.7485486
            ],
            [
              -43.2815649,
              -22.7485775
            ],
            [
              -43.2838599,
              -22.7488755
            ],
            [
              -43.2838796,
              -22.7488581
            ],
            [
              -43.2838782,
              -22.7488762
            ],
            [
              -43.283587,
              -22.7528016
            ],
            [
              -43.2834729,
              -22.754029
            ],
            [
              -43.2815201,
              -22.7520459
            ]
          ]
        ]
      },
      "properties": {
        "neighborhood": "Rui Barbosa"
      }
    },
    {
      "type": "Feature",
      "id": 43,
      "geometry": {
        "type": "Polygon",
        "coordinates": [
          [
            [
              -43.3145972,
              -22.7392517
            ],
            [
              -43.3151764,
              -22.738884
            ],
            [
              -43.3158135,
              -22.7390654
            ],
            [
              -43.3161857,
              -22.7393783
            ],
            [
              -43.316314,
              -22.7393177
            ],
            [
              -43.3168528,
              -22.7392184
            ],
            [
              -43.3175361,
              -22.7391396
            ],
            [
              -43.3175843,
              -22.7391615
            ],
            [
              -43.317631,
              -22.7391713
            ],
            [
              -43.3176173,
              -22.739232
            ],
            [
              -43.3176273,
              -22.7392918
            ],
            [
              -43.3177817,
              -22.7394549
            ],
            [
              -43.3179647,
              -22.7396591
            ],
            [
              -43.3177331,
              -22.7399443
            ],
            [
              -43.3174007,
              -22.740141
            ],
            [
              -43.3173222,
              -22.740202
            ],
            [
              -43.3172129,
              -22.7402881
            ],
            [
              -43.3171435,
              -22.7403895
            ],
            [
              -43.3171194,
              -22.740509
            ],
            [
              -43.3170985,
              -22.7406261
            ],
            [
              -43.3168995,
              -22.7405267
            ],
            [
              -43.3164507,
              -22.7403999
            ],
            [
              -43.3161658,
              -22.7403434
            ],
            [
              -43.3159538,
              -22.7401817
            ],
            [
              -43.3158968,
              -22.7400757
            ],
            [
              -43.3158768,
              -22.7400157
            ],
            [
              -43.3158604,
              -22.7400165
            ],
            [
              -43.3156412,
              -22.7399567
            ],
            [
              -43.3154743,
              -22.7399418
            ],
            [
              -43.3150086,
              -22.7394761
            ],
            [
              -43.3147845,
              -22.7395209
            ],
            [
              -43.3146575,
              -22.7393416
            ],
            [
              -43.3145972,
              -22.7392517
            ]
          ]
        ]
      },
      "properties": {
        "neighborhood": "Rua Júlio Barra"
      }
    },
    {
      "type": "Feature",
      "id": 44,
      "geometry": {
        "type": "Polygon",
        "coordinates": [
          [
            [
              -43.2922484,
              -22.6639639
            ],
            [
              -43.2922624,
              -22.6637416
            ],
            [
              -43.2923005,
              -22.6632179
            ],
            [
              -43.2924189,
              -22.663239
            ],
            [
              -43.2924074,
              -22.6637468
            ],
            [
              -43.2923603,
              -22.6655814
            ],
            [
              -43.2923445,
              -22.6665814
            ],
            [
              -43.2923226,
              -22.6679715
            ],
            [
              -43.2923653,
              -22.6685973
            ],
            [
              -43.2922201,
              -22.6686052
            ],
            [
              -43.2921674,
              -22.6665984
            ],
            [
              -43.2922484,
              -22.6639639
            ]
          ]
        ]
      },
      "properties": {
        "neighborhood": "Avenida do Calombé"
      }
    },
    {
      "type": "Feature",
      "id": 45,
      "geometry": {
        "type": "Polygon",
        "coordinates": [
          [
            [
              -43.2836687,
              -22.6439828
            ],
            [
              -43.283697,
              -22.6426491
            ],
            [
              -43.283713,
              -22.6413372
            ],
            [
              -43.2850399,
              -22.6413206
            ],
            [
              -43.2852495,
              -22.6415426
            ],
            [
              -43.2854171,
              -22.6415534
            ],
            [
              -43.2859417,
              -22.6415131
            ],
            [
              -43.2861234,
              -22.6415038
            ],
            [
              -43.2863857,
              -22.6414557
            ],
            [
              -43.2865207,
              -22.6413874
            ],
            [
              -43.2868715,
              -22.6412647
            ],
            [
              -43.2870485,
              -22.6411561
            ],
            [
              -43.2873338,
              -22.6409588
            ],
            [
              -43.287407,
              -22.640886
            ],
            [
              -43.2875848,
              -22.6406668
            ],
            [
              -43.2876337,
              -22.6405088
            ],
            [
              -43.2876414,
              -22.6401456
            ],
            [
              -43.2876244,
              -22.6400167
            ],
            [
              -43.2876678,
              -22.639728
            ],
            [
              -43.2876874,
              -22.6397378
            ],
            [
              -43.2877125,
              -22.6397505
            ],
            [
              -43.2878839,
              -22.6398366
            ],
            [
              -43.2878929,
              -22.6399175
            ],
            [
              -43.2878508,
              -22.6401433
            ],
            [
              -43.2878759,
              -22.640513
            ],
            [
              -43.2878929,
              -22.6406668
            ],
            [
              -43.2878137,
              -22.6407917
            ],
            [
              -43.2871795,
              -22.6415883
            ],
            [
              -43.2870723,
              -22.6416513
            ],
            [
              -43.2868972,
              -22.6416892
            ],
            [
              -43.2870106,
              -22.6416876
            ],
            [
              -43.2870413,
              -22.6418092
            ],
            [
              -43.2870821,
              -22.6420239
            ],
            [
              -43.2871422,
              -22.6420239
            ],
            [
              -43.2871486,
              -22.6421184
            ],
            [
              -43.2870391,
              -22.6421162
            ],
            [
              -43.2869962,
              -22.6420862
            ],
            [
              -43.2867429,
              -22.6420754
            ],
            [
              -43.2866828,
              -22.6420561
            ],
            [
              -43.2862942,
              -22.6420132
            ],
            [
              -43.2861944,
              -22.6420261
            ],
            [
              -43.2860044,
              -22.6420497
            ],
            [
              -43.2857694,
              -22.6420658
            ],
            [
              -43.2856674,
              -22.6420239
            ],
            [
              -43.2855622,
              -22.6420282
            ],
            [
              -43.285354,
              -22.6420883
            ],
            [
              -43.2851908,
              -22.6421785
            ],
            [
              -43.2850964,
              -22.6422686
            ],
            [
              -43.2850019,
              -22.6424983
            ],
            [
              -43.2848881,
              -22.642889
            ],
            [
              -43.2847829,
              -22.6432819
            ],
            [
              -43.2847164,
              -22.6434987
            ],
            [
              -43.2846662,
              -22.643675
            ],
            [
              -43.2844803,
              -22.6439343
            ],
            [
              -43.2842428,
              -22.6441482
            ],
            [
              -43.2840665,
              -22.6442362
            ],
            [
              -43.2838583,
              -22.6443203
            ],
            [
              -43.2836474,
              -22.644397
            ],
            [
              -43.2836687,
              -22.6439828
            ]
          ]
        ]
      },
      "properties": {
        "neighborhood": "Favela do Parque Eldorado"
      }
    },
    {
      "type": "Feature",
      "id": 46,
      "geometry": {
        "type": "Polygon",
        "coordinates": [
          [
            [
              -43.2721776,
              -22.7058795
            ],
            [
              -43.271692,
              -22.7059521
            ],
            [
              -43.2713437,
              -22.7061263
            ],
            [
              -43.2712067,
              -22.7061948
            ],
            [
              -43.2708356,
              -22.7056809
            ],
            [
              -43.2707311,
              -22.7054777
            ],
            [
              -43.2703695,
              -22.7049429
            ],
            [
              -43.2702421,
              -22.7047442
            ],
            [
              -43.2701857,
              -22.7046275
            ],
            [
              -43.2701386,
              -22.7044647
            ],
            [
              -43.2702093,
              -22.7043779
            ],
            [
              -43.27067,
              -22.7038121
            ],
            [
              -43.2712923,
              -22.7030116
            ],
            [
              -43.2719204,
              -22.702255
            ],
            [
              -43.2721191,
              -22.7019902
            ],
            [
              -43.2725199,
              -22.7014557
            ],
            [
              -43.2731404,
              -22.7015121
            ],
            [
              -43.2734593,
              -22.7016232
            ],
            [
              -43.2736904,
              -22.7016983
            ],
            [
              -43.2740119,
              -22.701636
            ],
            [
              -43.2753317,
              -22.7013799
            ],
            [
              -43.2756032,
              -22.7013272
            ],
            [
              -43.2760314,
              -22.7017982
            ],
            [
              -43.2762741,
              -22.702098
            ],
            [
              -43.2765447,
              -22.7024713
            ],
            [
              -43.2773161,
              -22.7030544
            ],
            [
              -43.2766483,
              -22.7038649
            ],
            [
              -43.2774326,
              -22.7044682
            ],
            [
              -43.2763169,
              -22.7049101
            ],
            [
              -43.2755176,
              -22.7051527
            ],
            [
              -43.2751152,
              -22.7053336
            ],
            [
              -43.2739009,
              -22.7057717
            ],
            [
              -43.2737933,
              -22.705833
            ],
            [
              -43.2737679,
              -22.7058475
            ],
            [
              -43.273148,
              -22.7058522
            ],
            [
              -43.2721776,
              -22.7058795
            ]
          ]
        ]
      },
      "properties": {
        "neighborhood": "Rua do Quintal"
      }
    },
    {
      "type": "Feature",
      "id": 47,
      "geometry": {
        "type": "Polygon",
        "coordinates": [
          [
            [
              -43.2897558,
              -22.7524439
            ],
            [
              -43.2893943,
              -22.7524154
            ],
            [
              -43.2884957,
              -22.7523445
            ],
            [
              -43.2874589,
              -22.7522591
            ],
            [
              -43.287701,
              -22.7491104
            ],
            [
              -43.2879211,
              -22.7462485
            ],
            [
              -43.2881379,
              -22.7462581
            ],
            [
              -43.2905333,
              -22.7463645
            ],
            [
              -43.2906412,
              -22.7469983
            ],
            [
              -43.2906565,
              -22.7471817
            ],
            [
              -43.2909928,
              -22.7489192
            ],
            [
              -43.2913043,
              -22.7495734
            ],
            [
              -43.2917229,
              -22.7501803
            ],
            [
              -43.2913836,
              -22.7502569
            ],
            [
              -43.2913384,
              -22.7506633
            ],
            [
              -43.2913205,
              -22.7508249
            ],
            [
              -43.2912904,
              -22.7511899
            ],
            [
              -43.2911771,
              -22.7525634
            ],
            [
              -43.2902964,
              -22.7524891
            ],
            [
              -43.2898413,
              -22.7524507
            ],
            [
              -43.2897558,
              -22.7524439
            ]
          ]
        ]
      },
      "properties": {
        "neighborhood": "Paraopeba"
      }
    },
    {
      "type": "Feature",
      "id": 48,
      "geometry": {
        "type": "Polygon",
        "coordinates": [
          [
            [
              -43.200796,
              -22.6139866
            ],
            [
              -43.2006665,
              -22.6137472
            ],
            [
              -43.2002055,
              -22.6126399
            ],
            [
              -43.1993258,
              -22.6142095
            ],
            [
              -43.1987721,
              -22.6146887
            ],
            [
              -43.1988131,
              -22.6146099
            ],
            [
              -43.1990508,
              -22.6141534
            ],
            [
              -43.2001999,
              -22.6119458
            ],
            [
              -43.2003488,
              -22.6116599
            ],
            [
              -43.2007215,
              -22.6109439
            ],
            [
              -43.2011612,
              -22.6114171
            ],
            [
              -43.201298,
              -22.6118367
            ],
            [
              -43.2014514,
              -22.6126077
            ],
            [
              -43.201786,
              -22.6140294
            ],
            [
              -43.2016135,
              -22.614368
            ],
            [
              -43.2012306,
              -22.614211
            ],
            [
              -43.2009957,
              -22.6141176
            ],
            [
              -43.200796,
              -22.6139866
            ]
          ]
        ]
      },
      "properties": {
        "neighborhood": "Parque Caçula"
      }
    },
    {
      "type": "Feature",
      "id": 49,
      "geometry": {
        "type": "Polygon",
        "coordinates": [
          [
            [
              -43.3097079,
              -22.7984621
            ],
            [
              -43.3092497,
              -22.7985131
            ],
            [
              -43.3088329,
              -22.7985835
            ],
            [
              -43.3087734,
              -22.7985975
            ],
            [
              -43.3087864,
              -22.7985562
            ],
            [
              -43.3087986,
              -22.7984896
            ],
            [
              -43.3088354,
              -22.7982877
            ],
            [
              -43.3089268,
              -22.7978306
            ],
            [
              -43.3089851,
              -22.7977999
            ],
            [
              -43.3090105,
              -22.7976677
            ],
            [
              -43.3090416,
              -22.7975067
            ],
            [
              -43.3090471,
              -22.797478
            ],
            [
              -43.3089782,
              -22.797469
            ],
            [
              -43.308481,
              -22.7974017
            ],
            [
              -43.3083458,
              -22.7973834
            ],
            [
              -43.3083083,
              -22.7974145
            ],
            [
              -43.3081501,
              -22.797393
            ],
            [
              -43.3084045,
              -22.7962839
            ],
            [
              -43.3084132,
              -22.7961884
            ],
            [
              -43.3076471,
              -22.796094
            ],
            [
              -43.3074676,
              -22.797305
            ],
            [
              -43.3073187,
              -22.7983099
            ],
            [
              -43.307287,
              -22.7983058
            ],
            [
              -43.3072731,
              -22.7982484
            ],
            [
              -43.3071999,
              -22.7981554
            ],
            [
              -43.30719,
              -22.7976556
            ],
            [
              -43.3074117,
              -22.7963304
            ],
            [
              -43.3055352,
              -22.7962849
            ],
            [
              -43.3053373,
              -22.7961562
            ],
            [
              -43.3052341,
              -22.7961445
            ],
            [
              -43.3052768,
              -22.7956966
            ],
            [
              -43.3054213,
              -22.7951336
            ],
            [
              -43.3055973,
              -22.7947024
            ],
            [
              -43.3057618,
              -22.7945535
            ],
            [
              -43.3057821,
              -22.7945352
            ],
            [
              -43.3060289,
              -22.794341
            ],
            [
              -43.3066155,
              -22.7940267
            ],
            [
              -43.3072662,
              -22.7937628
            ],
            [
              -43.3078906,
              -22.7934463
            ],
            [
              -43.3084784,
              -22.7930436
            ],
            [
              -43.308634,
              -22.7928466
            ],
            [
              -43.3092999,
              -22.793319
            ],
            [
              -43.3098518,
              -22.7937175
            ],
            [
              -43.3098979,
              -22.7936687
            ],
            [
              -43.3099979,
              -22.793555
            ],
            [
              -43.3101802,
              -22.793228
            ],
            [
              -43.3105401,
              -22.7925428
            ],
            [
              -43.3111613,
              -22.7927876
            ],
            [
              -43.3122908,
              -22.7933257
            ],
            [
              -43.3122557,
              -22.7934256
            ],
            [
              -43.3122918,
              -22.79351
            ],
            [
              -43.3124104,
              -22.7935977
            ],
            [
              -43.3125364,
              -22.793763
            ],
            [
              -43.3126032,
              -22.7938614
            ],
            [
              -43.3126568,
              -22.7939404
            ],
            [
              -43.3119762,
              -22.794535
            ],
            [
              -43.3117768,
              -22.7947674
            ],
            [
              -43.311728,
              -22.7948243
            ],
            [
              -43.3117035,
              -22.7948616
            ],
            [
              -43.3115403,
              -22.7951108
            ],
            [
              -43.3114125,
              -22.7954177
            ],
            [
              -43.3113987,
              -22.7954868
            ],
            [
              -43.3112309,
              -22.7961211
            ],
            [
              -43.3112139,
              -22.7962105
            ],
            [
              -43.311164,
              -22.7964728
            ],
            [
              -43.3109797,
              -22.7972432
            ],
            [
              -43.3109582,
              -22.7973274
            ],
            [
              -43.3108254,
              -22.7978457
            ],
            [
              -43.3106782,
              -22.7984199
            ],
            [
              -43.3106626,
              -22.7984809
            ],
            [
              -43.3106381,
              -22.7985766
            ],
            [
              -43.3102917,
              -22.7985138
            ],
            [
              -43.3097079,
              -22.7984621
            ]
          ],
          [
            [
              -43.3084357,
              -22.7952448
            ],
            [
              -43.3084034,
              -22.795214
            ],
            [
              -43.3082426,
              -22.7950607
            ],
            [
              -43.3082189,
              -22.7950382
            ],
            [
              -43.3081353,
              -22.7949585
            ],
            [
              -43.3081061,
              -22.7949306
            ],
            [
              -43.3084637,
              -22.7946969
            ],
            [
              -43.3084505,
              -22.79468
            ],
            [
              -43.3082763,
              -22.7944563
            ],
            [
              -43.3081124,
              -22.7942793
            ],
            [
              -43.3079596,
              -22.7943595
            ],
            [
              -43.3079416,
              -22.7943672
            ],
            [
              -43.3077494,
              -22.79445
            ],
            [
              -43.3077425,
              -22.7944538
            ],
            [
              -43.3076314,
              -22.7945152
            ],
            [
              -43.3075469,
              -22.794562
            ],
            [
              -43.3073996,
              -22.794674
            ],
            [
              -43.3073918,
              -22.7947402
            ],
            [
              -43.3073878,
              -22.7947738
            ],
            [
              -43.3074051,
              -22.7948954
            ],
            [
              -43.3074085,
              -22.7949052
            ],
            [
              -43.3074573,
              -22.795046
            ],
            [
              -43.3075325,
              -22.7951618
            ],
            [
              -43.3076599,
              -22.7952545
            ],
            [
              -43.3077873,
              -22.7953182
            ],
            [
              -43.3079553,
              -22.7953587
            ],
            [
              -43.3082043,
              -22.7953297
            ],
            [
              -43.3084357,
              -22.7952448
            ]
          ]
        ]
      },
      "properties": {
        "neighborhood": "Favela do Lixão"
      }
    },
    {
      "type": "Feature",
      "id": 50,
      "geometry": {
        "type": "Polygon",
        "coordinates": [
          [
            [
              -43.3005123,
              -22.7052502
            ],
            [
              -43.3002826,
              -22.7053021
            ],
            [
              -43.2997986,
              -22.7053241
            ],
            [
              -43.2992698,
              -22.7052496
            ],
            [
              -43.2991314,
              -22.7052301
            ],
            [
              -43.2984501,
              -22.7051166
            ],
            [
              -43.2971264,
              -22.7049299
            ],
            [
              -43.2965829,
              -22.7049963
            ],
            [
              -43.2963181,
              -22.7050789
            ],
            [
              -43.2963681,
              -22.7050007
            ],
            [
              -43.296788,
              -22.7043439
            ],
            [
              -43.298062,
              -22.7023439
            ],
            [
              -43.2984171,
              -22.7025184
            ],
            [
              -43.2986119,
              -22.7026109
            ],
            [
              -43.2988401,
              -22.7023946
            ],
            [
              -43.2991822,
              -22.7023004
            ],
            [
              -43.2992467,
              -22.7022826
            ],
            [
              -43.2994016,
              -22.7022529
            ],
            [
              -43.299373,
              -22.7026039
            ],
            [
              -43.2994979,
              -22.7024969
            ],
            [
              -43.2996822,
              -22.7025444
            ],
            [
              -43.3003505,
              -22.7020917
            ],
            [
              -43.3005123,
              -22.7020337
            ],
            [
              -43.3005351,
              -22.7021415
            ],
            [
              -43.3005247,
              -22.7022266
            ],
            [
              -43.3004625,
              -22.7022951
            ],
            [
              -43.3003359,
              -22.7024112
            ],
            [
              -43.3002924,
              -22.7024839
            ],
            [
              -43.3013427,
              -22.7023052
            ],
            [
              -43.3015386,
              -22.7029585
            ],
            [
              -43.3015252,
              -22.7030545
            ],
            [
              -43.301335,
              -22.7033581
            ],
            [
              -43.301237,
              -22.7035963
            ],
            [
              -43.3012086,
              -22.7036917
            ],
            [
              -43.3011481,
              -22.7038793
            ],
            [
              -43.3010005,
              -22.7041673
            ],
            [
              -43.3009124,
              -22.7043668
            ],
            [
              -43.3008287,
              -22.7046401
            ],
            [
              -43.3005123,
              -22.7052502
            ]
          ]
        ]
      },
      "properties": {
        "neighborhood": "Pilar"
      }
    },
    {
      "type": "Feature",
      "id": 51,
      "geometry": {
        "type": "Polygon",
        "coordinates": [
          [
            [
              -43.2858194,
              -22.7974248
            ],
            [
              -43.2857496,
              -22.7973714
            ],
            [
              -43.2855692,
              -22.7972147
            ],
            [
              -43.2854315,
              -22.7971245
            ],
            [
              -43.2852416,
              -22.7970201
            ],
            [
              -43.2851419,
              -22.7969441
            ],
            [
              -43.2849614,
              -22.7968254
            ],
            [
              -43.2847098,
              -22.796588
            ],
            [
              -43.2845151,
              -22.7964455
            ],
            [
              -43.2840071,
              -22.7960372
            ],
            [
              -43.2835845,
              -22.7957286
            ],
            [
              -43.2832806,
              -22.7954816
            ],
            [
              -43.2831702,
              -22.7954247
            ],
            [
              -43.282858,
              -22.7951778
            ],
            [
              -43.2826348,
              -22.7950068
            ],
            [
              -43.2818181,
              -22.7943563
            ],
            [
              -43.2814766,
              -22.7940961
            ],
            [
              -43.2826024,
              -22.7936757
            ],
            [
              -43.2834549,
              -22.7930954
            ],
            [
              -43.2861102,
              -22.7909222
            ],
            [
              -43.2863687,
              -22.7914377
            ],
            [
              -43.2875593,
              -22.7938124
            ],
            [
              -43.2879662,
              -22.7946311
            ],
            [
              -43.2871699,
              -22.7950217
            ],
            [
              -43.2873055,
              -22.7952766
            ],
            [
              -43.2875147,
              -22.7956698
            ],
            [
              -43.2876026,
              -22.7960169
            ],
            [
              -43.2878317,
              -22.795868
            ],
            [
              -43.2881379,
              -22.7956502
            ],
            [
              -43.2882973,
              -22.7959484
            ],
            [
              -43.2883855,
              -22.7961519
            ],
            [
              -43.2876191,
              -22.7968719
            ],
            [
              -43.2876326,
              -22.7969526
            ],
            [
              -43.2877682,
              -22.7972102
            ],
            [
              -43.2878984,
              -22.7973052
            ],
            [
              -43.2880041,
              -22.7973079
            ],
            [
              -43.2883513,
              -22.7976225
            ],
            [
              -43.2883811,
              -22.7976713
            ],
            [
              -43.2880692,
              -22.7979479
            ],
            [
              -43.288015,
              -22.7980781
            ],
            [
              -43.288015,
              -22.798211
            ],
            [
              -43.2882739,
              -22.798547
            ],
            [
              -43.2883444,
              -22.7985708
            ],
            [
              -43.2886885,
              -22.7984055
            ],
            [
              -43.2887866,
              -22.798585
            ],
            [
              -43.288788,
              -22.7985874
            ],
            [
              -43.2888412,
              -22.7989208
            ],
            [
              -43.288886,
              -22.7993028
            ],
            [
              -43.2889985,
              -22.8002616
            ],
            [
              -43.2885615,
              -22.8005427
            ],
            [
              -43.287986,
              -22.7994049
            ],
            [
              -43.2878217,
              -22.7992355
            ],
            [
              -43.2876569,
              -22.7990248
            ],
            [
              -43.2874541,
              -22.7987652
            ],
            [
              -43.2870323,
              -22.7983271
            ],
            [
              -43.2867565,
              -22.7980838
            ],
            [
              -43.2862859,
              -22.7977349
            ],
            [
              -43.2861318,
              -22.7976214
            ],
            [
              -43.2858641,
              -22.7974753
            ],
            [
              -43.2858194,
              -22.7974248
            ]
          ]
        ]
      },
      "properties": {
        "neighborhood": "Vila Beira Mar"
      }
    },
    {
      "type": "Feature",
      "id": 52,
      "geometry": {
        "type": "Polygon",
        "coordinates": [
          [
            [
              -43.3241092,
              -22.72283
            ],
            [
              -43.3240953,
              -22.7229442
            ],
            [
              -43.3246286,
              -22.72342
            ],
            [
              -43.3246925,
              -22.7235286
            ],
            [
              -43.3246861,
              -22.7236276
            ],
            [
              -43.3246829,
              -22.7238033
            ],
            [
              -43.3245344,
              -22.7237745
            ],
            [
              -43.3242041,
              -22.723614
            ],
            [
              -43.3237305,
              -22.7233772
            ],
            [
              -43.3234453,
              -22.7232386
            ],
            [
              -43.3231797,
              -22.7228507
            ],
            [
              -43.3231255,
              -22.7227718
            ],
            [
              -43.3229007,
              -22.7222878
            ],
            [
              -43.3227624,
              -22.7218037
            ],
            [
              -43.3227105,
              -22.721553
            ],
            [
              -43.3224166,
              -22.7205071
            ],
            [
              -43.3223129,
              -22.7202823
            ],
            [
              -43.3220283,
              -22.719654
            ],
            [
              -43.3228338,
              -22.7192493
            ],
            [
              -43.3232358,
              -22.7190447
            ],
            [
              -43.3237376,
              -22.7186904
            ],
            [
              -43.3240363,
              -22.718424
            ],
            [
              -43.3242537,
              -22.7182219
            ],
            [
              -43.3242595,
              -22.7182337
            ],
            [
              -43.3242878,
              -22.7182906
            ],
            [
              -43.324812,
              -22.7193472
            ],
            [
              -43.3249549,
              -22.7196351
            ],
            [
              -43.3249991,
              -22.7197242
            ],
            [
              -43.3250432,
              -22.7198133
            ],
            [
              -43.325091,
              -22.7199094
            ],
            [
              -43.3251485,
              -22.7200255
            ],
            [
              -43.3251921,
              -22.7201133
            ],
            [
              -43.3252478,
              -22.7202255
            ],
            [
              -43.3252507,
              -22.7202315
            ],
            [
              -43.3252586,
              -22.7202473
            ],
            [
              -43.3252998,
              -22.7203304
            ],
            [
              -43.3257953,
              -22.7213291
            ],
            [
              -43.3258212,
              -22.7213812
            ],
            [
              -43.3259809,
              -22.7217031
            ],
            [
              -43.3260112,
              -22.7217642
            ],
            [
              -43.3259876,
              -22.7217834
            ],
            [
              -43.3255835,
              -22.7220899
            ],
            [
              -43.3251287,
              -22.7224045
            ],
            [
              -43.3251049,
              -22.7224909
            ],
            [
              -43.3250574,
              -22.7225579
            ],
            [
              -43.3246829,
              -22.7228931
            ],
            [
              -43.3245679,
              -22.7229857
            ],
            [
              -43.3245009,
              -22.7229953
            ],
            [
              -43.3244069,
              -22.7229101
            ],
            [
              -43.3243291,
              -22.7228518
            ],
            [
              -43.3242326,
              -22.7228069
            ],
            [
              -43.3241092,
              -22.72283
            ]
          ]
        ]
      },
      "properties": {
        "neighborhood": "Parque Muísa"
      }
    },
    {
      "type": "Feature",
      "id": 53,
      "geometry": {
        "type": "Polygon",
        "coordinates": [
          [
            [
              -43.2784096,
              -22.7679224
            ],
            [
              -43.2779818,
              -22.76817
            ],
            [
              -43.2773305,
              -22.7675965
            ],
            [
              -43.2764768,
              -22.7666705
            ],
            [
              -43.2752228,
              -22.7658443
            ],
            [
              -43.275619,
              -22.7651308
            ],
            [
              -43.276148,
              -22.7641108
            ],
            [
              -43.2764114,
              -22.763636
            ],
            [
              -43.2765671,
              -22.7633217
            ],
            [
              -43.2765668,
              -22.7633199
            ],
            [
              -43.2767208,
              -22.7630218
            ],
            [
              -43.2767218,
              -22.763023
            ],
            [
              -43.2775542,
              -22.7639651
            ],
            [
              -43.277629,
              -22.7640567
            ],
            [
              -43.277752,
              -22.7642243
            ],
            [
              -43.2778847,
              -22.7644131
            ],
            [
              -43.278004,
              -22.7645821
            ],
            [
              -43.2781895,
              -22.7646342
            ],
            [
              -43.2783422,
              -22.7646471
            ],
            [
              -43.2784894,
              -22.7646065
            ],
            [
              -43.2787471,
              -22.7644008
            ],
            [
              -43.2789548,
              -22.7642642
            ],
            [
              -43.2791463,
              -22.7642395
            ],
            [
              -43.2793299,
              -22.7642506
            ],
            [
              -43.2795382,
              -22.7642506
            ],
            [
              -43.2797062,
              -22.7643066
            ],
            [
              -43.2799359,
              -22.764408
            ],
            [
              -43.2801067,
              -22.764518
            ],
            [
              -43.2801228,
              -22.7645284
            ],
            [
              -43.2804946,
              -22.7647971
            ],
            [
              -43.2807902,
              -22.765039
            ],
            [
              -43.2809425,
              -22.7652182
            ],
            [
              -43.2811665,
              -22.7655138
            ],
            [
              -43.2813676,
              -22.765973
            ],
            [
              -43.281173,
              -22.7661661
            ],
            [
              -43.2809801,
              -22.7663387
            ],
            [
              -43.2808191,
              -22.7664939
            ],
            [
              -43.2806777,
              -22.7666815
            ],
            [
              -43.2806327,
              -22.7667987
            ],
            [
              -43.2805787,
              -22.7670688
            ],
            [
              -43.2805693,
              -22.7673859
            ],
            [
              -43.2798712,
              -22.7677869
            ],
            [
              -43.2789562,
              -22.7684588
            ],
            [
              -43.2784096,
              -22.7679224
            ]
          ]
        ]
      },
      "properties": {
        "neighborhood": "Maruim"
      }
    },
    {
      "type": "Feature",
      "id": 54,
      "geometry": {
        "type": "Polygon",
        "coordinates": [
          [
            [
              -43.2918985,
              -22.7557914
            ],
            [
              -43.2919316,
              -22.7549013
            ],
            [
              -43.2928714,
              -22.7549302
            ],
            [
              -43.2928744,
              -22.7550598
            ],
            [
              -43.2918985,
              -22.7557914
            ]
          ]
        ]
      },
      "properties": {
        "neighborhood": "Rua Francisco Portela"
      }
    },
    {
      "type": "Feature",
      "id": 55,
      "geometry": {
        "type": "Polygon",
        "coordinates": [
          [
            [
              -43.2814768,
              -22.6444282
            ],
            [
              -43.2815783,
              -22.6443775
            ],
            [
              -43.281745,
              -22.6443661
            ],
            [
              -43.2823772,
              -22.6442436
            ],
            [
              -43.2826803,
              -22.6441186
            ],
            [
              -43.2834603,
              -22.643967
            ],
            [
              -43.2836687,
              -22.6439828
            ],
            [
              -43.2836474,
              -22.644397
            ],
            [
              -43.2833283,
              -22.6444221
            ],
            [
              -43.2832411,
              -22.6444089
            ],
            [
              -43.2831483,
              -22.6444354
            ],
            [
              -43.2831502,
              -22.6444543
            ],
            [
              -43.28294,
              -22.6445055
            ],
            [
              -43.2825649,
              -22.6445737
            ],
            [
              -43.2825574,
              -22.6445547
            ],
            [
              -43.2825138,
              -22.6445623
            ],
            [
              -43.2825176,
              -22.6445793
            ],
            [
              -43.2824134,
              -22.6446059
            ],
            [
              -43.282421,
              -22.6446684
            ],
            [
              -43.2823017,
              -22.6446797
            ],
            [
              -43.282241,
              -22.6446892
            ],
            [
              -43.2822354,
              -22.6447025
            ],
            [
              -43.2818906,
              -22.6447725
            ],
            [
              -43.2817883,
              -22.6447782
            ],
            [
              -43.2813868,
              -22.6448369
            ],
            [
              -43.2811595,
              -22.6448729
            ],
            [
              -43.2811557,
              -22.6448654
            ],
            [
              -43.2810742,
              -22.6448616
            ],
            [
              -43.2810761,
              -22.64489
            ],
            [
              -43.2810042,
              -22.6449146
            ],
            [
              -43.2809928,
              -22.6449241
            ],
            [
              -43.2808735,
              -22.6449279
            ],
            [
              -43.2808451,
              -22.6449241
            ],
            [
              -43.280774,
              -22.6446554
            ],
            [
              -43.2808611,
              -22.6446352
            ],
            [
              -43.281385,
              -22.644474
            ],
            [
              -43.2814768,
              -22.6444282
            ]
          ]
        ]
      },
      "properties": {
        "neighborhood": "Favela de Santa Cruz da Serra A"
      }
    },
    {
      "type": "Feature",
      "id": 56,
      "geometry": {
        "type": "Polygon",
        "coordinates": [
          [
            [
              -43.278174,
              -22.6398682
            ],
            [
              -43.2782032,
              -22.6390811
            ],
            [
              -43.27824,
              -22.6380891
            ],
            [
              -43.2784435,
              -22.6381948
            ],
            [
              -43.278863,
              -22.638405
            ],
            [
              -43.2796559,
              -22.6388269
            ],
            [
              -43.2796285,
              -22.6395362
            ],
            [
              -43.2795699,
              -22.6404219
            ],
            [
              -43.279588,
              -22.6404866
            ],
            [
              -43.279564,
              -22.6404865
            ],
            [
              -43.2793528,
              -22.640485
            ],
            [
              -43.279227,
              -22.6404262
            ],
            [
              -43.2789089,
              -22.6401851
            ],
            [
              -43.2787656,
              -22.6400044
            ],
            [
              -43.2784464,
              -22.6399212
            ],
            [
              -43.278174,
              -22.6398682
            ]
          ]
        ]
      },
      "properties": {
        "neighborhood": "Favela de Santa Cruz da Serra A"
      }
    },
    {
      "type": "Feature",
      "id": 57,
      "geometry": {
        "type": "Polygon",
        "coordinates": [
          [
            [
              -43.2736271,
              -22.6478321
            ],
            [
              -43.2737162,
              -22.6477213
            ],
            [
              -43.2739992,
              -22.6475798
            ],
            [
              -43.27405,
              -22.6475398
            ],
            [
              -43.2742931,
              -22.6474237
            ],
            [
              -43.2745036,
              -22.647304
            ],
            [
              -43.2747431,
              -22.6471879
            ],
            [
              -43.2747032,
              -22.647108
            ],
            [
              -43.2748738,
              -22.6470572
            ],
            [
              -43.2747613,
              -22.6467742
            ],
            [
              -43.2748157,
              -22.6467125
            ],
            [
              -43.2749463,
              -22.6466798
            ],
            [
              -43.2750044,
              -22.6467379
            ],
            [
              -43.2750588,
              -22.646854
            ],
            [
              -43.2751604,
              -22.6468105
            ],
            [
              -43.2751858,
              -22.6468395
            ],
            [
              -43.2752657,
              -22.6468177
            ],
            [
              -43.2752584,
              -22.6467742
            ],
            [
              -43.2754072,
              -22.6467161
            ],
            [
              -43.2753963,
              -22.6466544
            ],
            [
              -43.2755651,
              -22.6465689
            ],
            [
              -43.2757456,
              -22.64688
            ],
            [
              -43.2757793,
              -22.6469381
            ],
            [
              -43.2758001,
              -22.646974
            ],
            [
              -43.2737522,
              -22.6480591
            ],
            [
              -43.2727004,
              -22.6486316
            ],
            [
              -43.2695843,
              -22.6501224
            ],
            [
              -43.2695757,
              -22.6501082
            ],
            [
              -43.26902,
              -22.6491817
            ],
            [
              -43.2694777,
              -22.6489514
            ],
            [
              -43.2695358,
              -22.6488898
            ],
            [
              -43.2696447,
              -22.6488498
            ],
            [
              -43.2698769,
              -22.6488136
            ],
            [
              -43.2702035,
              -22.648614
            ],
            [
              -43.2705119,
              -22.6490857
            ],
            [
              -43.2714119,
              -22.648614
            ],
            [
              -43.2713901,
              -22.6485849
            ],
            [
              -43.2716369,
              -22.6484688
            ],
            [
              -43.2718836,
              -22.6486067
            ],
            [
              -43.2721159,
              -22.6484942
            ],
            [
              -43.2721921,
              -22.6486103
            ],
            [
              -43.2722284,
              -22.6486793
            ],
            [
              -43.2726094,
              -22.6484724
            ],
            [
              -43.2729686,
              -22.6482583
            ],
            [
              -43.2735783,
              -22.6478664
            ],
            [
              -43.2736271,
              -22.6478321
            ]
          ]
        ]
      },
      "properties": {
        "neighborhood": "Favela de Santa Cruz da Serra A"
      }
    },
    {
      "type": "Feature",
      "id": 59,
      "geometry": {
        "type": "Polygon",
        "coordinates": [
          [
            [
              -43.2209642,
              -22.6441311
            ],
            [
              -43.2196257,
              -22.6473183
            ],
            [
              -43.2130557,
              -22.646863
            ],
            [
              -43.2118509,
              -22.6439009
            ],
            [
              -43.2118524,
              -22.6406525
            ],
            [
              -43.2115158,
              -22.6397621
            ],
            [
              -43.2105296,
              -22.6384308
            ],
            [
              -43.2144657,
              -22.6358634
            ],
            [
              -43.2184932,
              -22.6411062
            ],
            [
              -43.2183494,
              -22.6413356
            ],
            [
              -43.2199298,
              -22.6432784
            ],
            [
              -43.2202674,
              -22.6431906
            ],
            [
              -43.2209642,
              -22.6441311
            ]
          ]
        ]
      },
      "properties": {
        "neighborhood": "Comunidade Rodrigues Alves"
      }
    },
    {
      "type": "Feature",
      "id": 60,
      "geometry": {
        "type": "Polygon",
        "coordinates": [
          [
            [
              -43.2055118,
              -22.6374953
            ],
            [
              -43.2055673,
              -22.6373386
            ],
            [
              -43.2083809,
              -22.6350003
            ],
            [
              -43.2088828,
              -22.6362665
            ],
            [
              -43.209866,
              -22.6372676
            ],
            [
              -43.2105296,
              -22.6384308
            ],
            [
              -43.2115158,
              -22.6397621
            ],
            [
              -43.2118524,
              -22.6406525
            ],
            [
              -43.2118518,
              -22.6418984
            ],
            [
              -43.2118511,
              -22.6433754
            ],
            [
              -43.2115606,
              -22.6438072
            ],
            [
              -43.2110421,
              -22.6429755
            ],
            [
              -43.2098447,
              -22.6420526
            ],
            [
              -43.2089189,
              -22.6415855
            ],
            [
              -43.2078079,
              -22.640412
            ],
            [
              -43.2067339,
              -22.6391473
            ],
            [
              -43.2055118,
              -22.6374953
            ]
          ]
        ]
      },
      "properties": {
        "neighborhood": "Comunidade do Quinze"
      }
    },
    {
      "type": "Feature",
      "id": 61,
      "geometry": {
        "type": "Polygon",
        "coordinates": [
          [
            [
              -43.3041777,
              -22.7489503
            ],
            [
              -43.3038053,
              -22.7494689
            ],
            [
              -43.3036228,
              -22.749321
            ],
            [
              -43.3032736,
              -22.7490738
            ],
            [
              -43.3030727,
              -22.7489009
            ],
            [
              -43.303026,
              -22.7487709
            ],
            [
              -43.3024123,
              -22.7486812
            ],
            [
              -43.3023815,
              -22.7487763
            ],
            [
              -43.3019044,
              -22.74873
            ],
            [
              -43.3011791,
              -22.7487368
            ],
            [
              -43.3004721,
              -22.7486861
            ],
            [
              -43.300449,
              -22.7488354
            ],
            [
              -43.3003935,
              -22.7488119
            ],
            [
              -43.300335,
              -22.7488008
            ],
            [
              -43.3000606,
              -22.7487659
            ],
            [
              -43.3000817,
              -22.7485615
            ],
            [
              -43.3001061,
              -22.7483249
            ],
            [
              -43.3001282,
              -22.7482143
            ],
            [
              -43.300051,
              -22.7480796
            ],
            [
              -43.3000532,
              -22.7477619
            ],
            [
              -43.2992226,
              -22.747661
            ],
            [
              -43.2971516,
              -22.7477281
            ],
            [
              -43.2973007,
              -22.7480424
            ],
            [
              -43.2974091,
              -22.7485135
            ],
            [
              -43.2975538,
              -22.7488152
            ],
            [
              -43.2976239,
              -22.7492078
            ],
            [
              -43.297698,
              -22.7495177
            ],
            [
              -43.2975359,
              -22.7495931
            ],
            [
              -43.2966428,
              -22.7495586
            ],
            [
              -43.2949512,
              -22.749485
            ],
            [
              -43.2945964,
              -22.7494341
            ],
            [
              -43.2939592,
              -22.7494187
            ],
            [
              -43.2934089,
              -22.7493623
            ],
            [
              -43.2927473,
              -22.7493372
            ],
            [
              -43.2927112,
              -22.7493972
            ],
            [
              -43.2926627,
              -22.7494721
            ],
            [
              -43.292634,
              -22.7496119
            ],
            [
              -43.2926061,
              -22.7497461
            ],
            [
              -43.2925758,
              -22.7498919
            ],
            [
              -43.2925385,
              -22.7500693
            ],
            [
              -43.2925303,
              -22.7502636
            ],
            [
              -43.2925125,
              -22.7504585
            ],
            [
              -43.2924494,
              -22.7505387
            ],
            [
              -43.2923031,
              -22.7504861
            ],
            [
              -43.2922592,
              -22.7503602
            ],
            [
              -43.2922589,
              -22.7501101
            ],
            [
              -43.292296,
              -22.7498814
            ],
            [
              -43.2923227,
              -22.7496305
            ],
            [
              -43.2923896,
              -22.749415
            ],
            [
              -43.2924464,
              -22.7492481
            ],
            [
              -43.2924713,
              -22.7489564
            ],
            [
              -43.2924978,
              -22.7485157
            ],
            [
              -43.2925235,
              -22.7481551
            ],
            [
              -43.2924664,
              -22.7478956
            ],
            [
              -43.2925303,
              -22.7474536
            ],
            [
              -43.2926659,
              -22.746878
            ],
            [
              -43.2927684,
              -22.7468305
            ],
            [
              -43.2930855,
              -22.7468736
            ],
            [
              -43.2933832,
              -22.7468954
            ],
            [
              -43.2936991,
              -22.7469208
            ],
            [
              -43.2939431,
              -22.7469677
            ],
            [
              -43.294522,
              -22.7470282
            ],
            [
              -43.2948223,
              -22.7470303
            ],
            [
              -43.2951838,
              -22.7470673
            ],
            [
              -43.2954204,
              -22.7471271
            ],
            [
              -43.2959742,
              -22.7471033
            ],
            [
              -43.2963522,
              -22.7470849
            ],
            [
              -43.2967048,
              -22.7471535
            ],
            [
              -43.29696,
              -22.7472037
            ],
            [
              -43.2972786,
              -22.7471665
            ],
            [
              -43.2976495,
              -22.7471563
            ],
            [
              -43.2981191,
              -22.7472049
            ],
            [
              -43.2985013,
              -22.7472182
            ],
            [
              -43.2987502,
              -22.7472199
            ],
            [
              -43.2990015,
              -22.7471967
            ],
            [
              -43.2995114,
              -22.7472043
            ],
            [
              -43.299976,
              -22.7472206
            ],
            [
              -43.3001282,
              -22.7471351
            ],
            [
              -43.3003266,
              -22.7471371
            ],
            [
              -43.3004595,
              -22.747217
            ],
            [
              -43.3008754,
              -22.7472534
            ],
            [
              -43.3013432,
              -22.7471957
            ],
            [
              -43.3018656,
              -22.7472569
            ],
            [
              -43.3022947,
              -22.7472361
            ],
            [
              -43.3027164,
              -22.7472565
            ],
            [
              -43.3034172,
              -22.7474676
            ],
            [
              -43.3040665,
              -22.747735
            ],
            [
              -43.3044392,
              -22.747896
            ],
            [
              -43.3046953,
              -22.7480145
            ],
            [
              -43.3050075,
              -22.7481614
            ],
            [
              -43.30529,
              -22.7484064
            ],
            [
              -43.3055528,
              -22.7486202
            ],
            [
              -43.3058666,
              -22.748837
            ],
            [
              -43.3059885,
              -22.7490313
            ],
            [
              -43.3054012,
              -22.7497684
            ],
            [
              -43.3041777,
              -22.7489503
            ]
          ]
        ]
      },
      "properties": {
        "neighborhood": "Favela do Dick 1"
      }
    },
    {
      "type": "Feature",
      "id": 62,
      "geometry": {
        "type": "Polygon",
        "coordinates": [
          [
            [
              -43.3015746,
              -22.7300823
            ],
            [
              -43.3029005,
              -22.729615
            ],
            [
              -43.303444,
              -22.730858
            ],
            [
              -43.3025175,
              -22.7312083
            ],
            [
              -43.3046085,
              -22.7357734
            ],
            [
              -43.3041321,
              -22.7359925
            ],
            [
              -43.3043629,
              -22.7365128
            ],
            [
              -43.3038611,
              -22.7373971
            ],
            [
              -43.3036766,
              -22.7374754
            ],
            [
              -43.3035132,
              -22.7373377
            ],
            [
              -43.3031001,
              -22.7367421
            ],
            [
              -43.302406,
              -22.7354706
            ],
            [
              -43.3018985,
              -22.7344899
            ],
            [
              -43.301354,
              -22.7335352
            ],
            [
              -43.3004298,
              -22.7319178
            ],
            [
              -43.300229,
              -22.7315436
            ],
            [
              -43.2998341,
              -22.7307091
            ],
            [
              -43.2996836,
              -22.7299405
            ],
            [
              -43.3004298,
              -22.7296204
            ],
            [
              -43.3012232,
              -22.729299
            ],
            [
              -43.3015746,
              -22.7300823
            ]
          ]
        ]
      },
      "properties": {
        "neighborhood": "Favela da Beiralinha"
      }
    },
    {
      "type": "Feature",
      "id": 63,
      "geometry": {
        "type": "Polygon",
        "coordinates": [
          [
            [
              -43.3083005,
              -22.7354017
            ],
            [
              -43.3080207,
              -22.7353672
            ],
            [
              -43.3072602,
              -22.7362959
            ],
            [
              -43.3067761,
              -22.7362548
            ],
            [
              -43.306539,
              -22.7367975
            ],
            [
              -43.3061996,
              -22.7366813
            ],
            [
              -43.3059103,
              -22.7364826
            ],
            [
              -43.3056682,
              -22.7363571
            ],
            [
              -43.305086,
              -22.7367494
            ],
            [
              -43.3025178,
              -22.7311964
            ],
            [
              -43.3041483,
              -22.7305789
            ],
            [
              -43.3043309,
              -22.7307338
            ],
            [
              -43.3056185,
              -22.7303824
            ],
            [
              -43.3056561,
              -22.730114
            ],
            [
              -43.3059153,
              -22.7298892
            ],
            [
              -43.3062238,
              -22.729715
            ],
            [
              -43.3066202,
              -22.7295706
            ],
            [
              -43.3072641,
              -22.7295258
            ],
            [
              -43.3075325,
              -22.7297001
            ],
            [
              -43.3078539,
              -22.7299515
            ],
            [
              -43.3082363,
              -22.7302947
            ],
            [
              -43.3079576,
              -22.7306638
            ],
            [
              -43.3077248,
              -22.7310791
            ],
            [
              -43.3075711,
              -22.7317467
            ],
            [
              -43.3078209,
              -22.731839
            ],
            [
              -43.3077448,
              -22.7323789
            ],
            [
              -43.3075953,
              -22.7328164
            ],
            [
              -43.3073572,
              -22.7335808
            ],
            [
              -43.3075775,
              -22.7338545
            ],
            [
              -43.3079705,
              -22.7342331
            ],
            [
              -43.3081818,
              -22.7345394
            ],
            [
              -43.3084108,
              -22.7351664
            ],
            [
              -43.3083005,
              -22.7354017
            ]
          ]
        ]
      },
      "properties": {
        "neighborhood": "Favela da Cova do Boi"
      }
    },
    {
      "type": "Feature",
      "id": 64,
      "geometry": {
        "type": "Polygon",
        "coordinates": [
          [
            [
              -43.3306065,
              -22.724629
            ],
            [
              -43.3308798,
              -22.7243503
            ],
            [
              -43.3311154,
              -22.7241659
            ],
            [
              -43.3313529,
              -22.7241036
            ],
            [
              -43.3316094,
              -22.7240866
            ],
            [
              -43.3317089,
              -22.724097
            ],
            [
              -43.3321883,
              -22.7241463
            ],
            [
              -43.3324663,
              -22.7241423
            ],
            [
              -43.3328583,
              -22.7240107
            ],
            [
              -43.3333925,
              -22.7238537
            ],
            [
              -43.3333324,
              -22.724058
            ],
            [
              -43.3345049,
              -22.7242685
            ],
            [
              -43.334908,
              -22.7243496
            ],
            [
              -43.3347573,
              -22.7252438
            ],
            [
              -43.3346483,
              -22.7256372
            ],
            [
              -43.3346093,
              -22.7260185
            ],
            [
              -43.3342647,
              -22.7260317
            ],
            [
              -43.3342821,
              -22.7255616
            ],
            [
              -43.3327232,
              -22.72541
            ],
            [
              -43.3321604,
              -22.7252605
            ],
            [
              -43.3322265,
              -22.7251321
            ],
            [
              -43.3316981,
              -22.7250429
            ],
            [
              -43.3312759,
              -22.7250227
            ],
            [
              -43.3308389,
              -22.7248239
            ],
            [
              -43.3306065,
              -22.724629
            ]
          ]
        ]
      },
      "properties": {
        "neighborhood": "Morro do Bento"
      }
    },
    {
      "type": "Feature",
      "id": 65,
      "geometry": {
        "type": "Polygon",
        "coordinates": [
          [
            [
              -43.3099177,
              -22.7312041
            ],
            [
              -43.3091674,
              -22.7330868
            ],
            [
              -43.3090252,
              -22.7331314
            ],
            [
              -43.3085444,
              -22.7327348
            ],
            [
              -43.3077583,
              -22.7323754
            ],
            [
              -43.3078391,
              -22.7318237
            ],
            [
              -43.3075752,
              -22.7317555
            ],
            [
              -43.3077261,
              -22.7310976
            ],
            [
              -43.3079399,
              -22.7306772
            ],
            [
              -43.3082375,
              -22.7302984
            ],
            [
              -43.3078391,
              -22.7299641
            ],
            [
              -43.307554,
              -22.7296989
            ],
            [
              -43.3072643,
              -22.7295145
            ],
            [
              -43.3074472,
              -22.7293494
            ],
            [
              -43.3075664,
              -22.7291753
            ],
            [
              -43.3076473,
              -22.7287151
            ],
            [
              -43.3076435,
              -22.7285056
            ],
            [
              -43.3075826,
              -22.7282327
            ],
            [
              -43.3072349,
              -22.7278538
            ],
            [
              -43.3060311,
              -22.7270564
            ],
            [
              -43.3068193,
              -22.7257694
            ],
            [
              -43.3074298,
              -22.7249898
            ],
            [
              -43.3090064,
              -22.7253549
            ],
            [
              -43.3097488,
              -22.7252989
            ],
            [
              -43.3099161,
              -22.7259292
            ],
            [
              -43.3102219,
              -22.7268096
            ],
            [
              -43.3102774,
              -22.7272452
            ],
            [
              -43.3104014,
              -22.7282006
            ],
            [
              -43.3107042,
              -22.7288926
            ],
            [
              -43.3107059,
              -22.7292609
            ],
            [
              -43.3106267,
              -22.7297347
            ],
            [
              -43.3101747,
              -22.7303596
            ],
            [
              -43.3099177,
              -22.7312041
            ]
          ]
        ]
      },
      "properties": {
        "neighborhood": "Favela Beco da GlCria"
      }
    },
    {
      "type": "Feature",
      "id": 67,
      "geometry": {
        "type": "Polygon",
        "coordinates": [
          [
            [
              -43.248266,
              -22.6922371
            ],
            [
              -43.2466576,
              -22.6912458
            ],
            [
              -43.2455297,
              -22.6914999
            ],
            [
              -43.2446032,
              -22.6909166
            ],
            [
              -43.2439144,
              -22.6912604
            ],
            [
              -43.241629,
              -22.6912895
            ],
            [
              -43.2416173,
              -22.6895605
            ],
            [
              -43.2409737,
              -22.6895575
            ],
            [
              -43.2409312,
              -22.6872268
            ],
            [
              -43.240568,
              -22.6869345
            ],
            [
              -43.2415831,
              -22.6856376
            ],
            [
              -43.2420353,
              -22.6850313
            ],
            [
              -43.2444967,
              -22.6868399
            ],
            [
              -43.2456906,
              -22.6856618
            ],
            [
              -43.2483146,
              -22.6876532
            ],
            [
              -43.2490425,
              -22.6869152
            ],
            [
              -43.2500967,
              -22.6877551
            ],
            [
              -43.2507194,
              -22.6871377
            ],
            [
              -43.2513401,
              -22.6865476
            ],
            [
              -43.2521665,
              -22.6857405
            ],
            [
              -43.2524669,
              -22.6854478
            ],
            [
              -43.2527212,
              -22.6856556
            ],
            [
              -43.2513025,
              -22.6871776
            ],
            [
              -43.2506705,
              -22.6878202
            ],
            [
              -43.2498947,
              -22.6887042
            ],
            [
              -43.2517893,
              -22.6903106
            ],
            [
              -43.2521602,
              -22.6906124
            ],
            [
              -43.2523035,
              -22.6907497
            ],
            [
              -43.252367,
              -22.6908163
            ],
            [
              -43.2523062,
              -22.6909237
            ],
            [
              -43.2520626,
              -22.6911567
            ],
            [
              -43.251399,
              -22.6918687
            ],
            [
              -43.2508415,
              -22.6923937
            ],
            [
              -43.2504971,
              -22.692749
            ],
            [
              -43.2501673,
              -22.6931435
            ],
            [
              -43.2497751,
              -22.6935111
            ],
            [
              -43.2493624,
              -22.693107
            ],
            [
              -43.2490534,
              -22.6928425
            ],
            [
              -43.2487778,
              -22.6925849
            ],
            [
              -43.248266,
              -22.6922371
            ]
          ]
        ]
      },
      "properties": {
        "neighborhood": "Favela do Rasta"
      }
    },
    {
      "type": "Feature",
      "id": 68,
      "geometry": {
        "type": "Polygon",
        "coordinates": [
          [
            [
              -43.2457034,
              -22.6856684
            ],
            [
              -43.2444992,
              -22.6868048
            ],
            [
              -43.2430686,
              -22.6856991
            ],
            [
              -43.2421186,
              -22.6850214
            ],
            [
              -43.2414688,
              -22.6845976
            ],
            [
              -43.240959,
              -22.6843707
            ],
            [
              -43.2406531,
              -22.684022
            ],
            [
              -43.2401584,
              -22.6835238
            ],
            [
              -43.2399078,
              -22.6832627
            ],
            [
              -43.2397549,
              -22.6832555
            ],
            [
              -43.2396064,
              -22.6831379
            ],
            [
              -43.2395321,
              -22.6830318
            ],
            [
              -43.2391931,
              -22.682719
            ],
            [
              -43.2386274,
              -22.6822647
            ],
            [
              -43.2377694,
              -22.6815468
            ],
            [
              -43.2366053,
              -22.681089
            ],
            [
              -43.2365992,
              -22.6807365
            ],
            [
              -43.2366261,
              -22.6802611
            ],
            [
              -43.236584,
              -22.6798514
            ],
            [
              -43.2365529,
              -22.6794802
            ],
            [
              -43.2365147,
              -22.6792117
            ],
            [
              -43.2364839,
              -22.678979
            ],
            [
              -43.2365202,
              -22.6787286
            ],
            [
              -43.2365402,
              -22.6784204
            ],
            [
              -43.2365696,
              -22.6782725
            ],
            [
              -43.2366423,
              -22.6781266
            ],
            [
              -43.2367216,
              -22.6779628
            ],
            [
              -43.2367597,
              -22.6778586
            ],
            [
              -43.2368021,
              -22.6777438
            ],
            [
              -43.236805,
              -22.6776163
            ],
            [
              -43.2368082,
              -22.6774537
            ],
            [
              -43.2367509,
              -22.6773008
            ],
            [
              -43.2367422,
              -22.6770522
            ],
            [
              -43.2368433,
              -22.6768501
            ],
            [
              -43.2370143,
              -22.6766997
            ],
            [
              -43.2373147,
              -22.6765965
            ],
            [
              -43.2378014,
              -22.6765002
            ],
            [
              -43.2383436,
              -22.6764354
            ],
            [
              -43.2388222,
              -22.6779454
            ],
            [
              -43.2402221,
              -22.6790856
            ],
            [
              -43.2398679,
              -22.67951
            ],
            [
              -43.2404837,
              -22.6799631
            ],
            [
              -43.2406722,
              -22.6798195
            ],
            [
              -43.242039,
              -22.6808749
            ],
            [
              -43.2419538,
              -22.6811031
            ],
            [
              -43.2431714,
              -22.6822575
            ],
            [
              -43.2435573,
              -22.682701
            ],
            [
              -43.244436,
              -22.6833291
            ],
            [
              -43.2463165,
              -22.6848532
            ],
            [
              -43.2480927,
              -22.6861769
            ],
            [
              -43.2490072,
              -22.6868874
            ],
            [
              -43.2482837,
              -22.6876
            ],
            [
              -43.2457034,
              -22.6856684
            ]
          ]
        ]
      },
      "properties": {
        "neighborhood": "Favela da Coraia"
      }
    },
    {
      "type": "Feature",
      "id": 69,
      "geometry": {
        "type": "Polygon",
        "coordinates": [
          [
            [
              -43.2435434,
              -22.6826824
            ],
            [
              -43.2431737,
              -22.6822661
            ],
            [
              -43.2427988,
              -22.6819193
            ],
            [
              -43.2419707,
              -22.6811121
            ],
            [
              -43.2420322,
              -22.6808619
            ],
            [
              -43.2406667,
              -22.679826
            ],
            [
              -43.2404924,
              -22.6799632
            ],
            [
              -43.239922,
              -22.6795204
            ],
            [
              -43.2402195,
              -22.6790159
            ],
            [
              -43.2388239,
              -22.6778998
            ],
            [
              -43.2386124,
              -22.6772807
            ],
            [
              -43.2385466,
              -22.6770237
            ],
            [
              -43.2384276,
              -22.6764437
            ],
            [
              -43.2387637,
              -22.6763583
            ],
            [
              -43.2392165,
              -22.6763038
            ],
            [
              -43.2396159,
              -22.6762476
            ],
            [
              -43.2398276,
              -22.6762205
            ],
            [
              -43.2400359,
              -22.6761817
            ],
            [
              -43.2402729,
              -22.6761488
            ],
            [
              -43.2404663,
              -22.6761166
            ],
            [
              -43.2407438,
              -22.6760463
            ],
            [
              -43.240954,
              -22.6759885
            ],
            [
              -43.2411047,
              -22.6758977
            ],
            [
              -43.241277,
              -22.6757739
            ],
            [
              -43.2414726,
              -22.6756138
            ],
            [
              -43.2416116,
              -22.6754751
            ],
            [
              -43.241669,
              -22.6753875
            ],
            [
              -43.2417413,
              -22.675343
            ],
            [
              -43.2418181,
              -22.6753656
            ],
            [
              -43.2425584,
              -22.6757108
            ],
            [
              -43.2432334,
              -22.6760201
            ],
            [
              -43.2438484,
              -22.676326
            ],
            [
              -43.2443739,
              -22.6765526
            ],
            [
              -43.2450142,
              -22.6768329
            ],
            [
              -43.2455336,
              -22.6771405
            ],
            [
              -43.2443018,
              -22.6784589
            ],
            [
              -43.2459724,
              -22.6801849
            ],
            [
              -43.2476384,
              -22.6815032
            ],
            [
              -43.2453237,
              -22.6840291
            ],
            [
              -43.2435434,
              -22.6826824
            ]
          ]
        ]
      },
      "properties": {
        "neighborhood": "Favela do Conjunto"
      }
    },
    {
      "type": "Feature",
      "id": 70,
      "geometry": {
        "type": "Polygon",
        "coordinates": [
          [
            [
              -43.3076354,
              -22.7500817
            ],
            [
              -43.3084694,
              -22.7506936
            ],
            [
              -43.3084793,
              -22.750696
            ],
            [
              -43.3091828,
              -22.7511096
            ],
            [
              -43.3104795,
              -22.7515211
            ],
            [
              -43.3114591,
              -22.751782
            ],
            [
              -43.3128713,
              -22.7521189
            ],
            [
              -43.3128148,
              -22.7524094
            ],
            [
              -43.3117386,
              -22.7521658
            ],
            [
              -43.3106542,
              -22.7519174
            ],
            [
              -43.3097746,
              -22.751645
            ],
            [
              -43.3093008,
              -22.7514676
            ],
            [
              -43.3086819,
              -22.751201
            ],
            [
              -43.3081807,
              -22.7509258
            ],
            [
              -43.3078263,
              -22.7506459
            ],
            [
              -43.3068675,
              -22.7499444
            ],
            [
              -43.3066961,
              -22.7499319
            ],
            [
              -43.3069181,
              -22.7501135
            ],
            [
              -43.3071662,
              -22.7503183
            ],
            [
              -43.3072184,
              -22.7503644
            ],
            [
              -43.3074249,
              -22.7504375
            ],
            [
              -43.3075112,
              -22.7505502
            ],
            [
              -43.3076782,
              -22.7506091
            ],
            [
              -43.3076575,
              -22.7506924
            ],
            [
              -43.3077642,
              -22.7507326
            ],
            [
              -43.3078617,
              -22.7508857
            ],
            [
              -43.3081272,
              -22.751083
            ],
            [
              -43.3084711,
              -22.7512844
            ],
            [
              -43.3087019,
              -22.7513569
            ],
            [
              -43.3087768,
              -22.7514524
            ],
            [
              -43.3089566,
              -22.7515689
            ],
            [
              -43.3091217,
              -22.7515981
            ],
            [
              -43.3096763,
              -22.7518535
            ],
            [
              -43.3097071,
              -22.7517618
            ],
            [
              -43.31005,
              -22.7519005
            ],
            [
              -43.3101817,
              -22.7518949
            ],
            [
              -43.3102361,
              -22.7519705
            ],
            [
              -43.3103563,
              -22.7519863
            ],
            [
              -43.310463,
              -22.7520047
            ],
            [
              -43.3105116,
              -22.7520449
            ],
            [
              -43.3113022,
              -22.7522738
            ],
            [
              -43.3119802,
              -22.7524402
            ],
            [
              -43.3125758,
              -22.7525666
            ],
            [
              -43.3131655,
              -22.7527133
            ],
            [
              -43.3140615,
              -22.7529023
            ],
            [
              -43.3145122,
              -22.7530439
            ],
            [
              -43.314509,
              -22.753135
            ],
            [
              -43.3147446,
              -22.7532247
            ],
            [
              -43.3148459,
              -22.7531572
            ],
            [
              -43.3154333,
              -22.7532925
            ],
            [
              -43.3152651,
              -22.7535982
            ],
            [
              -43.3154506,
              -22.7536643
            ],
            [
              -43.3153054,
              -22.7538832
            ],
            [
              -43.3155365,
              -22.7539984
            ],
            [
              -43.3158751,
              -22.7536221
            ],
            [
              -43.3162404,
              -22.7537837
            ],
            [
              -43.3165338,
              -22.7539693
            ],
            [
              -43.3160124,
              -22.7545364
            ],
            [
              -43.3154822,
              -22.75518
            ],
            [
              -43.3148254,
              -22.7547269
            ],
            [
              -43.3142171,
              -22.754377
            ],
            [
              -43.3117855,
              -22.75304
            ],
            [
              -43.3113267,
              -22.7536744
            ],
            [
              -43.3109635,
              -22.7534571
            ],
            [
              -43.3109085,
              -22.7535447
            ],
            [
              -43.3107776,
              -22.7534686
            ],
            [
              -43.310743,
              -22.7535224
            ],
            [
              -43.3104116,
              -22.7532783
            ],
            [
              -43.3103329,
              -22.7534481
            ],
            [
              -43.3095052,
              -22.7529725
            ],
            [
              -43.3091199,
              -22.7536461
            ],
            [
              -43.3083752,
              -22.7531876
            ],
            [
              -43.3076321,
              -22.7527712
            ],
            [
              -43.3058656,
              -22.7523806
            ],
            [
              -43.3061096,
              -22.7519937
            ],
            [
              -43.3061544,
              -22.7520067
            ],
            [
              -43.3068003,
              -22.751006
            ],
            [
              -43.3066882,
              -22.7509521
            ],
            [
              -43.306838,
              -22.7507467
            ],
            [
              -43.3063259,
              -22.7504751
            ],
            [
              -43.3060748,
              -22.7503691
            ],
            [
              -43.3067468,
              -22.7493775
            ],
            [
              -43.3076354,
              -22.7500817
            ]
          ]
        ]
      },
      "properties": {
        "neighborhood": "Favela da Jerusa"
      }
    },
    {
      "type": "Feature",
      "id": 71,
      "geometry": {
        "type": "Polygon",
        "coordinates": [
          [
            [
              -43.3252287,
              -22.7676828
            ],
            [
              -43.3277952,
              -22.7681767
            ],
            [
              -43.3278564,
              -22.7699182
            ],
            [
              -43.3287631,
              -22.7701016
            ],
            [
              -43.329628,
              -22.7702929
            ],
            [
              -43.3296698,
              -22.7714167
            ],
            [
              -43.3297127,
              -22.771612
            ],
            [
              -43.3297114,
              -22.7717601
            ],
            [
              -43.3296929,
              -22.7718873
            ],
            [
              -43.329683,
              -22.772056
            ],
            [
              -43.3296948,
              -22.772244
            ],
            [
              -43.3297437,
              -22.7722856
            ],
            [
              -43.3297158,
              -22.7723636
            ],
            [
              -43.3297062,
              -22.7724834
            ],
            [
              -43.3297146,
              -22.7726492
            ],
            [
              -43.329681,
              -22.7728007
            ],
            [
              -43.3296371,
              -22.7729387
            ],
            [
              -43.329594,
              -22.7730603
            ],
            [
              -43.3295877,
              -22.773148
            ],
            [
              -43.3295236,
              -22.7732763
            ],
            [
              -43.3295259,
              -22.7734269
            ],
            [
              -43.3295145,
              -22.7738785
            ],
            [
              -43.3292455,
              -22.7739267
            ],
            [
              -43.3288604,
              -22.7739649
            ],
            [
              -43.3286083,
              -22.7740278
            ],
            [
              -43.3275544,
              -22.7737842
            ],
            [
              -43.3272443,
              -22.7735323
            ],
            [
              -43.3261726,
              -22.7732004
            ],
            [
              -43.325851,
              -22.7731552
            ],
            [
              -43.3256166,
              -22.7732539
            ],
            [
              -43.3253754,
              -22.773412
            ],
            [
              -43.3247863,
              -22.7736538
            ],
            [
              -43.3244664,
              -22.7730449
            ],
            [
              -43.323945,
              -22.7708243
            ],
            [
              -43.323883,
              -22.7708238
            ],
            [
              -43.3235248,
              -22.7686808
            ],
            [
              -43.3246209,
              -22.7693701
            ],
            [
              -43.3242586,
              -22.767522
            ],
            [
              -43.3252287,
              -22.7676828
            ]
          ]
        ]
      },
      "properties": {
        "neighborhood": "Morro do Sao Pedro"
      }
    },
    {
      "type": "Feature",
      "id": 72,
      "geometry": {
        "type": "Polygon",
        "coordinates": [
          [
            [
              -43.3210083,
              -22.7707718
            ],
            [
              -43.3211083,
              -22.7709547
            ],
            [
              -43.3208136,
              -22.7710679
            ],
            [
              -43.3205208,
              -22.7706971
            ],
            [
              -43.3197174,
              -22.7702925
            ],
            [
              -43.3196137,
              -22.770093
            ],
            [
              -43.319311,
              -22.7700543
            ],
            [
              -43.3191223,
              -22.7701725
            ],
            [
              -43.3190179,
              -22.7701518
            ],
            [
              -43.3187697,
              -22.7701815
            ],
            [
              -43.3187043,
              -22.7699791
            ],
            [
              -43.3187075,
              -22.769716
            ],
            [
              -43.3188905,
              -22.7693729
            ],
            [
              -43.3172706,
              -22.7690418
            ],
            [
              -43.3161584,
              -22.7689542
            ],
            [
              -43.3148887,
              -22.7688177
            ],
            [
              -43.314841,
              -22.76849
            ],
            [
              -43.3162848,
              -22.7684631
            ],
            [
              -43.3159317,
              -22.7670449
            ],
            [
              -43.3162512,
              -22.7669536
            ],
            [
              -43.3166901,
              -22.7667674
            ],
            [
              -43.3173196,
              -22.7665023
            ],
            [
              -43.3180394,
              -22.7662582
            ],
            [
              -43.3185956,
              -22.7652809
            ],
            [
              -43.3184264,
              -22.7651079
            ],
            [
              -43.318469,
              -22.7650485
            ],
            [
              -43.3195745,
              -22.7649193
            ],
            [
              -43.3232694,
              -22.7674469
            ],
            [
              -43.3235248,
              -22.7686808
            ],
            [
              -43.323883,
              -22.7708238
            ],
            [
              -43.3237441,
              -22.7708159
            ],
            [
              -43.3223037,
              -22.7698802
            ],
            [
              -43.3210083,
              -22.7707718
            ]
          ]
        ]
      },
      "properties": {
        "neighborhood": "Favelinha de Caxias"
      }
    },
    {
      "type": "Feature",
      "id": 73,
      "geometry": {
        "type": "Polygon",
        "coordinates": [
          [
            [
              -43.3060064,
              -22.7675479
            ],
            [
              -43.3068064,
              -22.7670508
            ],
            [
              -43.3072858,
              -22.7667837
            ],
            [
              -43.3076195,
              -22.7665837
            ],
            [
              -43.3081959,
              -22.7667385
            ],
            [
              -43.3086319,
              -22.7668064
            ],
            [
              -43.3091834,
              -22.7666929
            ],
            [
              -43.3097289,
              -22.7666122
            ],
            [
              -43.3100791,
              -22.7665419
            ],
            [
              -43.3104585,
              -22.7667443
            ],
            [
              -43.3108537,
              -22.7669551
            ],
            [
              -43.3111405,
              -22.7671081
            ],
            [
              -43.3114123,
              -22.7672929
            ],
            [
              -43.3115519,
              -22.7675358
            ],
            [
              -43.3122099,
              -22.7676109
            ],
            [
              -43.3125823,
              -22.7677073
            ],
            [
              -43.3127562,
              -22.7678571
            ],
            [
              -43.3129174,
              -22.7683335
            ],
            [
              -43.3148522,
              -22.7684915
            ],
            [
              -43.3148937,
              -22.7688045
            ],
            [
              -43.3161584,
              -22.7689542
            ],
            [
              -43.3164968,
              -22.7701888
            ],
            [
              -43.3168974,
              -22.7727719
            ],
            [
              -43.3169553,
              -22.7731462
            ],
            [
              -43.3073791,
              -22.7745126
            ],
            [
              -43.3060064,
              -22.7675479
            ]
          ]
        ]
      },
      "properties": {
        "neighborhood": "Favela do Corte 8"
      }
    },
    {
      "type": "Feature",
      "id": 74,
      "geometry": {
        "type": "Polygon",
        "coordinates": [
          [
            [
              -43.3289655,
              -22.7771905
            ],
            [
              -43.329429,
              -22.7774095
            ],
            [
              -43.3302092,
              -22.7747353
            ],
            [
              -43.330631,
              -22.7748065
            ],
            [
              -43.3308209,
              -22.7754463
            ],
            [
              -43.3306101,
              -22.7757968
            ],
            [
              -43.3307388,
              -22.7762062
            ],
            [
              -43.3309091,
              -22.7766997
            ],
            [
              -43.3308195,
              -22.7772152
            ],
            [
              -43.3308327,
              -22.7778191
            ],
            [
              -43.3308326,
              -22.7782644
            ],
            [
              -43.3308186,
              -22.7786999
            ],
            [
              -43.3307432,
              -22.7791309
            ],
            [
              -43.3307408,
              -22.7796053
            ],
            [
              -43.3307471,
              -22.7800807
            ],
            [
              -43.3306813,
              -22.7804155
            ],
            [
              -43.3306459,
              -22.7809688
            ],
            [
              -43.3306067,
              -22.7815584
            ],
            [
              -43.3305385,
              -22.7827679
            ],
            [
              -43.3298591,
              -22.7830261
            ],
            [
              -43.3297805,
              -22.7828859
            ],
            [
              -43.3296417,
              -22.7829116
            ],
            [
              -43.3296047,
              -22.7827111
            ],
            [
              -43.3294449,
              -22.7826602
            ],
            [
              -43.3291848,
              -22.7828196
            ],
            [
              -43.3289005,
              -22.7825897
            ],
            [
              -43.328181,
              -22.7821028
            ],
            [
              -43.3275063,
              -22.7815948
            ],
            [
              -43.3271263,
              -22.7812512
            ],
            [
              -43.3268542,
              -22.781157
            ],
            [
              -43.3289655,
              -22.7771905
            ]
          ]
        ]
      },
      "properties": {
        "neighborhood": "Morro do Coqueirinho"
      }
    },
    {
      "type": "Feature",
      "id": 75,
      "geometry": {
        "type": "Polygon",
        "coordinates": [
          [
            [
              -43.2362225,
              -22.695416
            ],
            [
              -43.2352989,
              -22.6958555
            ],
            [
              -43.2322515,
              -22.6964099
            ],
            [
              -43.2321834,
              -22.6940285
            ],
            [
              -43.2331333,
              -22.6937086
            ],
            [
              -43.2332871,
              -22.6839617
            ],
            [
              -43.2353588,
              -22.6832205
            ],
            [
              -43.2359417,
              -22.6825863
            ],
            [
              -43.2366167,
              -22.6812855
            ],
            [
              -43.2369441,
              -22.6813422
            ],
            [
              -43.2378283,
              -22.6816887
            ],
            [
              -43.2390455,
              -22.6826949
            ],
            [
              -43.2395937,
              -22.6832141
            ],
            [
              -43.2400417,
              -22.6834726
            ],
            [
              -43.2407648,
              -22.6842781
            ],
            [
              -43.2420279,
              -22.6849912
            ],
            [
              -43.2405522,
              -22.6869188
            ],
            [
              -43.2409235,
              -22.6872391
            ],
            [
              -43.2409702,
              -22.6895627
            ],
            [
              -43.241627,
              -22.6895744
            ],
            [
              -43.2416375,
              -22.6912733
            ],
            [
              -43.2395337,
              -22.6912886
            ],
            [
              -43.240589,
              -22.693139
            ],
            [
              -43.2362225,
              -22.695416
            ]
          ]
        ]
      },
      "properties": {
        "neighborhood": "Favela do Cangulo"
      }
    },
    {
      "type": "Feature",
      "id": 76,
      "geometry": {
        "type": "Polygon",
        "coordinates": [
          [
            [
              -43.2600587,
              -22.6703383
            ],
            [
              -43.2601044,
              -22.6713164
            ],
            [
              -43.2587702,
              -22.6713692
            ],
            [
              -43.2578279,
              -22.6714768
            ],
            [
              -43.2572297,
              -22.6719933
            ],
            [
              -43.2534253,
              -22.6721161
            ],
            [
              -43.2522362,
              -22.6722031
            ],
            [
              -43.2498202,
              -22.6723111
            ],
            [
              -43.2477674,
              -22.6724151
            ],
            [
              -43.2476146,
              -22.6722676
            ],
            [
              -43.2476421,
              -22.6720504
            ],
            [
              -43.2477674,
              -22.6718676
            ],
            [
              -43.2479871,
              -22.6716134
            ],
            [
              -43.2486548,
              -22.6703246
            ],
            [
              -43.2508047,
              -22.6712598
            ],
            [
              -43.2513618,
              -22.6707781
            ],
            [
              -43.2514122,
              -22.6702868
            ],
            [
              -43.2600587,
              -22.6703383
            ]
          ]
        ]
      },
      "properties": {
        "neighborhood": "Favela do Canal"
      }
    },
    {
      "type": "Feature",
      "id": 77,
      "geometry": {
        "type": "Polygon",
        "coordinates": [
          [
            [
              -43.2630053,
              -22.6821003
            ],
            [
              -43.2625045,
              -22.6825057
            ],
            [
              -43.2606886,
              -22.6815248
            ],
            [
              -43.2607358,
              -22.6812476
            ],
            [
              -43.259143,
              -22.6802804
            ],
            [
              -43.2600225,
              -22.679
            ],
            [
              -43.2585147,
              -22.6776398
            ],
            [
              -43.2590432,
              -22.6771849
            ],
            [
              -43.2584752,
              -22.6765194
            ],
            [
              -43.2579552,
              -22.6765118
            ],
            [
              -43.2574366,
              -22.6752175
            ],
            [
              -43.2572319,
              -22.6744679
            ],
            [
              -43.2582582,
              -22.6740084
            ],
            [
              -43.2585648,
              -22.6750796
            ],
            [
              -43.2599477,
              -22.6762534
            ],
            [
              -43.2591927,
              -22.6769533
            ],
            [
              -43.2602632,
              -22.6778713
            ],
            [
              -43.262164,
              -22.6759507
            ],
            [
              -43.2631546,
              -22.676602
            ],
            [
              -43.2635333,
              -22.6756715
            ],
            [
              -43.2650636,
              -22.6759585
            ],
            [
              -43.2656838,
              -22.6751879
            ],
            [
              -43.2662057,
              -22.6752953
            ],
            [
              -43.2655486,
              -22.6765191
            ],
            [
              -43.2652335,
              -22.6767433
            ],
            [
              -43.2648193,
              -22.6767952
            ],
            [
              -43.2642044,
              -22.6767125
            ],
            [
              -43.2642278,
              -22.6771749
            ],
            [
              -43.2644019,
              -22.6778606
            ],
            [
              -43.2637531,
              -22.6782036
            ],
            [
              -43.2648114,
              -22.6797991
            ],
            [
              -43.2645918,
              -22.6802264
            ],
            [
              -43.2651851,
              -22.6810918
            ],
            [
              -43.2649985,
              -22.6815192
            ],
            [
              -43.2630053,
              -22.6821003
            ]
          ]
        ]
      },
      "properties": {
        "neighborhood": "Favela do Buraco Quente"
      }
    },
    {
      "type": "Feature",
      "id": 78,
      "geometry": {
        "type": "Polygon",
        "coordinates": [
          [
            [
              -43.2580431,
              -22.6714618
            ],
            [
              -43.258229,
              -22.6733599
            ],
            [
              -43.2573754,
              -22.6736579
            ],
            [
              -43.2571869,
              -22.6744143
            ],
            [
              -43.2562663,
              -22.6746801
            ],
            [
              -43.2553063,
              -22.6721601
            ],
            [
              -43.2573037,
              -22.6720015
            ],
            [
              -43.2580431,
              -22.6714618
            ]
          ]
        ]
      },
      "properties": {
        "neighborhood": "Favelinha do Posto"
      }
    },
    {
      "type": "Feature",
      "id": 79,
      "geometry": {
        "type": "Polygon",
        "coordinates": [
          [
            [
              -43.3162848,
              -22.7684631
            ],
            [
              -43.314841,
              -22.76849
            ],
            [
              -43.3129174,
              -22.7683335
            ],
            [
              -43.3127562,
              -22.7678571
            ],
            [
              -43.3125823,
              -22.7677073
            ],
            [
              -43.3122099,
              -22.7676109
            ],
            [
              -43.3115519,
              -22.7675358
            ],
            [
              -43.3114123,
              -22.7672929
            ],
            [
              -43.3111405,
              -22.7671081
            ],
            [
              -43.3100791,
              -22.7665419
            ],
            [
              -43.3098284,
              -22.7659187
            ],
            [
              -43.3099377,
              -22.765295
            ],
            [
              -43.313675,
              -22.7634841
            ],
            [
              -43.3138849,
              -22.7639422
            ],
            [
              -43.3149636,
              -22.7639928
            ],
            [
              -43.315089,
              -22.7648796
            ],
            [
              -43.3159789,
              -22.7655877
            ],
            [
              -43.3151047,
              -22.7664542
            ],
            [
              -43.3159094,
              -22.7669553
            ],
            [
              -43.3162848,
              -22.7684631
            ]
          ]
        ]
      },
      "properties": {
        "neighborhood": "Comunidade Morro da Lagoinha"
      }
    },
    {
      "type": "Feature",
      "id": 80,
      "geometry": {
        "type": "Polygon",
        "coordinates": [
          [
            [
              -43.2374356,
              -22.6975611
            ],
            [
              -43.238118,
              -22.6995879
            ],
            [
              -43.2390593,
              -22.6998928
            ],
            [
              -43.2401754,
              -22.7017343
            ],
            [
              -43.2301365,
              -22.7044435
            ],
            [
              -43.2288792,
              -22.6990313
            ],
            [
              -43.2361485,
              -22.6970853
            ],
            [
              -43.2358466,
              -22.6957277
            ],
            [
              -43.2362345,
              -22.6956393
            ],
            [
              -43.2374356,
              -22.6975611
            ]
          ]
        ]
      },
      "properties": {
        "neighborhood": "Favela do Ana"
      }
    },
    {
      "type": "Feature",
      "id": 81,
      "geometry": {
        "type": "Polygon",
        "coordinates": [
          [
            [
              -43.3009606,
              -22.7668863
            ],
            [
              -43.30442,
              -22.7658049
            ],
            [
              -43.3054001,
              -22.7685759
            ],
            [
              -43.3051701,
              -22.7692064
            ],
            [
              -43.3048184,
              -22.7696422
            ],
            [
              -43.3043288,
              -22.7700256
            ],
            [
              -43.3038879,
              -22.7702892
            ],
            [
              -43.3034353,
              -22.7703027
            ],
            [
              -43.3029854,
              -22.7701646
            ],
            [
              -43.3023577,
              -22.7698057
            ],
            [
              -43.301937,
              -22.7692026
            ],
            [
              -43.3014893,
              -22.7683328
            ],
            [
              -43.3009606,
              -22.7668863
            ]
          ]
        ]
      },
      "properties": {
        "neighborhood": "Morro da Jacatir o"
      }
    },
    {
      "type": "Feature",
      "id": 82,
      "geometry": {
        "type": "Polygon",
        "coordinates": [
          [
            [
              -43.2986053,
              -22.7604162
            ],
            [
              -43.3020586,
              -22.7593388
            ],
            [
              -43.30442,
              -22.7658049
            ],
            [
              -43.3009606,
              -22.7668863
            ],
            [
              -43.2986053,
              -22.7604162
            ]
          ]
        ]
      },
      "properties": {
        "neighborhood": "Morro dos Remidos"
      }
    },
    {
      "type": "Feature",
      "id": 83,
      "geometry": {
        "type": "Polygon",
        "coordinates": [
          [
            [
              -43.3273167,
              -22.7465073
            ],
            [
              -43.3287081,
              -22.745245
            ],
            [
              -43.3294287,
              -22.7555569
            ],
            [
              -43.3199506,
              -22.7532517
            ],
            [
              -43.3208173,
              -22.7519083
            ],
            [
              -43.3216469,
              -22.7504295
            ],
            [
              -43.3235531,
              -22.7510251
            ],
            [
              -43.3243499,
              -22.7506952
            ],
            [
              -43.3259485,
              -22.74925
            ],
            [
              -43.3270081,
              -22.7488741
            ],
            [
              -43.3273167,
              -22.7465073
            ]
          ]
        ]
      },
      "properties": {
        "neighborhood": "Favela da Jaqueira"
      }
    },
    {
      "type": "Feature",
      "id": 84,
      "geometry": {
        "type": "Polygon",
        "coordinates": [
          [
            [
              -43.3039385,
              -22.7007606
            ],
            [
              -43.3036184,
              -22.7003363
            ],
            [
              -43.3048467,
              -22.6993165
            ],
            [
              -43.3057771,
              -22.6990336
            ],
            [
              -43.3062833,
              -22.6988997
            ],
            [
              -43.3066555,
              -22.698922
            ],
            [
              -43.3069235,
              -22.6992272
            ],
            [
              -43.3070947,
              -22.6995547
            ],
            [
              -43.3071691,
              -22.6996589
            ],
            [
              -43.3072436,
              -22.6998971
            ],
            [
              -43.307251,
              -22.700113
            ],
            [
              -43.3072063,
              -22.700314
            ],
            [
              -43.3070575,
              -22.7005596
            ],
            [
              -43.3070798,
              -22.7007606
            ],
            [
              -43.3070872,
              -22.7010211
            ],
            [
              -43.3072361,
              -22.7011998
            ],
            [
              -43.3073924,
              -22.7013412
            ],
            [
              -43.3077721,
              -22.7014901
            ],
            [
              -43.3080252,
              -22.7015348
            ],
            [
              -43.3082113,
              -22.701639
            ],
            [
              -43.3083527,
              -22.7018921
            ],
            [
              -43.3085611,
              -22.7022345
            ],
            [
              -43.3086728,
              -22.7025992
            ],
            [
              -43.3086877,
              -22.702897
            ],
            [
              -43.3085909,
              -22.7031277
            ],
            [
              -43.3083974,
              -22.7031426
            ],
            [
              -43.3081592,
              -22.7030905
            ],
            [
              -43.3079879,
              -22.703098
            ],
            [
              -43.3078763,
              -22.7034106
            ],
            [
              -43.3076976,
              -22.7036711
            ],
            [
              -43.3075637,
              -22.7038349
            ],
            [
              -43.3074297,
              -22.7041103
            ],
            [
              -43.307318,
              -22.7041773
            ],
            [
              -43.3063057,
              -22.7036935
            ],
            [
              -43.3057846,
              -22.7032245
            ],
            [
              -43.3054645,
              -22.7029193
            ],
            [
              -43.3049434,
              -22.7025397
            ],
            [
              -43.3047573,
              -22.7021377
            ],
            [
              -43.3039385,
              -22.7007606
            ]
          ]
        ]
      },
      "properties": {
        "neighborhood": "Loteamento Pilar"
      }
    },
    {
      "type": "Feature",
      "id": 85,
      "geometry": {
        "type": "Polygon",
        "coordinates": [
          [
            [
              -43.3089073,
              -22.7226379
            ],
            [
              -43.3109197,
              -22.7216345
            ],
            [
              -43.3118332,
              -22.7222845
            ],
            [
              -43.3112119,
              -22.7244119
            ],
            [
              -43.3094209,
              -22.7238959
            ],
            [
              -43.3088713,
              -22.723925
            ],
            [
              -43.3084681,
              -22.7240746
            ],
            [
              -43.3076641,
              -22.7246626
            ],
            [
              -43.3072398,
              -22.7252135
            ],
            [
              -43.3068453,
              -22.7257197
            ],
            [
              -43.3060265,
              -22.7270819
            ],
            [
              -43.3072696,
              -22.7278784
            ],
            [
              -43.307612,
              -22.7282952
            ],
            [
              -43.3076641,
              -22.7286302
            ],
            [
              -43.3075897,
              -22.72898
            ],
            [
              -43.3075599,
              -22.7291885
            ],
            [
              -43.3074557,
              -22.7293373
            ],
            [
              -43.3072473,
              -22.7295085
            ],
            [
              -43.3070314,
              -22.7295532
            ],
            [
              -43.3065625,
              -22.7295755
            ],
            [
              -43.3063094,
              -22.7296649
            ],
            [
              -43.3059372,
              -22.7298584
            ],
            [
              -43.3056692,
              -22.7300743
            ],
            [
              -43.3056171,
              -22.7303497
            ],
            [
              -43.3043293,
              -22.7307144
            ],
            [
              -43.3041656,
              -22.7305879
            ],
            [
              -43.3034435,
              -22.7308335
            ],
            [
              -43.3028852,
              -22.7296202
            ],
            [
              -43.3022302,
              -22.7298435
            ],
            [
              -43.3019101,
              -22.7290173
            ],
            [
              -43.3018431,
              -22.727856
            ],
            [
              -43.3012774,
              -22.7275732
            ],
            [
              -43.3012699,
              -22.7269925
            ],
            [
              -43.3028331,
              -22.7263449
            ],
            [
              -43.3026172,
              -22.7257569
            ],
            [
              -43.3069421,
              -22.7237322
            ],
            [
              -43.3089073,
              -22.7226379
            ]
          ]
        ]
      },
      "properties": {
        "neighborhood": "Suo Bento"
      }
    },
    {
      "type": "Feature",
      "id": 86,
      "geometry": {
        "type": "Polygon",
        "coordinates": [
          [
            [
              -43.3268766,
              -22.7236652
            ],
            [
              -43.3270701,
              -22.7240374
            ],
            [
              -43.3272339,
              -22.7245584
            ],
            [
              -43.327353,
              -22.7250497
            ],
            [
              -43.3273679,
              -22.7262705
            ],
            [
              -43.3273976,
              -22.7267022
            ],
            [
              -43.3276656,
              -22.7276402
            ],
            [
              -43.3271594,
              -22.7281166
            ],
            [
              -43.3265342,
              -22.7287121
            ],
            [
              -43.3256558,
              -22.7293225
            ],
            [
              -43.3251943,
              -22.7295309
            ],
            [
              -43.3247328,
              -22.7296202
            ],
            [
              -43.3243457,
              -22.7296053
            ],
            [
              -43.323378,
              -22.7294713
            ],
            [
              -43.3222317,
              -22.729248
            ],
            [
              -43.3220083,
              -22.72898
            ],
            [
              -43.3218744,
              -22.7285185
            ],
            [
              -43.321919,
              -22.7282654
            ],
            [
              -43.3231845,
              -22.7272829
            ],
            [
              -43.3237204,
              -22.7272382
            ],
            [
              -43.32378,
              -22.7270447
            ],
            [
              -43.3237204,
              -22.7268362
            ],
            [
              -43.3235864,
              -22.7266576
            ],
            [
              -43.3236311,
              -22.7265087
            ],
            [
              -43.3258345,
              -22.7253475
            ],
            [
              -43.3263214,
              -22.7247479
            ],
            [
              -43.3268766,
              -22.7236652
            ]
          ]
        ]
      },
      "properties": {
        "neighborhood": "Parque Panorama"
      }
    },
    {
      "type": "Feature",
      "id": 87,
      "geometry": {
        "type": "Polygon",
        "coordinates": [
          [
            [
              -43.2498176,
              -22.6935431
            ],
            [
              -43.2489597,
              -22.6944467
            ],
            [
              -43.2479922,
              -22.6937804
            ],
            [
              -43.2473077,
              -22.6945836
            ],
            [
              -43.2448708,
              -22.6975133
            ],
            [
              -43.2440129,
              -22.6969018
            ],
            [
              -43.2434744,
              -22.6960713
            ],
            [
              -43.243082,
              -22.6954324
            ],
            [
              -43.2427443,
              -22.6947753
            ],
            [
              -43.2423153,
              -22.6940542
            ],
            [
              -43.2418539,
              -22.6932611
            ],
            [
              -43.2418285,
              -22.6931253
            ],
            [
              -43.2417697,
              -22.6927623
            ],
            [
              -43.2416379,
              -22.6926537
            ],
            [
              -43.2405961,
              -22.6931447
            ],
            [
              -43.2395813,
              -22.6913141
            ],
            [
              -43.2405903,
              -22.6912888
            ],
            [
              -43.243803,
              -22.6913162
            ],
            [
              -43.2438851,
              -22.6912888
            ],
            [
              -43.2442776,
              -22.6910515
            ],
            [
              -43.2446061,
              -22.6909328
            ],
            [
              -43.2447157,
              -22.6909602
            ],
            [
              -43.2454549,
              -22.6914439
            ],
            [
              -43.2456557,
              -22.6914713
            ],
            [
              -43.246468,
              -22.6912797
            ],
            [
              -43.2466962,
              -22.6912614
            ],
            [
              -43.2469791,
              -22.6914348
            ],
            [
              -43.2479922,
              -22.6920737
            ],
            [
              -43.2488045,
              -22.6926487
            ],
            [
              -43.2492152,
              -22.6929864
            ],
            [
              -43.2498176,
              -22.6935431
            ]
          ]
        ]
      },
      "properties": {
        "neighborhood": "Parque Chuno"
      }
    },
    {
      "type": "Feature",
      "id": 88,
      "geometry": {
        "type": "Polygon",
        "coordinates": [
          [
            [
              -43.2507034,
              -22.692815
            ],
            [
              -43.2512947,
              -22.6937508
            ],
            [
              -43.2521903,
              -22.6951976
            ],
            [
              -43.2535854,
              -22.6974653
            ],
            [
              -43.2544925,
              -22.6970692
            ],
            [
              -43.254837,
              -22.6970692
            ],
            [
              -43.2562206,
              -22.697207
            ],
            [
              -43.2564961,
              -22.6972127
            ],
            [
              -43.2566741,
              -22.6971438
            ],
            [
              -43.2573056,
              -22.6965755
            ],
            [
              -43.2578166,
              -22.6961334
            ],
            [
              -43.2579773,
              -22.6962654
            ],
            [
              -43.2586146,
              -22.6966673
            ],
            [
              -43.2596078,
              -22.6972299
            ],
            [
              -43.2598202,
              -22.6974768
            ],
            [
              -43.2597571,
              -22.69785
            ],
            [
              -43.2600614,
              -22.6983035
            ],
            [
              -43.2603829,
              -22.6986767
            ],
            [
              -43.260291,
              -22.6989638
            ],
            [
              -43.2603656,
              -22.6994288
            ],
            [
              -43.259183,
              -22.6996929
            ],
            [
              -43.2589074,
              -22.700244
            ],
            [
              -43.2588213,
              -22.7004622
            ],
            [
              -43.25885,
              -22.7007033
            ],
            [
              -43.2574836,
              -22.7017941
            ],
            [
              -43.2566339,
              -22.702529
            ],
            [
              -43.2555546,
              -22.7036543
            ],
            [
              -43.2542686,
              -22.704125
            ],
            [
              -43.2519836,
              -22.7047451
            ],
            [
              -43.2512602,
              -22.7053536
            ],
            [
              -43.2502613,
              -22.705744
            ],
            [
              -43.2495149,
              -22.7058129
            ],
            [
              -43.2487571,
              -22.7053077
            ],
            [
              -43.2484012,
              -22.7046647
            ],
            [
              -43.2477352,
              -22.7037117
            ],
            [
              -43.246564,
              -22.7032409
            ],
            [
              -43.2458406,
              -22.7020582
            ],
            [
              -43.2442102,
              -22.7013463
            ],
            [
              -43.2429241,
              -22.70029
            ],
            [
              -43.2425567,
              -22.6998307
            ],
            [
              -43.2446006,
              -22.6973275
            ],
            [
              -43.2449221,
              -22.6975572
            ],
            [
              -43.2480223,
              -22.693791
            ],
            [
              -43.2489638,
              -22.6945029
            ],
            [
              -43.2507034,
              -22.692815
            ]
          ]
        ]
      },
      "properties": {
        "neighborhood": "Parque Bom Retiro"
      }
    },
    {
      "type": "Feature",
      "id": 89,
      "geometry": {
        "type": "Polygon",
        "coordinates": [
          [
            [
              -43.2729387,
              -22.6963171
            ],
            [
              -43.2677946,
              -22.6942503
            ],
            [
              -43.2661412,
              -22.6933777
            ],
            [
              -43.264993,
              -22.6926198
            ],
            [
              -43.2640055,
              -22.691885
            ],
            [
              -43.2629721,
              -22.6906449
            ],
            [
              -43.2628114,
              -22.6901626
            ],
            [
              -43.2626506,
              -22.6897034
            ],
            [
              -43.2615483,
              -22.6885092
            ],
            [
              -43.2613416,
              -22.6882566
            ],
            [
              -43.2631558,
              -22.6868558
            ],
            [
              -43.2640744,
              -22.6864194
            ],
            [
              -43.2648093,
              -22.6866491
            ],
            [
              -43.265636,
              -22.6872691
            ],
            [
              -43.2664627,
              -22.6878203
            ],
            [
              -43.2667153,
              -22.6879121
            ],
            [
              -43.267565,
              -22.687361
            ],
            [
              -43.2685984,
              -22.6868558
            ],
            [
              -43.2703667,
              -22.6860061
            ],
            [
              -43.2715149,
              -22.6857075
            ],
            [
              -43.272066,
              -22.6857075
            ],
            [
              -43.2725023,
              -22.6859831
            ],
            [
              -43.2732831,
              -22.6867639
            ],
            [
              -43.2741558,
              -22.6872232
            ],
            [
              -43.2752581,
              -22.687361
            ],
            [
              -43.2762915,
              -22.6870165
            ],
            [
              -43.2767967,
              -22.686672
            ],
            [
              -43.2773478,
              -22.6859831
            ],
            [
              -43.2777612,
              -22.6857075
            ],
            [
              -43.2784731,
              -22.6857535
            ],
            [
              -43.2789094,
              -22.686075
            ],
            [
              -43.2792309,
              -22.6863505
            ],
            [
              -43.2798739,
              -22.6862817
            ],
            [
              -43.2808384,
              -22.6861439
            ],
            [
              -43.2815503,
              -22.6861898
            ],
            [
              -43.2822163,
              -22.6863505
            ],
            [
              -43.2840075,
              -22.6895426
            ],
            [
              -43.2845816,
              -22.689313
            ],
            [
              -43.2855691,
              -22.6891752
            ],
            [
              -43.286304,
              -22.6894278
            ],
            [
              -43.2866944,
              -22.6906219
            ],
            [
              -43.2861892,
              -22.6908286
            ],
            [
              -43.2855921,
              -22.6910353
            ],
            [
              -43.2849491,
              -22.6915635
            ],
            [
              -43.2835023,
              -22.6930791
            ],
            [
              -43.2827904,
              -22.6929643
            ],
            [
              -43.2822163,
              -22.6927347
            ],
            [
              -43.2815274,
              -22.6927347
            ],
            [
              -43.281137,
              -22.6928724
            ],
            [
              -43.2807695,
              -22.6932858
            ],
            [
              -43.2802414,
              -22.6938599
            ],
            [
              -43.2795524,
              -22.6949392
            ],
            [
              -43.2789324,
              -22.6953756
            ],
            [
              -43.2778301,
              -22.6958578
            ],
            [
              -43.2765211,
              -22.6961104
            ],
            [
              -43.2754648,
              -22.6958578
            ],
            [
              -43.2746151,
              -22.6956052
            ],
            [
              -43.2737884,
              -22.6958119
            ],
            [
              -43.2729387,
              -22.6963171
            ]
          ]
        ]
      },
      "properties": {
        "neighborhood": "Parque Impario"
      }
    },
    {
      "type": "Feature",
      "id": 90,
      "geometry": {
        "type": "Polygon",
        "coordinates": [
          [
            [
              -43.321994,
              -22.7139993
            ],
            [
              -43.3204441,
              -22.7152757
            ],
            [
              -43.3177266,
              -22.7173856
            ],
            [
              -43.3150031,
              -22.7192764
            ],
            [
              -43.314719,
              -22.7189721
            ],
            [
              -43.3144066,
              -22.7186231
            ],
            [
              -43.3137381,
              -22.7178725
            ],
            [
              -43.3126508,
              -22.7165051
            ],
            [
              -43.3113848,
              -22.7169109
            ],
            [
              -43.3112063,
              -22.7166593
            ],
            [
              -43.3114497,
              -22.7164767
            ],
            [
              -43.3126315,
              -22.7159695
            ],
            [
              -43.3144715,
              -22.7153325
            ],
            [
              -43.3147434,
              -22.7152514
            ],
            [
              -43.3149463,
              -22.7151905
            ],
            [
              -43.3152069,
              -22.7151905
            ],
            [
              -43.3154788,
              -22.7151905
            ],
            [
              -43.3157263,
              -22.7151702
            ],
            [
              -43.3159048,
              -22.7151012
            ],
            [
              -43.3161036,
              -22.7150039
            ],
            [
              -43.3163755,
              -22.7148456
            ],
            [
              -43.3166271,
              -22.7146996
            ],
            [
              -43.3169192,
              -22.714517
            ],
            [
              -43.3171474,
              -22.714164
            ],
            [
              -43.3176881,
              -22.7132551
            ],
            [
              -43.3184448,
              -22.7115794
            ],
            [
              -43.3191143,
              -22.7104839
            ],
            [
              -43.3192522,
              -22.7105691
            ],
            [
              -43.3209929,
              -22.7119648
            ],
            [
              -43.3211136,
              -22.7122002
            ],
            [
              -43.3213408,
              -22.7126546
            ],
            [
              -43.321994,
              -22.7139993
            ]
          ]
        ]
      },
      "properties": {
        "neighborhood": "Parque Vitaria"
      }
    },
    {
      "type": "Feature",
      "id": 91,
      "geometry": {
        "type": "Polygon",
        "coordinates": [
          [
            [
              -43.3253171,
              -22.7242021
            ],
            [
              -43.3225256,
              -22.7257277
            ],
            [
              -43.3215761,
              -22.7254843
            ],
            [
              -43.3213489,
              -22.7253544
            ],
            [
              -43.3211866,
              -22.7251921
            ],
            [
              -43.321,
              -22.7248432
            ],
            [
              -43.3206104,
              -22.7242508
            ],
            [
              -43.3188576,
              -22.7214593
            ],
            [
              -43.3220143,
              -22.7197714
            ],
            [
              -43.3220711,
              -22.7198282
            ],
            [
              -43.3222253,
              -22.7200554
            ],
            [
              -43.3223795,
              -22.7204206
            ],
            [
              -43.3224931,
              -22.720802
            ],
            [
              -43.3226797,
              -22.7213862
            ],
            [
              -43.3228826,
              -22.7221571
            ],
            [
              -43.3232072,
              -22.7229037
            ],
            [
              -43.3233695,
              -22.7231391
            ],
            [
              -43.3234994,
              -22.7232689
            ],
            [
              -43.3237103,
              -22.7233825
            ],
            [
              -43.3245056,
              -22.7236827
            ],
            [
              -43.3250899,
              -22.7238126
            ],
            [
              -43.3253171,
              -22.7242021
            ]
          ]
        ]
      },
      "properties": {
        "neighborhood": "Nossa Senhora das Grabas"
      }
    },
    {
      "type": "Feature",
      "id": 92,
      "geometry": {
        "type": "Polygon",
        "coordinates": [
          [
            [
              -43.2331806,
              -22.703712
            ],
            [
              -43.2337486,
              -22.7054648
            ],
            [
              -43.2337973,
              -22.7060978
            ],
            [
              -43.2238809,
              -22.7085485
            ],
            [
              -43.2198234,
              -22.709717
            ],
            [
              -43.2186711,
              -22.7077857
            ],
            [
              -43.2331806,
              -22.703712
            ]
          ]
        ]
      },
      "properties": {
        "neighborhood": "Jardim Ana Clara (Cantinho do Vov-)"
      }
    },
    {
      "type": "Feature",
      "id": 93,
      "geometry": {
        "type": "Polygon",
        "coordinates": [
          [
            [
              -43.3104157,
              -22.7112891
            ],
            [
              -43.3104339,
              -22.7156518
            ],
            [
              -43.3092109,
              -22.7162724
            ],
            [
              -43.3081887,
              -22.716674
            ],
            [
              -43.3065641,
              -22.7170025
            ],
            [
              -43.3056149,
              -22.716966
            ],
            [
              -43.3048848,
              -22.716747
            ],
            [
              -43.30368,
              -22.7163272
            ],
            [
              -43.3026943,
              -22.7160899
            ],
            [
              -43.3016173,
              -22.7161446
            ],
            [
              -43.3004856,
              -22.7161446
            ],
            [
              -43.2992991,
              -22.7160168
            ],
            [
              -43.298715,
              -22.7111978
            ],
            [
              -43.3104157,
              -22.7112891
            ]
          ]
        ]
      },
      "properties": {
        "neighborhood": "Jardim Vista Alegre"
      }
    },
    {
      "type": "Feature",
      "id": 94,
      "geometry": {
        "type": "Polygon",
        "coordinates": [
          [
            [
              -43.2991348,
              -22.7052334
            ],
            [
              -43.2990983,
              -22.7111659
            ],
            [
              -43.2986602,
              -22.7111476
            ],
            [
              -43.2992991,
              -22.7160031
            ],
            [
              -43.2987697,
              -22.7161309
            ],
            [
              -43.2979666,
              -22.7138675
            ],
            [
              -43.2974007,
              -22.7126445
            ],
            [
              -43.2966158,
              -22.7114214
            ],
            [
              -43.2958856,
              -22.710673
            ],
            [
              -43.2951372,
              -22.7095778
            ],
            [
              -43.2949182,
              -22.709085
            ],
            [
              -43.2948817,
              -22.7087381
            ],
            [
              -43.2949365,
              -22.708227
            ],
            [
              -43.295338,
              -22.7076247
            ],
            [
              -43.2957579,
              -22.706858
            ],
            [
              -43.2963055,
              -22.7061096
            ],
            [
              -43.2969079,
              -22.7051421
            ],
            [
              -43.2971452,
              -22.7051056
            ],
            [
              -43.2976563,
              -22.7050691
            ],
            [
              -43.2991348,
              -22.7052334
            ]
          ]
        ]
      },
      "properties": {
        "neighborhood": "Jurema (Pilar)"
      }
    },
    {
      "type": "Feature",
      "id": 95,
      "geometry": {
        "type": "Polygon",
        "coordinates": [
          [
            [
              -43.3122748,
              -22.76633
            ],
            [
              -43.3120904,
              -22.7663085
            ],
            [
              -43.3119496,
              -22.7663973
            ],
            [
              -43.3118331,
              -22.7664718
            ],
            [
              -43.3115862,
              -22.7665131
            ],
            [
              -43.3107344,
              -22.7663474
            ],
            [
              -43.310638,
              -22.7662581
            ],
            [
              -43.3105062,
              -22.7661836
            ],
            [
              -43.3099878,
              -22.7658907
            ],
            [
              -43.3098165,
              -22.7658587
            ],
            [
              -43.309647,
              -22.7658816
            ],
            [
              -43.3094684,
              -22.7659461
            ],
            [
              -43.3092682,
              -22.7660679
            ],
            [
              -43.3090021,
              -22.7661763
            ],
            [
              -43.3087014,
              -22.7660949
            ],
            [
              -43.3082264,
              -22.7658779
            ],
            [
              -43.3077621,
              -22.7656076
            ],
            [
              -43.3075926,
              -22.7655568
            ],
            [
              -43.3074494,
              -22.7654984
            ],
            [
              -43.3071093,
              -22.7641732
            ],
            [
              -43.3071243,
              -22.7641172
            ],
            [
              -43.3074339,
              -22.7642177
            ],
            [
              -43.3075473,
              -22.764291
            ],
            [
              -43.3092496,
              -22.7643501
            ],
            [
              -43.3092722,
              -22.7645931
            ],
            [
              -43.3093051,
              -22.7646084
            ],
            [
              -43.3101817,
              -22.7642879
            ],
            [
              -43.3100835,
              -22.7648086
            ],
            [
              -43.3099624,
              -22.7653693
            ],
            [
              -43.3108232,
              -22.7659962
            ],
            [
              -43.3110869,
              -22.7660962
            ],
            [
              -43.3112747,
              -22.7660823
            ],
            [
              -43.3114612,
              -22.7660127
            ],
            [
              -43.3120044,
              -22.7658337
            ],
            [
              -43.3121331,
              -22.7660833
            ],
            [
              -43.3121611,
              -22.7661724
            ],
            [
              -43.3122305,
              -22.7662616
            ],
            [
              -43.3124207,
              -22.7662868
            ],
            [
              -43.3122748,
              -22.76633
            ]
          ]
        ]
      },
      "properties": {
        "neighborhood": "4. São Sebastião (parte)"
      }
    },
    {
      "type": "Feature",
      "id": 96,
      "geometry": {
        "type": "Polygon",
        "coordinates": [
          [
            [
              -43.3047325,
              -22.7937442
            ],
            [
              -43.3044418,
              -22.7946375
            ],
            [
              -43.3044523,
              -22.7954721
            ],
            [
              -43.304619,
              -22.7964986
            ],
            [
              -43.3036793,
              -22.7966152
            ],
            [
              -43.3015336,
              -22.7966143
            ],
            [
              -43.3004513,
              -22.7944791
            ],
            [
              -43.3043758,
              -22.7928093
            ],
            [
              -43.3049899,
              -22.7932567
            ],
            [
              -43.3047325,
              -22.7937442
            ]
          ]
        ]
      },
      "properties": {
        "neighborhood": "5. Parque Brasil Novo"
      }
    },
    {
      "type": "Feature",
      "id": 97,
      "geometry": {
        "type": "Polygon",
        "coordinates": [
          [
            [
              -43.2922575,
              -22.7901703
            ],
            [
              -43.2943415,
              -22.7914118
            ],
            [
              -43.2945416,
              -22.7918832
            ],
            [
              -43.2937395,
              -22.7923177
            ],
            [
              -43.2942611,
              -22.7932893
            ],
            [
              -43.2932585,
              -22.7941195
            ],
            [
              -43.2898846,
              -22.7912139
            ],
            [
              -43.2886865,
              -22.7890245
            ],
            [
              -43.2914417,
              -22.7865394
            ],
            [
              -43.2923647,
              -22.7871831
            ],
            [
              -43.2939817,
              -22.7880404
            ],
            [
              -43.2922575,
              -22.7901703
            ]
          ]
        ]
      },
      "properties": {
        "neighborhood": "6. Vila Operária (parte)"
      }
    },
    {
      "type": "Feature",
      "id": 98,
      "geometry": {
        "type": "Polygon",
        "coordinates": [
          [
            [
              -43.2983553,
              -22.77259
            ],
            [
              -43.2963973,
              -22.7726029
            ],
            [
              -43.296415,
              -22.7720123
            ],
            [
              -43.2940118,
              -22.7698421
            ],
            [
              -43.2963115,
              -22.7677507
            ],
            [
              -43.2963745,
              -22.7673729
            ],
            [
              -43.2972308,
              -22.7673973
            ],
            [
              -43.297302,
              -22.7712074
            ],
            [
              -43.2983553,
              -22.77259
            ]
          ]
        ]
      },
      "properties": {
        "neighborhood": "8. Fronteira"
      }
    },
    {
      "type": "Feature",
      "id": 99,
      "geometry": {
        "type": "Polygon",
        "coordinates": [
          [
            [
              -43.2949628,
              -22.7642989
            ],
            [
              -43.2949872,
              -22.7645302
            ],
            [
              -43.2948985,
              -22.7648911
            ],
            [
              -43.2944105,
              -22.7664942
            ],
            [
              -43.2929437,
              -22.766017
            ],
            [
              -43.2920814,
              -22.7667414
            ],
            [
              -43.2917446,
              -22.766339
            ],
            [
              -43.289446,
              -22.7654011
            ],
            [
              -43.2913303,
              -22.7649607
            ],
            [
              -43.2949009,
              -22.7641508
            ],
            [
              -43.2949628,
              -22.7642989
            ]
          ]
        ]
      },
      "properties": {
        "neighborhood": "9. Vila São Sebastião (parte)"
      }
    },
    {
      "type": "Feature",
      "id": 100,
      "geometry": {
        "type": "Polygon",
        "coordinates": [
          [
            [
              -43.3022636,
              -22.7534514
            ],
            [
              -43.3008138,
              -22.7529912
            ],
            [
              -43.302465,
              -22.7513931
            ],
            [
              -43.3037249,
              -22.7514905
            ],
            [
              -43.3022636,
              -22.7534514
            ]
          ]
        ]
      },
      "properties": {
        "neighborhood": "10. Teixeira Mendes (parte)"
      }
    },
    {
      "type": "Feature",
      "id": 101,
      "geometry": {
        "type": "Polygon",
        "coordinates": [
          [
            [
              -43.30088,
              -22.7557657
            ],
            [
              -43.3008606,
              -22.7559141
            ],
            [
              -43.3009243,
              -22.7561431
            ],
            [
              -43.3015628,
              -22.7578643
            ],
            [
              -43.2973586,
              -22.7591784
            ],
            [
              -43.2972989,
              -22.7594342
            ],
            [
              -43.2986511,
              -22.7632769
            ],
            [
              -43.2973144,
              -22.7637365
            ],
            [
              -43.2973541,
              -22.7640437
            ],
            [
              -43.2965511,
              -22.7659546
            ],
            [
              -43.2944151,
              -22.7664819
            ],
            [
              -43.2949834,
              -22.7645308
            ],
            [
              -43.2949571,
              -22.7642904
            ],
            [
              -43.2948992,
              -22.7641508
            ],
            [
              -43.2949939,
              -22.7641294
            ],
            [
              -43.2952507,
              -22.764133
            ],
            [
              -43.2955644,
              -22.7634937
            ],
            [
              -43.2952724,
              -22.7629003
            ],
            [
              -43.2953175,
              -22.762306
            ],
            [
              -43.2953311,
              -22.761625
            ],
            [
              -43.2953354,
              -22.7610526
            ],
            [
              -43.2952801,
              -22.7601158
            ],
            [
              -43.2954744,
              -22.759578
            ],
            [
              -43.2954454,
              -22.7594584
            ],
            [
              -43.2953686,
              -22.7593383
            ],
            [
              -43.2953265,
              -22.7592263
            ],
            [
              -43.2954168,
              -22.7579848
            ],
            [
              -43.2954455,
              -22.7578722
            ],
            [
              -43.2955911,
              -22.757655
            ],
            [
              -43.2970414,
              -22.7557279
            ],
            [
              -43.2973311,
              -22.7556302
            ],
            [
              -43.2976292,
              -22.7550242
            ],
            [
              -43.298366,
              -22.7552176
            ],
            [
              -43.2985767,
              -22.7541068
            ],
            [
              -43.3012343,
              -22.7548572
            ],
            [
              -43.30088,
              -22.7557657
            ]
          ]
        ]
      },
      "properties": {
        "neighborhood": "11. São Borja"
      }
    },
    {
      "type": "Feature",
      "id": 102,
      "geometry": {
        "type": "Polygon",
        "coordinates": [
          [
            [
              -43.2830876,
              -22.7536009
            ],
            [
              -43.28284,
              -22.7538086
            ],
            [
              -43.2821285,
              -22.7536386
            ],
            [
              -43.2821776,
              -22.7541989
            ],
            [
              -43.2829557,
              -22.7542489
            ],
            [
              -43.2829579,
              -22.7550972
            ],
            [
              -43.277239,
              -22.7548623
            ],
            [
              -43.2774719,
              -22.754096
            ],
            [
              -43.2807477,
              -22.7541795
            ],
            [
              -43.2808351,
              -22.7520135
            ],
            [
              -43.2811238,
              -22.7516785
            ],
            [
              -43.2830876,
              -22.7536009
            ]
          ]
        ]
      },
      "properties": {
        "neighborhood": "12. Candeúba (parte)"
      }
    },
    {
      "type": "Feature",
      "id": 103,
      "geometry": {
        "type": "Polygon",
        "coordinates": [
          [
            [
              -43.284207,
              -22.7599914
            ],
            [
              -43.2838679,
              -22.7603181
            ],
            [
              -43.2841755,
              -22.7606368
            ],
            [
              -43.2834252,
              -22.7610601
            ],
            [
              -43.2815602,
              -22.7590489
            ],
            [
              -43.2828753,
              -22.7579396
            ],
            [
              -43.2837497,
              -22.7577291
            ],
            [
              -43.2843614,
              -22.7581582
            ],
            [
              -43.2843175,
              -22.7585643
            ],
            [
              -43.2847297,
              -22.7589849
            ],
            [
              -43.284207,
              -22.7599914
            ]
          ]
        ]
      },
      "properties": {
        "neighborhood": "13. Pistóia"
      }
    },
    {
      "type": "Feature",
      "id": 104,
      "geometry": {
        "type": "Polygon",
        "coordinates": [
          [
            [
              -43.2794233,
              -22.763265
            ],
            [
              -43.2790901,
              -22.7632856
            ],
            [
              -43.2778203,
              -22.7644131
            ],
            [
              -43.2769044,
              -22.7634969
            ],
            [
              -43.2748823,
              -22.7623429
            ],
            [
              -43.2743914,
              -22.7619303
            ],
            [
              -43.2749775,
              -22.7613681
            ],
            [
              -43.2760325,
              -22.7601395
            ],
            [
              -43.2774382,
              -22.7609562
            ],
            [
              -43.2777893,
              -22.7603663
            ],
            [
              -43.2783686,
              -22.760646
            ],
            [
              -43.2788838,
              -22.7607552
            ],
            [
              -43.2794331,
              -22.7606517
            ],
            [
              -43.2800827,
              -22.7613434
            ],
            [
              -43.2797609,
              -22.7616896
            ],
            [
              -43.2794233,
              -22.763265
            ]
          ]
        ]
      },
      "properties": {
        "neighborhood": "14. Anajás"
      }
    },
    {
      "type": "Feature",
      "id": 105,
      "geometry": {
        "type": "Polygon",
        "coordinates": [
          [
            [
              -43.288811,
              -22.6810316
            ],
            [
              -43.2884984,
              -22.6810721
            ],
            [
              -43.2881649,
              -22.6810555
            ],
            [
              -43.2881251,
              -22.6815135
            ],
            [
              -43.2876056,
              -22.6814517
            ],
            [
              -43.2860224,
              -22.6812635
            ],
            [
              -43.2861036,
              -22.6807057
            ],
            [
              -43.2865233,
              -22.6807347
            ],
            [
              -43.2866047,
              -22.6800352
            ],
            [
              -43.2865367,
              -22.6799437
            ],
            [
              -43.2865083,
              -22.6798889
            ],
            [
              -43.2866774,
              -22.6799018
            ],
            [
              -43.2867756,
              -22.6792457
            ],
            [
              -43.2868441,
              -22.6791871
            ],
            [
              -43.2868519,
              -22.6790936
            ],
            [
              -43.2880021,
              -22.679216
            ],
            [
              -43.28814,
              -22.6783309
            ],
            [
              -43.2882538,
              -22.6773441
            ],
            [
              -43.2885048,
              -22.6771623
            ],
            [
              -43.2896997,
              -22.6770399
            ],
            [
              -43.2900124,
              -22.6794124
            ],
            [
              -43.2901389,
              -22.6807434
            ],
            [
              -43.288811,
              -22.6810316
            ]
          ]
        ]
      },
      "properties": {
        "neighborhood": "20.Cachopa"
      }
    },
    {
      "type": "Feature",
      "id": 106,
      "geometry": {
        "type": "Polygon",
        "coordinates": [
          [
            [
              -43.2920774,
              -22.666852
            ],
            [
              -43.2860104,
              -22.6677013
            ],
            [
              -43.2852703,
              -22.6619139
            ],
            [
              -43.2857289,
              -22.6616931
            ],
            [
              -43.2856959,
              -22.6614026
            ],
            [
              -43.2856915,
              -22.6614004
            ],
            [
              -43.2859901,
              -22.6613206
            ],
            [
              -43.2875191,
              -22.6604708
            ],
            [
              -43.2869606,
              -22.6566674
            ],
            [
              -43.2905782,
              -22.6560784
            ],
            [
              -43.2904401,
              -22.6570764
            ],
            [
              -43.2905136,
              -22.6575619
            ],
            [
              -43.2905375,
              -22.6576494
            ],
            [
              -43.2916992,
              -22.6608797
            ],
            [
              -43.2896921,
              -22.6611439
            ],
            [
              -43.2897609,
              -22.6615773
            ],
            [
              -43.2885464,
              -22.6619738
            ],
            [
              -43.2885121,
              -22.6624371
            ],
            [
              -43.288827,
              -22.6624979
            ],
            [
              -43.2891436,
              -22.6632863
            ],
            [
              -43.2921664,
              -22.6631052
            ],
            [
              -43.2920774,
              -22.666852
            ]
          ]
        ]
      },
      "properties": {
        "neighborhood": "21. Vai Quem Quer (parte)"
      }
    },
    {
      "type": "Feature",
      "id": 107,
      "geometry": {
        "type": "Polygon",
        "coordinates": [
          [
            [
              -43.2820463,
              -22.6753107
            ],
            [
              -43.2822846,
              -22.6771308
            ],
            [
              -43.2779501,
              -22.6765421
            ],
            [
              -43.2776001,
              -22.6741993
            ],
            [
              -43.2805669,
              -22.6745857
            ],
            [
              -43.2810112,
              -22.6746954
            ],
            [
              -43.2816065,
              -22.6750424
            ],
            [
              -43.2820463,
              -22.6753107
            ]
          ]
        ]
      },
      "properties": {
        "neighborhood": "27. Vasquinho"
      }
    }
  ]
}