{
  "type": "FeatureCollection",
  "features": [
    {
      "type": "Feature",
      "properties": {
        "name": "Comunidade do Inferninho",
        "complexo": "COMPLEXO DO LIXÃO",
        "comunidade_pasta": "COMUNIDADE DO INFERNINHO",
        "styleUrl": "#com_laranja_escuro0",
        "tipo_extraido": "poligono_geral_comunidade",
        "Tipo": "Comunidade",
        "Comunidade": "Comunidade do Inferninho",
        "Complexo": "Complexo da Vila Nova (Lixão)",
        "Distrito": "1º Distrito",
        "IDS_comunidade": "0.56",
        "Classe_comunidade": "Prioridade alta",
        "kml_fill_color": "b00000ff",
        "fill": "#ff0000",
        "fill-opacity": 0.6902,
        "kml_stroke_color": "ff0000ff",
        "stroke": "#ff0000",
        "stroke-opacity": 1.0,
        "stroke-width": 2.0
      },
      "geometry": {
        "type": "Polygon",
        "coordinates": [
          [
            [
              -43.30314837418991,
              -22.79478310406133
            ],
            [
              -43.30343658503388,
              -22.79539916600497
            ],
            [
              -43.30399704967952,
              -22.79655935711915
            ],
            [
              -43.30346948390897,
              -22.79652811917335
            ],
            [
              -43.30266869706898,
              -22.79649684638954
            ],
            [
              -43.30199440329778,
              -22.79527272142079
            ],
            [
              -43.30314837418991,
              -22.79478310406133
            ]
          ]
        ]
      }
    },
    {
      "type": "Feature",
      "properties": {
        "name": "COMUNIDADE DIQUE DA PRAINHA",
        "complexo": "COMPLEXO DO LIXÃO",
        "comunidade_pasta": "COMUNIDADE DIQUE DA PRAINHA",
        "styleUrl": "#com_laranja_escuro0",
        "tipo_extraido": "poligono_geral_comunidade",
        "Tipo": "Comunidade",
        "Comunidade": "Comunidade Dique da Prainha",
        "Complexo": "Complexo da Vila Nova (Lixão)",
        "Distrito": "1º Distrito",
        "IDS_comunidade": "0.67",
        "Classe_comunidade": "Menor prioridade relativa",
        "kml_fill_color": "b00000ff",
        "fill": "#ff0000",
        "fill-opacity": 0.6902,
        "kml_stroke_color": "ff0000ff",
        "stroke": "#ff0000",
        "stroke-opacity": 1.0,
        "stroke-width": 2.0
      },
      "geometry": {
        "type": "Polygon",
        "coordinates": [
          [
            [
              -43.31943542710415,
              -22.80000049208565
            ],
            [
              -43.31936583985281,
              -22.7999664240736
            ],
            [
              -43.3193571528955,
              -22.79990313636761
            ],
            [
              -43.31946685556933,
              -22.79979466886995
            ],
            [
              -43.31950493173336,
              -22.79956712171927
            ],
            [
              -43.31960823066071,
              -22.79929189571752
            ],
            [
              -43.32018466130999,
              -22.79937715119292
            ],
            [
              -43.32025033736068,
              -22.79910269360939
            ],
            [
              -43.32088363387552,
              -22.79921489463821
            ],
            [
              -43.32103326988588,
              -22.79924812371312
            ],
            [
              -43.32116523224677,
              -22.79919955500325
            ],
            [
              -43.32124177345187,
              -22.79906732538464
            ],
            [
              -43.32196225527356,
              -22.79872739535367
            ],
            [
              -43.32255935574869,
              -22.79844197870234
            ],
            [
              -43.32277912943967,
              -22.79857329583136
            ],
            [
              -43.32289496154569,
              -22.79864416968954
            ],
            [
              -43.32303429569282,
              -22.79864239739527
            ],
            [
              -43.32310334562121,
              -22.79901717508716
            ],
            [
              -43.32964476552359,
              -22.799043335163
            ],
            [
              -43.33023147183482,
              -22.79909253679297
            ],
            [
              -43.33039045126876,
              -22.79925917547142
            ],
            [
              -43.33071236554424,
              -22.80048750854601
            ],
            [
              -43.3307441060259,
              -22.80117451592716
            ],
            [
              -43.33082482696121,
              -22.80201200598176
            ],
            [
              -43.32995226452935,
              -22.8020232284991
            ],
            [
              -43.32899650655178,
              -22.80185685723493
            ],
            [
              -43.32822798277486,
              -22.80151820816044
            ],
            [
              -43.32689924689681,
              -22.80086773215511
            ],
            [
              -43.32571091335467,
              -22.80042927245614
            ],
            [
              -43.32327527577813,
              -22.80041929721872
            ],
            [
              -43.32227284672135,
              -22.80049245188422
            ],
            [
              -43.32106298242312,
              -22.80036757833698
            ],
            [
              -43.31943542710415,
              -22.80000049208565
            ]
          ]
        ]
      }
    },
    {
      "type": "Feature",
      "properties": {
        "name": "COMUNIDADE DO PARQUE VILA NOVA",
        "complexo": "COMPLEXO DO LIXÃO",
        "comunidade_pasta": "COMUNIDADE VILA NOVA",
        "styleUrl": "#com_laranja_escuro0",
        "tipo_extraido": "poligono_geral_comunidade",
        "Tipo": "Comunidade",
        "Comunidade": "Comunidade Vila Nova (Lixão)",
        "Complexo": "Complexo da Vila Nova (Lixão)",
        "Distrito": "1º Distrito",
        "IDS_comunidade": "0.635",
        "Classe_comunidade": "Prioridade baixa",
        "kml_fill_color": "b00000ff",
        "fill": "#ff0000",
        "fill-opacity": 0.6902,
        "kml_stroke_color": "ff0000ff",
        "stroke": "#ff0000",
        "stroke-opacity": 1.0,
        "stroke-width": 2.0
      },
      "geometry": {
        "type": "Polygon",
        "coordinates": [
          [
            [
              -43.30970790000001,
              -22.79846209932533
            ],
            [
              -43.30924970000001,
              -22.79851309932533
            ],
            [
              -43.3088329,
              -22.79858349932532
            ],
            [
              -43.3087734,
              -22.79859749932533
            ],
            [
              -43.3087864,
              -22.79855619932533
            ],
            [
              -43.3087986,
              -22.79848959932533
            ],
            [
              -43.3088354,
              -22.79828769932533
            ],
            [
              -43.3087334506677,
              -22.79824311745985
            ],
            [
              -43.30860580673916,
              -22.79825569800792
            ],
            [
              -43.30837726933811,
              -22.79824822517559
            ],
            [
              -43.30811402921226,
              -22.79824123892521
            ],
            [
              -43.30790532470738,
              -22.79826574025576
            ],
            [
              -43.30771093042836,
              -22.79825777719587
            ],
            [
              -43.30752570168532,
              -22.79828191877172
            ],
            [
              -43.30731870000001,
              -22.79830989932534
            ],
            [
              -43.307287,
              -22.79830579932533
            ],
            [
              -43.3072731,
              -22.79824839932533
            ],
            [
              -43.3071999,
              -22.79815539932535
            ],
            [
              -43.30719000000001,
              -22.79765559932534
            ],
            [
              -43.3074117,
              -22.79633039932537
            ],
            [
              -43.30553519999999,
              -22.79628489932539
            ],
            [
              -43.3053373,
              -22.79615619932538
            ],
            [
              -43.3052341,
              -22.79614449932538
            ],
            [
              -43.3052768,
              -22.7956965993254
            ],
            [
              -43.3054213,
              -22.79513359932541
            ],
            [
              -43.3055973,
              -22.79470239932541
            ],
            [
              -43.3057618,
              -22.79455349932542
            ],
            [
              -43.3057821,
              -22.79453519932543
            ],
            [
              -43.3060289,
              -22.79434099932542
            ],
            [
              -43.30661550000001,
              -22.79402669932543
            ],
            [
              -43.3072662,
              -22.79376279932544
            ],
            [
              -43.3078906,
              -22.79344629932546
            ],
            [
              -43.30847839999999,
              -22.79304359932545
            ],
            [
              -43.308634,
              -22.79284659932548
            ],
            [
              -43.3092999,
              -22.79331899932545
            ],
            [
              -43.3098518,
              -22.79371749932544
            ],
            [
              -43.3098979,
              -22.79366869932544
            ],
            [
              -43.30999790000001,
              -22.79355499932545
            ],
            [
              -43.3101802,
              -22.79322799932544
            ],
            [
              -43.3105401,
              -22.79254279932546
            ],
            [
              -43.31116130000001,
              -22.79278759932545
            ],
            [
              -43.31229080000001,
              -22.79332569932545
            ],
            [
              -43.3122557,
              -22.79342559932546
            ],
            [
              -43.3122918,
              -22.79350999932546
            ],
            [
              -43.3124104,
              -22.79359769932544
            ],
            [
              -43.3125364,
              -22.79376299932542
            ],
            [
              -43.31260320000001,
              -22.79386139932544
            ],
            [
              -43.3126568,
              -22.79394039932544
            ],
            [
              -43.3119762,
              -22.79453499932542
            ],
            [
              -43.3117768,
              -22.79476739932543
            ],
            [
              -43.311728,
              -22.79482429932542
            ],
            [
              -43.31170350000001,
              -22.79486159932542
            ],
            [
              -43.3115403,
              -22.79511079932541
            ],
            [
              -43.3114125,
              -22.79541769932541
            ],
            [
              -43.3113987,
              -22.7954867993254
            ],
            [
              -43.3112309,
              -22.79612109932539
            ],
            [
              -43.3112139,
              -22.79621049932537
            ],
            [
              -43.311164,
              -22.79647279932539
            ],
            [
              -43.3109797,
              -22.79724319932537
            ],
            [
              -43.3109582,
              -22.79732739932535
            ],
            [
              -43.3108254,
              -22.79784569932534
            ],
            [
              -43.3106782,
              -22.79841989932532
            ],
            [
              -43.31066259999999,
              -22.79848089932534
            ],
            [
              -43.3106381,
              -22.79857659932534
            ],
            [
              -43.3102917,
              -22.79851379932532
            ],
            [
              -43.30970790000001,
              -22.79846209932533
            ]
          ]
        ]
      }
    },
    {
      "type": "Feature",
      "properties": {
        "name": "Vila Ideal",
        "complexo": "COMPLEXO DO LIXÃO",
        "comunidade_pasta": "COMUNIDADE VILA IDEAL",
        "styleUrl": "#com_laranja_escuro0",
        "tipo_extraido": "poligono_geral_comunidade",
        "Tipo": "Comunidade",
        "Comunidade": "Comunidade da Vila Ideal",
        "Complexo": "Complexo da Vila Nova (Lixão)",
        "Distrito": "1º Distrito",
        "IDS_comunidade": "0.675",
        "Classe_comunidade": "Menor prioridade relativa",
        "kml_fill_color": "b00000ff",
        "fill": "#ff0000",
        "fill-opacity": 0.6902,
        "kml_stroke_color": "ff0000ff",
        "stroke": "#ff0000",
        "stroke-opacity": 1.0,
        "stroke-width": 2.0
      },
      "geometry": {
        "type": "Polygon",
        "coordinates": [
          [
            [
              -43.31141872463034,
              -22.79542163064983
            ],
            [
              -43.3115403,
              -22.79511079932541
            ],
            [
              -43.31170350000001,
              -22.79486159932542
            ],
            [
              -43.311728,
              -22.79482429932542
            ],
            [
              -43.3117768,
              -22.79476739932543
            ],
            [
              -43.3119762,
              -22.79453499932542
            ],
            [
              -43.3126568,
              -22.79394039932544
            ],
            [
              -43.3129866,
              -22.79365229932545
            ],
            [
              -43.313739,
              -22.79294139932545
            ],
            [
              -43.3138148,
              -22.79286969932546
            ],
            [
              -43.3140898,
              -22.79259019932546
            ],
            [
              -43.31420629194791,
              -22.79244265305475
            ],
            [
              -43.31432635417061,
              -22.79229368723701
            ],
            [
              -43.31435817596301,
              -22.79219285358726
            ],
            [
              -43.31539830000001,
              -22.79299419932546
            ],
            [
              -43.31566599999999,
              -22.79321569932544
            ],
            [
              -43.316106,
              -22.79358689932544
            ],
            [
              -43.31727979999999,
              -22.79458639932542
            ],
            [
              -43.3175066,
              -22.79477949932541
            ],
            [
              -43.3183581,
              -22.7956033993254
            ],
            [
              -43.31831200000001,
              -22.7956378993254
            ],
            [
              -43.3182912,
              -22.7956534993254
            ],
            [
              -43.31821970000001,
              -22.79570179932539
            ],
            [
              -43.3181029,
              -22.79580989932539
            ],
            [
              -43.3179865,
              -22.7956957993254
            ],
            [
              -43.3178776,
              -22.79581769932539
            ],
            [
              -43.3177232,
              -22.79600379932539
            ],
            [
              -43.31740599999999,
              -22.79575299932539
            ],
            [
              -43.3172083,
              -22.79558339932539
            ],
            [
              -43.3169997,
              -22.79541189932539
            ],
            [
              -43.3168138,
              -22.7952508993254
            ],
            [
              -43.3162626,
              -22.79588789932539
            ],
            [
              -43.3160652,
              -22.79604619932539
            ],
            [
              -43.3158623,
              -22.7960517993254
            ],
            [
              -43.3156895,
              -22.79601609932539
            ],
            [
              -43.3152636,
              -22.7959497993254
            ],
            [
              -43.3147838,
              -22.79587519932539
            ],
            [
              -43.3142959,
              -22.79582049932539
            ],
            [
              -43.31331213945428,
              -22.79570408625223
            ],
            [
              -43.31141872463034,
              -22.79542163064983
            ]
          ]
        ]
      }
    },
    {
      "type": "Feature",
      "properties": {
        "name": "Comunidade da Av. São Vicente",
        "complexo": "COMPLEXO DO BEIRA MAR",
        "comunidade_pasta": "COMUNIDADE SÃO VICENTE",
        "styleUrl": "#com_laranja_escuro18",
        "tipo_extraido": "poligono_geral_comunidade",
        "Tipo": "Comunidade",
        "Comunidade": "Comunidade da Av. São Vicente",
        "Complexo": "Complexo do Beira Mar",
        "Distrito": "1° Distrito",
        "IDS_comunidade": "0.562",
        "Classe_comunidade": "Prioridade alta",
        "kml_fill_color": "99008cff",
        "fill": "#ff8c00",
        "fill-opacity": 0.6,
        "kml_stroke_color": "ff008cff",
        "stroke": "#ff8c00",
        "stroke-opacity": 1.0,
        "stroke-width": 2.0
      },
      "geometry": {
        "type": "Polygon",
        "coordinates": [
          [
            [
              -43.2856054,
              -22.7825087993257
            ],
            [
              -43.28568309999999,
              -22.78129809932573
            ],
            [
              -43.2871888,
              -22.78280639932569
            ],
            [
              -43.2867356,
              -22.78358219932567
            ],
            [
              -43.2871351,
              -22.78399849932566
            ],
            [
              -43.2875543,
              -22.78439799932565
            ],
            [
              -43.28698719999999,
              -22.78481219932564
            ],
            [
              -43.28633620000001,
              -22.78534479932565
            ],
            [
              -43.2859516,
              -22.78573939932562
            ],
            [
              -43.2853557,
              -22.78640129932562
            ],
            [
              -43.2853702,
              -22.78617559932562
            ],
            [
              -43.2856054,
              -22.7825087993257
            ]
          ]
        ]
      }
    },
    {
      "type": "Feature",
      "properties": {
        "name": "6. Vila Operária",
        "complexo": "COMPLEXO DO BEIRA MAR",
        "comunidade_pasta": "COMUNIDADE VILA OPERÁRIA",
        "styleUrl": "#com_laranja_escuro18",
        "tipo_extraido": "poligono_geral_comunidade",
        "Tipo": "Comunidade",
        "Comunidade": "Comunidade da Vila Operária",
        "Complexo": "Complexo do Beira Mar",
        "Distrito": "1º Distrito",
        "IDS_comunidade": "0.607",
        "Classe_comunidade": "Prioridade baixa",
        "kml_fill_color": "99008cff",
        "fill": "#ff8c00",
        "fill-opacity": 0.6,
        "kml_stroke_color": "ff008cff",
        "stroke": "#ff8c00",
        "stroke-opacity": 1.0,
        "stroke-width": 2.0
      },
      "geometry": {
        "type": "Polygon",
        "coordinates": [
          [
            [
              -43.29242988632118,
              -22.78724713617144
            ],
            [
              -43.29278512472565,
              -22.78716202981225
            ],
            [
              -43.29475727084343,
              -22.78544805100747
            ],
            [
              -43.29671405721884,
              -22.78635191366402
            ],
            [
              -43.29693633078621,
              -22.7862734604848
            ],
            [
              -43.29763147098949,
              -22.78663966009454
            ],
            [
              -43.29927603246323,
              -22.78645792240589
            ],
            [
              -43.29788289271407,
              -22.78931236315195
            ],
            [
              -43.29805466041205,
              -22.7894678409021
            ],
            [
              -43.29796793437293,
              -22.78981618763703
            ],
            [
              -43.29703837724298,
              -22.78964230964308
            ],
            [
              -43.29242988632118,
              -22.78724713617144
            ]
          ]
        ]
      }
    },
    {
      "type": "Feature",
      "properties": {
        "name": "Vila Beira Mar",
        "complexo": "COMPLEXO DO BEIRA MAR",
        "comunidade_pasta": "COMUNIDADE VILA BEIRA MAR",
        "styleUrl": "#com_laranja_escuro18",
        "tipo_extraido": "poligono_geral_comunidade",
        "Tipo": "Comunidade",
        "Comunidade": "Comunidade Vila Beira Mar",
        "Complexo": "Complexo do Beira Mar",
        "Distrito": "1º Distrito",
        "IDS_comunidade": "0.568",
        "Classe_comunidade": "Prioridade média",
        "kml_fill_color": "99008cff",
        "fill": "#ff8c00",
        "fill-opacity": 0.6,
        "kml_stroke_color": "ff008cff",
        "stroke": "#ff8c00",
        "stroke-opacity": 1.0,
        "stroke-width": 2.0
      },
      "geometry": {
        "type": "Polygon",
        "coordinates": [
          [
            [
              -43.2858194,
              -22.79742479932536
            ],
            [
              -43.2857496,
              -22.79737139932537
            ],
            [
              -43.2855692,
              -22.79721469932536
            ],
            [
              -43.2854315,
              -22.79712449932536
            ],
            [
              -43.2852416,
              -22.79702009932537
            ],
            [
              -43.28514190000001,
              -22.79694409932536
            ],
            [
              -43.2849614,
              -22.79682539932537
            ],
            [
              -43.2847098,
              -22.79658799932538
            ],
            [
              -43.2845151,
              -22.79644549932537
            ],
            [
              -43.2840071,
              -22.79603719932538
            ],
            [
              -43.28360828012492,
              -22.79568073814916
            ],
            [
              -43.28157066043684,
              -22.7941642061386
            ],
            [
              -43.28612789144133,
              -22.79086430809095
            ],
            [
              -43.28795615613272,
              -22.79463775546598
            ],
            [
              -43.28871394520968,
              -22.79433389738115
            ],
            [
              -43.28896994788037,
              -22.79484116219162
            ],
            [
              -43.28942209094154,
              -22.79467014474782
            ],
            [
              -43.28991396030099,
              -22.79561655400911
            ],
            [
              -43.2906452767661,
              -22.79550098878525
            ],
            [
              -43.29087509604066,
              -22.79594104890667
            ],
            [
              -43.2902787353088,
              -22.79637210457583
            ],
            [
              -43.29044025505524,
              -22.79642476944218
            ],
            [
              -43.29097584392014,
              -22.79674798180208
            ],
            [
              -43.2896307344685,
              -22.79788917287358
            ],
            [
              -43.2887866,
              -22.79858499932532
            ],
            [
              -43.288788,
              -22.79858739932533
            ],
            [
              -43.2888412,
              -22.79892079932532
            ],
            [
              -43.288886,
              -22.79930279932531
            ],
            [
              -43.2889985,
              -22.80026159932529
            ],
            [
              -43.2885615,
              -22.80054269932528
            ],
            [
              -43.287986,
              -22.79940489932531
            ],
            [
              -43.28782170000001,
              -22.79923549932531
            ],
            [
              -43.2876569,
              -22.79902479932531
            ],
            [
              -43.2874541,
              -22.79876519932531
            ],
            [
              -43.2870323,
              -22.79832709932532
            ],
            [
              -43.2867565,
              -22.79808379932534
            ],
            [
              -43.2862859,
              -22.79773489932534
            ],
            [
              -43.2861318,
              -22.79762139932535
            ],
            [
              -43.28586409999999,
              -22.79747529932535
            ],
            [
              -43.2858194,
              -22.79742479932536
            ]
          ]
        ]
      }
    },
    {
      "type": "Feature",
      "properties": {
        "name": "Parque das Missões",
        "complexo": "COMPLEXO DO BEIRA MAR",
        "comunidade_pasta": "COMUNIDADE PARQUE DAS MISSÕES",
        "styleUrl": "#com_laranja_escuro18",
        "tipo_extraido": "poligono_geral_comunidade",
        "Tipo": "Comunidade",
        "Comunidade": "Comunidade do Parque das Missões",
        "Complexo": "Complexo do Beira Mar",
        "Distrito": "1º Distrito",
        "IDS_comunidade": "0.628",
        "Classe_comunidade": "Prioridade baixa",
        "kml_fill_color": "99008cff",
        "fill": "#ff8c00",
        "fill-opacity": 0.6,
        "kml_stroke_color": "ff008cff",
        "stroke": "#ff8c00",
        "stroke-opacity": 1.0,
        "stroke-width": 2.0
      },
      "geometry": {
        "type": "Polygon",
        "coordinates": [
          [
            [
              -43.2781203,
              -22.80627739932514
            ],
            [
              -43.27780899999999,
              -22.80595569932516
            ],
            [
              -43.2773731,
              -22.80531229932517
            ],
            [
              -43.2771241,
              -22.80464809932519
            ],
            [
              -43.2770021,
              -22.8042618993252
            ],
            [
              -43.27687499999999,
              -22.80385939932521
            ],
            [
              -43.27713159999999,
              -22.8038014993252
            ],
            [
              -43.27801566933819,
              -22.80352432726263
            ],
            [
              -43.2785240786329,
              -22.80341292830478
            ],
            [
              -43.27912081153572,
              -22.80328217208529
            ],
            [
              -43.2802707293072,
              -22.80329434055659
            ],
            [
              -43.28185637089341,
              -22.80334037706602
            ],
            [
              -43.28450749580245,
              -22.80339602881579
            ],
            [
              -43.28557252174775,
              -22.80314877129639
            ],
            [
              -43.28734784926745,
              -22.80278754179326
            ],
            [
              -43.28859578591867,
              -22.80258134763067
            ],
            [
              -43.28963052099888,
              -22.80252254136117
            ],
            [
              -43.29023043322528,
              -22.80253989537436
            ],
            [
              -43.29002853602472,
              -22.80312721002413
            ],
            [
              -43.28999882186147,
              -22.80323730709416
            ],
            [
              -43.2899401,
              -22.80331629932522
            ],
            [
              -43.28969750000001,
              -22.80326519932521
            ],
            [
              -43.2895896,
              -22.80325899932523
            ],
            [
              -43.2889829,
              -22.80333469932522
            ],
            [
              -43.288547,
              -22.80344859932521
            ],
            [
              -43.28801440000001,
              -22.80366129932521
            ],
            [
              -43.28768530000001,
              -22.8037875993252
            ],
            [
              -43.2872007,
              -22.80393779932521
            ],
            [
              -43.28707450000001,
              -22.80397679932521
            ],
            [
              -43.28672130000001,
              -22.80409969932519
            ],
            [
              -43.2863534,
              -22.8041876993252
            ],
            [
              -43.28613530000001,
              -22.8042361993252
            ],
            [
              -43.2860651,
              -22.8042965993252
            ],
            [
              -43.2860163,
              -22.80432519932519
            ],
            [
              -43.28597878579545,
              -22.80770932925288
            ],
            [
              -43.28359177324666,
              -22.80752717327946
            ],
            [
              -43.28143528717194,
              -22.80748077784355
            ],
            [
              -43.2797277,
              -22.80743219932513
            ],
            [
              -43.2792817724353,
              -22.80745056150274
            ],
            [
              -43.2790904,
              -22.80739729932513
            ],
            [
              -43.2790763,
              -22.80738009932513
            ],
            [
              -43.27874299999999,
              -22.80697269932513
            ],
            [
              -43.27843170000001,
              -22.80659909932514
            ],
            [
              -43.2781203,
              -22.80627739932514
            ]
          ]
        ]
      }
    },
    {
      "type": "Feature",
      "properties": {
        "name": "COMUNIDADE DA CHATUBA",
        "complexo": "COMPLEXO DO JARDIM GRAMACHO",
        "comunidade_pasta": "COMUNIDADE DA CHATUBA",
        "styleUrl": "#com_laranja_escuro110",
        "tipo_extraido": "poligono_geral_comunidade",
        "Tipo": "Comunidade",
        "Comunidade": "Comunidade da Chatuba",
        "Complexo": "Complexo do Gramacho",
        "Distrito": "1º Distrito",
        "IDS_comunidade": "0.53",
        "Classe_comunidade": "Prioridade alta",
        "kml_fill_color": "9900ffff",
        "fill": "#ffff00",
        "fill-opacity": 0.6,
        "kml_stroke_color": "ff00ffff",
        "stroke": "#ffff00",
        "stroke-opacity": 1.0,
        "stroke-width": 2.0
      },
      "geometry": {
        "type": "Polygon",
        "coordinates": [
          [
            [
              -43.27033435554817,
              -22.75245740641338
            ],
            [
              -43.27041300203166,
              -22.75200434702642
            ],
            [
              -43.27056903219724,
              -22.75171228340781
            ],
            [
              -43.27077426521651,
              -22.7515387780356
            ],
            [
              -43.27104249202549,
              -22.75087014636916
            ],
            [
              -43.27134999745862,
              -22.74922010927868
            ],
            [
              -43.2718218,
              -22.74927899932646
            ],
            [
              -43.2721475,
              -22.74933909932646
            ],
            [
              -43.2724263,
              -22.74936709932646
            ],
            [
              -43.272639,
              -22.74940889932646
            ],
            [
              -43.27319009999999,
              -22.74945069932645
            ],
            [
              -43.2734119,
              -22.74928299932646
            ],
            [
              -43.2736916,
              -22.74916969932646
            ],
            [
              -43.2739533,
              -22.74915549932647
            ],
            [
              -43.2742039,
              -22.74914119932647
            ],
            [
              -43.2744123,
              -22.74905529932646
            ],
            [
              -43.27466140000001,
              -22.74889579932648
            ],
            [
              -43.27491939999999,
              -22.74879299932648
            ],
            [
              -43.2750932,
              -22.74877829932648
            ],
            [
              -43.27531599999999,
              -22.74879299932648
            ],
            [
              -43.2754981,
              -22.74891039932647
            ],
            [
              -43.2756899,
              -22.74900029932646
            ],
            [
              -43.2758997,
              -22.74898649932646
            ],
            [
              -43.2761517,
              -22.74886119932647
            ],
            [
              -43.27630379999999,
              -22.74873429932647
            ],
            [
              -43.2765082,
              -22.74862029932649
            ],
            [
              -43.2767497,
              -22.74862029932649
            ],
            [
              -43.2769567,
              -22.74862029932648
            ],
            [
              -43.27698240000001,
              -22.74861549932649
            ],
            [
              -43.27703320000001,
              -22.74860599932648
            ],
            [
              -43.2771096,
              -22.74859159932648
            ],
            [
              -43.2772529,
              -22.74835919932648
            ],
            [
              -43.2773438,
              -22.74826279932649
            ],
            [
              -43.27743480000001,
              -22.74816649932648
            ],
            [
              -43.277817,
              -22.7480007993265
            ],
            [
              -43.2778201,
              -22.74799809932649
            ],
            [
              -43.27782490000001,
              -22.74800329932649
            ],
            [
              -43.28398989338528,
              -22.74888017379049
            ],
            [
              -43.28348639269296,
              -22.75399739979093
            ],
            [
              -43.28478418683529,
              -22.75541148167436
            ],
            [
              -43.28466750660299,
              -22.7563735626176
            ],
            [
              -43.28093841162504,
              -22.75981596401193
            ],
            [
              -43.27914896922977,
              -22.75967880273292
            ],
            [
              -43.27860424807955,
              -22.75909440461646
            ],
            [
              -43.27863149622847,
              -22.75785863073964
            ],
            [
              -43.27809888278012,
              -22.75729549939127
            ],
            [
              -43.27682595045906,
              -22.75706979343904
            ],
            [
              -43.27599352867011,
              -22.75673336469155
            ],
            [
              -43.27447764693239,
              -22.75532733076455
            ],
            [
              -43.27389864421809,
              -22.75498138531486
            ],
            [
              -43.27033435554817,
              -22.75245740641338
            ]
          ]
        ]
      }
    },
    {
      "type": "Feature",
      "properties": {
        "name": "COMUNIDADE DO COHAB",
        "complexo": "COMPLEXO DO JARDIM GRAMACHO",
        "comunidade_pasta": "COMUNIDADE DO COHAB",
        "styleUrl": "#com_laranja_escuro110",
        "tipo_extraido": "poligono_geral_comunidade",
        "Tipo": "Comunidade",
        "Comunidade": "Comunidade do COHAB",
        "Complexo": "Complexo do Gramacho",
        "Distrito": "1º Distrito",
        "IDS_comunidade": "0.602",
        "Classe_comunidade": "Prioridade média",
        "kml_fill_color": "9900ffff",
        "fill": "#ffff00",
        "fill-opacity": 0.6,
        "kml_stroke_color": "ff00ffff",
        "stroke": "#ffff00",
        "stroke-opacity": 1.0,
        "stroke-width": 2.0
      },
      "geometry": {
        "type": "Polygon",
        "coordinates": [
          [
            [
              -43.28424306474005,
              -22.76569692699341
            ],
            [
              -43.28153730494793,
              -22.7658996312224
            ],
            [
              -43.2808971651148,
              -22.76652002165065
            ],
            [
              -43.28063558997309,
              -22.76746003615869
            ],
            [
              -43.27861325840315,
              -22.76874850921621
            ],
            [
              -43.27633639012102,
              -22.76671478815553
            ],
            [
              -43.27456219158792,
              -22.76555497769657
            ],
            [
              -43.27463653543624,
              -22.76472633156557
            ],
            [
              -43.27499994359219,
              -22.76385738706779
            ],
            [
              -43.2740987076746,
              -22.76312171686026
            ],
            [
              -43.27326659688576,
              -22.76319050867042
            ],
            [
              -43.27121889486204,
              -22.76150025906407
            ],
            [
              -43.27040796104647,
              -22.76111754996015
            ],
            [
              -43.27062601916925,
              -22.76037788591692
            ],
            [
              -43.27039751246882,
              -22.75968011106626
            ],
            [
              -43.26946315214341,
              -22.75989920965913
            ],
            [
              -43.26907499217717,
              -22.75929858334294
            ],
            [
              -43.27003501575963,
              -22.757527128539
            ],
            [
              -43.2706487887443,
              -22.75681272821098
            ],
            [
              -43.27072507534643,
              -22.75634277228933
            ],
            [
              -43.27029231559681,
              -22.75600784743239
            ],
            [
              -43.26914367540739,
              -22.755481673913
            ],
            [
              -43.26849095759044,
              -22.75472345172892
            ],
            [
              -43.26822983951185,
              -22.75400949009841
            ],
            [
              -43.2682085487945,
              -22.75333566226158
            ],
            [
              -43.26838943815241,
              -22.7526161154815
            ],
            [
              -43.26800650896087,
              -22.75212477491439
            ],
            [
              -43.2676227528908,
              -22.75171621692444
            ],
            [
              -43.26755968828788,
              -22.75113888171046
            ],
            [
              -43.26832729162111,
              -22.75049596003413
            ],
            [
              -43.26944679420291,
              -22.75008520901681
            ],
            [
              -43.26995027251424,
              -22.75010465211586
            ],
            [
              -43.27029084453036,
              -22.75075213648358
            ],
            [
              -43.27029466163407,
              -22.75124453438984
            ],
            [
              -43.26987241458642,
              -22.75171499432493
            ],
            [
              -43.2703201198189,
              -22.75251139105347
            ],
            [
              -43.27485882591354,
              -22.75569953888585
            ],
            [
              -43.27600329543024,
              -22.75680205184642
            ],
            [
              -43.27821528262324,
              -22.75729998217258
            ],
            [
              -43.27863500287494,
              -22.7578202387777
            ],
            [
              -43.27864047142032,
              -22.75921740919907
            ],
            [
              -43.27931472215767,
              -22.75969296441976
            ],
            [
              -43.28087780140643,
              -22.75978186791479
            ],
            [
              -43.28233472353202,
              -22.76106693229735
            ],
            [
              -43.28330206393507,
              -22.76234947224755
            ],
            [
              -43.28424306474005,
              -22.76569692699341
            ]
          ]
        ]
      }
    },
    {
      "type": "Feature",
      "properties": {
        "name": "Comunidade da Paraopeba",
        "complexo": "COMPLEXO DO JARDIM GRAMACHO",
        "comunidade_pasta": "COMUNIDADE DA PARAOPEBA",
        "styleUrl": "#com_laranja_escuro110",
        "tipo_extraido": "poligono_geral_comunidade",
        "Tipo": "Comunidade",
        "Comunidade": "Comunidade da Paraopeba",
        "Complexo": "Complexo do Gramacho",
        "Distrito": "1º Distrito",
        "IDS_comunidade": "0.685",
        "Classe_comunidade": "Menor prioridade relativa",
        "kml_fill_color": "9900ffff",
        "fill": "#ffff00",
        "fill-opacity": 0.6,
        "kml_stroke_color": "ff00ffff",
        "stroke": "#ffff00",
        "stroke-opacity": 1.0,
        "stroke-width": 2.0
      },
      "geometry": {
        "type": "Polygon",
        "coordinates": [
          [
            [
              -43.28715105599483,
              -22.75939370025479
            ],
            [
              -43.287701,
              -22.74911039932646
            ],
            [
              -43.2879211,
              -22.74624849932653
            ],
            [
              -43.2881379,
              -22.74625809932652
            ],
            [
              -43.2905333,
              -22.74636449932654
            ],
            [
              -43.2906412,
              -22.74699829932652
            ],
            [
              -43.2906565,
              -22.74718169932651
            ],
            [
              -43.2909928,
              -22.74891919932647
            ],
            [
              -43.29130429999999,
              -22.74957339932645
            ],
            [
              -43.29172290000001,
              -22.75018029932643
            ],
            [
              -43.2948923913791,
              -22.75236593686085
            ],
            [
              -43.29437419495539,
              -22.75379239864034
            ],
            [
              -43.29168710867647,
              -22.75593381477507
            ],
            [
              -43.28715105599483,
              -22.75939370025479
            ]
          ]
        ]
      }
    },
    {
      "type": "Feature",
      "properties": {
        "name": "COMUNIDADE DO DICK 1",
        "complexo": "COMPLEXO DO JARDIM GRAMACHO",
        "comunidade_pasta": "COMUNIDADE DO DICK 1",
        "styleUrl": "#com_laranja_escuro110",
        "tipo_extraido": "poligono_geral_comunidade",
        "Tipo": "Comunidade",
        "Comunidade": "Comunidade do Dick 1",
        "Complexo": "Complexo do Gramacho",
        "Distrito": "1º Distrito",
        "IDS_comunidade": "0.666",
        "Classe_comunidade": "Menor prioridade relativa",
        "kml_fill_color": "9900ffff",
        "fill": "#ffff00",
        "fill-opacity": 0.6,
        "kml_stroke_color": "ff00ffff",
        "stroke": "#ffff00",
        "stroke-opacity": 1.0,
        "stroke-width": 2.0
      },
      "geometry": {
        "type": "Polygon",
        "coordinates": [
          [
            [
              -43.30265535425579,
              -22.75366384734966
            ],
            [
              -43.30184749283574,
              -22.75509872493146
            ],
            [
              -43.29834327609969,
              -22.7540934752308
            ],
            [
              -43.29618262074121,
              -22.75320708032249
            ],
            [
              -43.29300545776075,
              -22.75113248755515
            ],
            [
              -43.29223976631877,
              -22.75048192104803
            ],
            [
              -43.29171573472569,
              -22.75025366601377
            ],
            [
              -43.29120571730203,
              -22.74937051952261
            ],
            [
              -43.290933715614,
              -22.7486641766506
            ],
            [
              -43.29080643887669,
              -22.74791734847511
            ],
            [
              -43.29044447948006,
              -22.74636241357984
            ],
            [
              -43.29276841799998,
              -22.74683054499998
            ],
            [
              -43.29308548099993,
              -22.74687358999996
            ],
            [
              -43.29338317399999,
              -22.74689544899996
            ],
            [
              -43.29369912,
              -22.74692084699997
            ],
            [
              -43.29394309099996,
              -22.74696766599996
            ],
            [
              -43.29452200799995,
              -22.74702823399998
            ],
            [
              -43.29482229499996,
              -22.74703029199998
            ],
            [
              -43.29518380099994,
              -22.74706727499995
            ],
            [
              -43.29542039699993,
              -22.74712706799994
            ],
            [
              -43.29597421499992,
              -22.74710330699997
            ],
            [
              -43.29635221099994,
              -22.74708485099997
            ],
            [
              -43.29670484499998,
              -22.74715348699994
            ],
            [
              -43.296959965,
              -22.74720368899994
            ],
            [
              -43.29727862599999,
              -22.74716646499996
            ],
            [
              -43.29764951,
              -22.74715625899997
            ],
            [
              -43.29811909399995,
              -22.74720487199997
            ],
            [
              -43.29850127599997,
              -22.74721815699998
            ],
            [
              -43.29875023999995,
              -22.74721988799998
            ],
            [
              -43.29900154999996,
              -22.74719665799995
            ],
            [
              -43.29951139399998,
              -22.74720432499993
            ],
            [
              -43.29997596899994,
              -22.74722055299999
            ],
            [
              -43.30012815599996,
              -22.74713506499996
            ],
            [
              -43.30032656999999,
              -22.74713711299997
            ],
            [
              -43.30045947099994,
              -22.74721702799999
            ],
            [
              -43.30087537699996,
              -22.74725344799999
            ],
            [
              -43.30134318899998,
              -22.74719569699996
            ],
            [
              -43.30186555499994,
              -22.74725687299997
            ],
            [
              -43.30229469299999,
              -22.74723614600001
            ],
            [
              -43.30271638799995,
              -22.74725645599994
            ],
            [
              -43.30341721399997,
              -22.74746762699993
            ],
            [
              -43.30406648499996,
              -22.74773504699998
            ],
            [
              -43.30443920299995,
              -22.74789600099998
            ],
            [
              -43.30469531399995,
              -22.748014541
            ],
            [
              -43.30500750899996,
              -22.74816140199994
            ],
            [
              -43.30529004899993,
              -22.74840636099998
            ],
            [
              -43.30555276999995,
              -22.74862022099996
            ],
            [
              -43.30586663699995,
              -22.74883704899998
            ],
            [
              -43.30598846699996,
              -22.749031288
            ],
            [
              -43.30265535425579,
              -22.75366384734966
            ]
          ]
        ]
      }
    },
    {
      "type": "Feature",
      "properties": {
        "name": "Comunidade do Barro Vermelho",
        "complexo": "COMPLEXO DO BARRO VERMELHO",
        "comunidade_pasta": "COMUNIDADE DO BARRO VERMELHO",
        "styleUrl": "#com_laranja_escuro16",
        "tipo_extraido": "poligono_geral_comunidade",
        "Tipo": "Comunidade",
        "Comunidade": "Comunidade do Barro Vermelho",
        "Complexo": "Complexo do Barro Vermellho",
        "Distrito": "2º Distrito",
        "IDS_comunidade": "0.543",
        "Classe_comunidade": "Prioridade alta",
        "kml_fill_color": "99ff0000",
        "fill": "#0000ff",
        "fill-opacity": 0.6,
        "kml_stroke_color": "ffff5500",
        "stroke": "#0055ff",
        "stroke-opacity": 1.0,
        "stroke-width": 2.0
      },
      "geometry": {
        "type": "Polygon",
        "coordinates": [
          [
            [
              -43.31979084380724,
              -22.75356490406023
            ],
            [
              -43.3097343,
              -22.75097739932643
            ],
            [
              -43.30890029999999,
              -22.75068269932643
            ],
            [
              -43.30740610000001,
              -22.74972319932645
            ],
            [
              -43.3071319,
              -22.74950379932645
            ],
            [
              -43.3067574,
              -22.74920439932647
            ],
            [
              -43.307361,
              -22.74822609932649
            ],
            [
              -43.3075183,
              -22.74788639932649
            ],
            [
              -43.30769660000001,
              -22.74730069932651
            ],
            [
              -43.30784119999999,
              -22.74724429932651
            ],
            [
              -43.30795169999999,
              -22.74714229932651
            ],
            [
              -43.30812084382195,
              -22.74660140327249
            ],
            [
              -43.31356286506888,
              -22.74256457454489
            ],
            [
              -43.3145609786169,
              -22.74275866263594
            ],
            [
              -43.31639124975622,
              -22.7446745049536
            ],
            [
              -43.32175665784698,
              -22.75040285470602
            ],
            [
              -43.31979084380724,
              -22.75356490406023
            ]
          ]
        ]
      }
    },
    {
      "type": "Feature",
      "properties": {
        "name": "COMUNIDADE DA JAQUEIRA",
        "complexo": "COMPLEXO DO BARRO VERMELHO",
        "comunidade_pasta": "COMUNIDADE DA JAQUEIRA",
        "styleUrl": "#com_laranja_escuro16",
        "tipo_extraido": "poligono_geral_comunidade",
        "Tipo": "Comunidade",
        "Comunidade": "Comunidade da Jaqueira",
        "Complexo": "Complexo do Barro Vermellho",
        "Distrito": "2º Distrito",
        "IDS_comunidade": "0.585",
        "Classe_comunidade": "Prioridade média",
        "kml_fill_color": "99ff0000",
        "fill": "#0000ff",
        "fill-opacity": 0.6,
        "kml_stroke_color": "ffff5500",
        "stroke": "#0055ff",
        "stroke-opacity": 1.0,
        "stroke-width": 2.0
      },
      "geometry": {
        "type": "Polygon",
        "coordinates": [
          [
            [
              -43.32731674939836,
              -22.74650725950056
            ],
            [
              -43.32891246118754,
              -22.74502000983466
            ],
            [
              -43.32942866337221,
              -22.75555688088962
            ],
            [
              -43.31995058999996,
              -22.753251699
            ],
            [
              -43.32081732999995,
              -22.75190827499999
            ],
            [
              -43.32164693999992,
              -22.75042950699999
            ],
            [
              -43.32355313029592,
              -22.75102511752647
            ],
            [
              -43.32434988491934,
              -22.75069519863826
            ],
            [
              -43.32594848228883,
              -22.74924999359627
            ],
            [
              -43.32684391870778,
              -22.74875066743902
            ],
            [
              -43.32731674939836,
              -22.74650725950056
            ]
          ]
        ]
      }
    },
    {
      "type": "Feature",
      "properties": {
        "name": "COMUNIDADE DO PANTANAL",
        "complexo": "COMPLEXO DO BARRO VERMELHO",
        "comunidade_pasta": "COMUNIDADE DO PANTANAL",
        "styleUrl": "#com_laranja_escuro16",
        "tipo_extraido": "poligono_geral_comunidade",
        "Tipo": "Comunidade",
        "Comunidade": "Comunidade do Pantanal",
        "Complexo": "Complexo do Barro Vermellho",
        "Distrito": "2º Distrito",
        "IDS_comunidade": "0.567",
        "Classe_comunidade": "Prioridade alta",
        "kml_fill_color": "99ff0000",
        "fill": "#0000ff",
        "fill-opacity": 0.6,
        "kml_stroke_color": "ffff5500",
        "stroke": "#0055ff",
        "stroke-opacity": 1.0,
        "stroke-width": 2.0
      },
      "geometry": {
        "type": "Polygon",
        "coordinates": [
          [
            [
              -43.31461450801893,
              -22.74276883116874
            ],
            [
              -43.31353698490541,
              -22.74251063501956
            ],
            [
              -43.31486068720888,
              -22.74155620257904
            ],
            [
              -43.31503216842961,
              -22.74071369219945
            ],
            [
              -43.31346269777743,
              -22.73902063930626
            ],
            [
              -43.31705124471521,
              -22.73619862658904
            ],
            [
              -43.31753747019257,
              -22.73691495732783
            ],
            [
              -43.3198274005822,
              -22.73556505178942
            ],
            [
              -43.32081838736518,
              -22.73686998471892
            ],
            [
              -43.31981943910149,
              -22.73762991371785
            ],
            [
              -43.32153778863232,
              -22.73971246505912
            ],
            [
              -43.32525099802395,
              -22.74395488834411
            ],
            [
              -43.32776657738776,
              -22.74614758817967
            ],
            [
              -43.32735284483873,
              -22.74654043456673
            ],
            [
              -43.32681692100908,
              -22.74872278064575
            ],
            [
              -43.32563942774081,
              -22.74949798774829
            ],
            [
              -43.32415943471151,
              -22.75082488512891
            ],
            [
              -43.32354393477566,
              -22.75097007420049
            ],
            [
              -43.3216608978671,
              -22.75037800359581
            ],
            [
              -43.31973395475576,
              -22.74832843244203
            ],
            [
              -43.31461450801893,
              -22.74276883116874
            ]
          ]
        ]
      }
    },
    {
      "type": "Feature",
      "properties": {
        "name": "Sossego",
        "complexo": "COMPLEXO DO BARRO VERMELHO",
        "comunidade_pasta": "COMUNIDADE DO MORRO DO SOSSEGO",
        "styleUrl": "#com_laranja_escuro16",
        "tipo_extraido": "poligono_geral_comunidade",
        "Tipo": "Comunidade",
        "Comunidade": "Comunidade do Morro do Sossego",
        "Complexo": "Complexo do Barro Vermellho",
        "Distrito": "2º Distrito",
        "IDS_comunidade": "0.492",
        "Classe_comunidade": "Prioridade muito alta",
        "kml_fill_color": "99ff0000",
        "fill": "#0000ff",
        "fill-opacity": 0.6,
        "kml_stroke_color": "ffff5500",
        "stroke": "#0055ff",
        "stroke-opacity": 1.0,
        "stroke-width": 2.0
      },
      "geometry": {
        "type": "Polygon",
        "coordinates": [
          [
            [
              -43.32147593662664,
              -22.73964916462165
            ],
            [
              -43.32216775703941,
              -22.73965354620625
            ],
            [
              -43.32368146621457,
              -22.73862671235252
            ],
            [
              -43.32382396348618,
              -22.73823581893295
            ],
            [
              -43.32546380282716,
              -22.73564473199266
            ],
            [
              -43.32555877700012,
              -22.7352849781086
            ],
            [
              -43.32558850849207,
              -22.73512833257459
            ],
            [
              -43.32539700072209,
              -22.73426995347705
            ],
            [
              -43.32826428428145,
              -22.73168137271771
            ],
            [
              -43.3287098,
              -22.74127619932665
            ],
            [
              -43.3287101,
              -22.74128009932665
            ],
            [
              -43.3287119,
              -22.74130779932665
            ],
            [
              -43.3287137,
              -22.74133649932664
            ],
            [
              -43.3287182,
              -22.74140789932665
            ],
            [
              -43.3287472,
              -22.74186099932664
            ],
            [
              -43.3287485,
              -22.74188049932664
            ],
            [
              -43.32877070000001,
              -22.74222849932663
            ],
            [
              -43.3288106,
              -22.74302239932661
            ],
            [
              -43.32883900000001,
              -22.7435869993266
            ],
            [
              -43.32888830520827,
              -22.74499023872078
            ],
            [
              -43.32772951059719,
              -22.74618495090389
            ],
            [
              -43.32649699142516,
              -22.74508891464382
            ],
            [
              -43.3255939,
              -22.74426229932658
            ],
            [
              -43.3254635,
              -22.74412199932659
            ],
            [
              -43.32530269999999,
              -22.74397279932658
            ],
            [
              -43.3241258,
              -22.74265419932662
            ],
            [
              -43.32147593662664,
              -22.73964916462165
            ]
          ]
        ]
      }
    },
    {
      "type": "Feature",
      "properties": {
        "name": "COMUNIDADE DA JERUSA",
        "complexo": "COMPLEXO DO BARRO VERMELHO",
        "comunidade_pasta": "COMUNIDADE DA JERUSA",
        "styleUrl": "#com_laranja_escuro16",
        "tipo_extraido": "poligono_geral_comunidade",
        "Tipo": "Comunidade",
        "Comunidade": "Comunidade da Jerusa",
        "Complexo": "Complexo do Barro Vermellho",
        "Distrito": "1º Distrito",
        "IDS_comunidade": "0.651",
        "Classe_comunidade": "Prioridade baixa",
        "kml_fill_color": "99ff0000",
        "fill": "#0000ff",
        "fill-opacity": 0.6,
        "kml_stroke_color": "ffff5500",
        "stroke": "#0055ff",
        "stroke-opacity": 1.0,
        "stroke-width": 2.0
      },
      "geometry": {
        "type": "Polygon",
        "coordinates": [
          [
            [
              -43.30763536399996,
              -22.750081671
            ],
            [
              -43.30846942499995,
              -22.75069359199997
            ],
            [
              -43.30847931999993,
              -22.75069602699998
            ],
            [
              -43.30918282499994,
              -22.75110956299997
            ],
            [
              -43.31047947499998,
              -22.75152111999998
            ],
            [
              -43.31145909099996,
              -22.75178196199996
            ],
            [
              -43.31287132099992,
              -22.75211894999996
            ],
            [
              -43.31690145388484,
              -22.75348874983789
            ],
            [
              -43.31653724986,
              -22.75420243188909
            ],
            [
              -43.31668860351716,
              -22.75481778743898
            ],
            [
              -43.31685929593758,
              -22.7555245398384
            ],
            [
              -43.31745030730129,
              -22.75512336883004
            ],
            [
              -43.31799271214189,
              -22.75582950352949
            ],
            [
              -43.31554149111242,
              -22.75715968754814
            ],
            [
              -43.31482765148012,
              -22.75766819980869
            ],
            [
              -43.31302577907415,
              -22.757383520213
            ],
            [
              -43.31167494826794,
              -22.75713877760029
            ],
            [
              -43.31070774286791,
              -22.75690994508507
            ],
            [
              -43.3099534584606,
              -22.75679944360716
            ],
            [
              -43.30934462292267,
              -22.75669333057837
            ],
            [
              -43.3088381138064,
              -22.75594013240683
            ],
            [
              -43.30829354151781,
              -22.75507128229368
            ],
            [
              -43.30779234534496,
              -22.75449388381157
            ],
            [
              -43.30660071888877,
              -22.75431758098078
            ],
            [
              -43.30612133143583,
              -22.75378389725515
            ],
            [
              -43.3046100515298,
              -22.7523357351355
            ],
            [
              -43.30530839161123,
              -22.75131364036752
            ],
            [
              -43.30599555689626,
              -22.75035276829387
            ],
            [
              -43.30674675399996,
              -22.74937747799995
            ],
            [
              -43.30763536399996,
              -22.750081671
            ]
          ]
        ]
      }
    },
    {
      "type": "Feature",
      "properties": {
        "name": "COMUNIDADE DA VILA ACTURA",
        "complexo": "COMPLEXO DO CANGULO",
        "comunidade_pasta": "COMUNIDADE DA VILA ACTURA",
        "styleUrl": "#com_laranja0",
        "tipo_extraido": "poligono_geral_comunidade",
        "Tipo": "Comunidade",
        "Comunidade": "Comunidade da Vila Actura",
        "Complexo": "Complexo do Cangulo",
        "Distrito": "2º Distrito",
        "IDS_comunidade": "0.577",
        "Classe_comunidade": "Prioridade média",
        "kml_fill_color": "990000aa",
        "fill": "#aa0000",
        "fill-opacity": 0.6,
        "kml_stroke_color": "ff0000aa",
        "stroke": "#aa0000",
        "stroke-opacity": 1.0,
        "stroke-width": 2.0
      },
      "geometry": {
        "type": "Polygon",
        "coordinates": [
          [
            [
              -43.28418090700111,
              -22.70637992561456
            ],
            [
              -43.28765369478644,
              -22.70929696139795
            ],
            [
              -43.27248054878458,
              -22.71347725653566
            ],
            [
              -43.27307824199691,
              -22.70884663145585
            ],
            [
              -43.26888578976843,
              -22.7077375895033
            ],
            [
              -43.27117552331445,
              -22.70625382361014
            ],
            [
              -43.2700818230977,
              -22.70431411443471
            ],
            [
              -43.27490239087368,
              -22.69898444167177
            ],
            [
              -43.28233843658423,
              -22.70497866686893
            ],
            [
              -43.28418090700111,
              -22.70637992561456
            ]
          ]
        ]
      }
    },
    {
      "type": "Feature",
      "properties": {
        "name": "COMUNIDADE DO BOM RETIRO",
        "complexo": "COMPLEXO DO CANGULO",
        "comunidade_pasta": "COMUNIDADE DO BOM RETIRO",
        "styleUrl": "#com_laranja0",
        "tipo_extraido": "poligono_geral_comunidade",
        "Tipo": "Comunidade",
        "Comunidade": "Comunidade do Bom Retiro",
        "Complexo": "Complexo do Cangulo",
        "Distrito": "2º Distrito",
        "IDS_comunidade": "0.481",
        "Classe_comunidade": "Situação crítica / prioridade máxima",
        "kml_fill_color": "990000aa",
        "fill": "#aa0000",
        "fill-opacity": 0.6,
        "kml_stroke_color": "ff0000aa",
        "stroke": "#aa0000",
        "stroke-opacity": 1.0,
        "stroke-width": 2.0
      },
      "geometry": {
        "type": "Polygon",
        "coordinates": [
          [
            [
              -43.24966239844203,
              -22.69361395967517
            ],
            [
              -43.25051438737493,
              -22.6927904857456
            ],
            [
              -43.2509200736387,
              -22.69342680880126
            ],
            [
              -43.25266463966989,
              -22.69163008153181
            ],
            [
              -43.25720857390554,
              -22.69443723555534
            ],
            [
              -43.25720641776092,
              -22.69542476330768
            ],
            [
              -43.25781658749752,
              -22.6961333964511
            ],
            [
              -43.25797733857619,
              -22.69626544197999
            ],
            [
              -43.25861460178092,
              -22.69666731967665
            ],
            [
              -43.2596078138027,
              -22.69722994845203
            ],
            [
              -43.25982023487094,
              -22.69747681617997
            ],
            [
              -43.25975708266147,
              -22.69784998832687
            ],
            [
              -43.26006136148894,
              -22.69830353601314
            ],
            [
              -43.26038286364628,
              -22.69867670816005
            ],
            [
              -43.26325431651441,
              -22.70057537861682
            ],
            [
              -43.26000826093209,
              -22.70203528017029
            ],
            [
              -43.25846646562432,
              -22.70327047093251
            ],
            [
              -43.25643784652449,
              -22.70551620371582
            ],
            [
              -43.25509890288442,
              -22.70517935156235
            ],
            [
              -43.25469315060033,
              -22.70435593395626
            ],
            [
              -43.25440913288685,
              -22.70398165487338
            ],
            [
              -43.25193422663258,
              -22.70443078266288
            ],
            [
              -43.25126023993179,
              -22.7053536190348
            ],
            [
              -43.25026128680005,
              -22.70574401451155
            ],
            [
              -43.2495149425062,
              -22.70581290783099
            ],
            [
              -43.24875711599249,
              -22.70530769015516
            ],
            [
              -43.24840116717545,
              -22.70466468584046
            ],
            [
              -43.24763359184763,
              -22.70555355071716
            ],
            [
              -43.24771471907214,
              -22.70615239867995
            ],
            [
              -43.24584842392452,
              -22.70551608035504
            ],
            [
              -43.242765068763,
              -22.70308316857693
            ],
            [
              -43.23980335714573,
              -22.70166075098578
            ],
            [
              -43.24154810684384,
              -22.69949001756263
            ],
            [
              -43.24460055238691,
              -22.69732754732119
            ],
            [
              -43.24492205454423,
              -22.69755719171929
            ],
            [
              -43.24787732023415,
              -22.69368879281932
            ],
            [
              -43.24686308519878,
              -22.69312730570524
            ],
            [
              -43.24803963996084,
              -22.6919669723431
            ],
            [
              -43.24966239844203,
              -22.69361395967517
            ]
          ]
        ]
      }
    },
    {
      "type": "Feature",
      "properties": {
        "name": "COMUNIDADE DO ANA CLARA",
        "complexo": "COMPLEXO DO CANGULO",
        "comunidade_pasta": "COMUNIDADE DO ANA CLARA",
        "styleUrl": "#com_laranja0",
        "tipo_extraido": "poligono_geral_comunidade",
        "Tipo": "Comunidade",
        "Comunidade": "Comunidade do Ana Clara",
        "Complexo": "Complexo do Cangulo",
        "Distrito": "2º Distrito",
        "IDS_comunidade": "0.565",
        "Classe_comunidade": "Prioridade alta",
        "kml_fill_color": "990000aa",
        "fill": "#aa0000",
        "fill-opacity": 0.6,
        "kml_stroke_color": "ff0000aa",
        "stroke": "#aa0000",
        "stroke-opacity": 1.0,
        "stroke-width": 2.0
      },
      "geometry": {
        "type": "Polygon",
        "coordinates": [
          [
            [
              -43.24178775788172,
              -22.69256807807395
            ],
            [
              -43.2419112066486,
              -22.69343233989711
            ],
            [
              -43.24387414449514,
              -22.69679687467002
            ],
            [
              -43.2445158686995,
              -22.69726663250343
            ],
            [
              -43.24018047101831,
              -22.70162607528809
            ],
            [
              -43.23321244704721,
              -22.70370435415985
            ],
            [
              -43.2338069718672,
              -22.70613844807751
            ],
            [
              -43.217713338588,
              -22.70973598508522
            ],
            [
              -43.21821795836781,
              -22.70782920836512
            ],
            [
              -43.2305450101427,
              -22.70430171450382
            ],
            [
              -43.22953664028182,
              -22.69882681729586
            ],
            [
              -43.2361485164381,
              -22.69708534180606
            ],
            [
              -43.2358466216247,
              -22.69572766462947
            ],
            [
              -43.23652700264908,
              -22.69526131287227
            ],
            [
              -43.24178775788172,
              -22.69256807807395
            ]
          ]
        ]
      }
    },
    {
      "type": "Feature",
      "properties": {
        "name": "COMUNIDADE DO PARQUE CHUNO",
        "complexo": "COMPLEXO DO CANGULO",
        "comunidade_pasta": "COMUNIDADE DO PARQUE CHUNO",
        "styleUrl": "#com_laranja0",
        "tipo_extraido": "poligono_geral_comunidade",
        "Tipo": "Comunidade",
        "Comunidade": "Comunidade do Parque Chuno",
        "Complexo": "Complexo do Cangulo",
        "Distrito": "2º Distrito",
        "IDS_comunidade": "0.51",
        "Classe_comunidade": "Prioridade muito alta",
        "kml_fill_color": "990000aa",
        "fill": "#aa0000",
        "fill-opacity": 0.6,
        "kml_stroke_color": "ff0000aa",
        "stroke": "#aa0000",
        "stroke-opacity": 1.0,
        "stroke-width": 2.0
      },
      "geometry": {
        "type": "Polygon",
        "coordinates": [
          [
            [
              -43.24794731067542,
              -22.6920351250624
            ],
            [
              -43.24698755398104,
              -22.69310106374218
            ],
            [
              -43.2478558945392,
              -22.69376598799352
            ],
            [
              -43.24487082617852,
              -22.69751332375095
            ],
            [
              -43.24401289826049,
              -22.69690182193703
            ],
            [
              -43.24347441158854,
              -22.69607127469723
            ],
            [
              -43.24308195520052,
              -22.69543239220508
            ],
            [
              -43.24274426016894,
              -22.69477525592744
            ],
            [
              -43.24231529620992,
              -22.6940542314006
            ],
            [
              -43.24185385375382,
              -22.69326114698169
            ],
            [
              -43.24182853490214,
              -22.69312529341965
            ],
            [
              -43.24179075406713,
              -22.69283538008722
            ],
            [
              -43.24160928204582,
              -22.69252723633093
            ],
            [
              -43.24243289436712,
              -22.69202865984771
            ],
            [
              -43.24244660318755,
              -22.6905012409416
            ],
            [
              -43.24445628096365,
              -22.69044117732501
            ],
            [
              -43.24460614628892,
              -22.69093283408181
            ],
            [
              -43.24471566900186,
              -22.69096021476005
            ],
            [
              -43.24545494731421,
              -22.69144394007554
            ],
            [
              -43.24565573895458,
              -22.69147132075377
            ],
            [
              -43.24646803240889,
              -22.69127965600614
            ],
            [
              -43.24669620472751,
              -22.69126140222061
            ],
            [
              -43.24697913840262,
              -22.69143481318278
            ],
            [
              -43.24794731067542,
              -22.6920351250624
            ]
          ]
        ]
      }
    },
    {
      "type": "Feature",
      "properties": {
        "name": "COMUNIDADE DO RASTA",
        "complexo": "COMPLEXO DO CANGULO",
        "comunidade_pasta": "COMUNIDADE DO RASTA",
        "styleUrl": "#com_laranja0",
        "tipo_extraido": "poligono_geral_comunidade",
        "Tipo": "Comunidade",
        "Comunidade": "Comunidade do Rasta",
        "Complexo": "Complexo do Cangulo",
        "Distrito": "2º Distrito",
        "IDS_comunidade": "0.496",
        "Classe_comunidade": "Prioridade muito alta",
        "kml_fill_color": "990000aa",
        "fill": "#aa0000",
        "fill-opacity": 0.6,
        "kml_stroke_color": "ff0000aa",
        "stroke": "#aa0000",
        "stroke-opacity": 1.0,
        "stroke-width": 2.0
      },
      "geometry": {
        "type": "Polygon",
        "coordinates": [
          [
            [
              -43.24826598799996,
              -22.69223711399999
            ],
            [
              -43.24665763199992,
              -22.69124579899994
            ],
            [
              -43.24552968299997,
              -22.69149986499998
            ],
            [
              -43.24460317799998,
              -22.69091659699997
            ],
            [
              -43.24450835288723,
              -22.69040703638392
            ],
            [
              -43.2423814408475,
              -22.69054909837529
            ],
            [
              -43.24095876074241,
              -22.69062955719109
            ],
            [
              -43.24086614658732,
              -22.68720245983353
            ],
            [
              -43.23931135546604,
              -22.68613295658575
            ],
            [
              -43.24035636489929,
              -22.68475014531881
            ],
            [
              -43.23983715310354,
              -22.68438242924395
            ],
            [
              -43.24035123356094,
              -22.68384019712877
            ],
            [
              -43.24073252134822,
              -22.68414921706045
            ],
            [
              -43.24449674699998,
              -22.68683985399999
            ],
            [
              -43.24569064299995,
              -22.68566177199996
            ],
            [
              -43.24649526037101,
              -22.6848579518781
            ],
            [
              -43.24904253999995,
              -22.68691522599993
            ],
            [
              -43.25048459051719,
              -22.68798002203765
            ],
            [
              -43.25014987050732,
              -22.68837099548315
            ],
            [
              -43.25139597759009,
              -22.68940292802716
            ],
            [
              -43.25217710429564,
              -22.68998481099626
            ],
            [
              -43.25288220792737,
              -22.69047986502763
            ],
            [
              -43.25315374873426,
              -22.69062986538101
            ],
            [
              -43.25261612267057,
              -22.6914133996224
            ],
            [
              -43.25285983085094,
              -22.69164555903338
            ],
            [
              -43.25112496975758,
              -22.69351144830067
            ],
            [
              -43.25054630947324,
              -22.69273168932553
            ],
            [
              -43.25016730799995,
              -22.69314345199998
            ],
            [
              -43.24984634718043,
              -22.69355664395389
            ],
            [
              -43.24936236999998,
              -22.69310700699999
            ],
            [
              -43.24905341899995,
              -22.69284252899997
            ],
            [
              -43.24877776899996,
              -22.69258493099995
            ],
            [
              -43.24826598799996,
              -22.69223711399999
            ]
          ]
        ]
      }
    },
    {
      "type": "Feature",
      "properties": {
        "name": "COMUNIDADE DO CANULO",
        "complexo": "COMPLEXO DO CANGULO",
        "comunidade_pasta": "COMUNIDADE DO CANGULO",
        "styleUrl": "#com_laranja0",
        "tipo_extraido": "poligono_geral_comunidade",
        "Tipo": "Comunidade",
        "Comunidade": "Comunidade do Cangulo",
        "Complexo": "Complexo do Cangulo",
        "Distrito": "2º Distrito",
        "IDS_comunidade": "0.459",
        "Classe_comunidade": "Situação crítica / prioridade máxima",
        "kml_fill_color": "990000aa",
        "fill": "#aa0000",
        "fill-opacity": 0.6,
        "kml_stroke_color": "ff0000aa",
        "stroke": "#aa0000",
        "stroke-opacity": 1.0,
        "stroke-width": 2.0
      },
      "geometry": {
        "type": "Polygon",
        "coordinates": [
          [
            [
              -43.2362225395063,
              -22.69541595024344
            ],
            [
              -43.23529888495283,
              -22.69585550705023
            ],
            [
              -43.23225150867044,
              -22.69640994332442
            ],
            [
              -43.23218339703129,
              -22.6940285065934
            ],
            [
              -43.23313334403779,
              -22.69370856227022
            ],
            [
              -43.23328713021074,
              -22.68396169445338
            ],
            [
              -43.23535880492173,
              -22.68322052519673
            ],
            [
              -43.23594168619257,
              -22.6825862865522
            ],
            [
              -43.23661666754197,
              -22.68128553297893
            ],
            [
              -43.2369441429293,
              -22.68134222693352
            ],
            [
              -43.23782829274254,
              -22.68168873736671
            ],
            [
              -43.23904549782868,
              -22.68269493533924
            ],
            [
              -43.23979158205282,
              -22.68312831658568
            ],
            [
              -43.24039783475593,
              -22.68375777188764
            ],
            [
              -43.23971135024956,
              -22.68440950829012
            ],
            [
              -43.24038231631631,
              -22.68474981752326
            ],
            [
              -43.23924914634929,
              -22.68603207701584
            ],
            [
              -43.24092345472061,
              -22.68723908144119
            ],
            [
              -43.24097021493272,
              -22.68956272795267
            ],
            [
              -43.24103569785017,
              -22.69063037392075
            ],
            [
              -43.24246119460502,
              -22.69058195852464
            ],
            [
              -43.24244832060815,
              -22.69211767756538
            ],
            [
              -43.24058901020116,
              -22.69313901467622
            ],
            [
              -43.2362225395063,
              -22.69541595024344
            ]
          ]
        ]
      }
    },
    {
      "type": "Feature",
      "properties": {
        "name": "COMUNIDADE DA RUA DA LAMA",
        "complexo": "COMPLEXO DO CANGULO",
        "comunidade_pasta": "COMUNIDADE DA RUA DA LAMA",
        "styleUrl": "#com_laranja0",
        "tipo_extraido": "poligono_geral_comunidade",
        "Tipo": "Comunidade",
        "Comunidade": "Comunidade da Rua da Lama",
        "Complexo": "Complexo do Cangulo",
        "Distrito": "2º Distrito",
        "IDS_comunidade": "0.512",
        "Classe_comunidade": "Prioridade muito alta",
        "kml_fill_color": "990000aa",
        "fill": "#aa0000",
        "fill-opacity": 0.6,
        "kml_stroke_color": "ff0000aa",
        "stroke": "#aa0000",
        "stroke-opacity": 1.0,
        "stroke-width": 2.0
      },
      "geometry": {
        "type": "Polygon",
        "coordinates": [
          [
            [
              -43.24243690205355,
              -22.67421691037057
            ],
            [
              -43.24328789999999,
              -22.67389239932821
            ],
            [
              -43.24478689999999,
              -22.67343899932821
            ],
            [
              -43.24605189999999,
              -22.67309309932822
            ],
            [
              -43.24765388537411,
              -22.67462617265289
            ],
            [
              -43.24591110144355,
              -22.67671140028056
            ],
            [
              -43.24200127248819,
              -22.67481572912845
            ],
            [
              -43.24243690205355,
              -22.67421691037057
            ]
          ]
        ]
      }
    },
    {
      "type": "Feature",
      "properties": {
        "name": "COMUNIDADE DA VILA URUSSAÍ",
        "complexo": "COMPLEXO DO CANGULO",
        "comunidade_pasta": "COMUNIDADE DA VILA URUSSAÍ",
        "styleUrl": "#com_laranja0",
        "tipo_extraido": "poligono_geral_comunidade",
        "Tipo": "Comunidade",
        "Comunidade": "Comunidade da Vila Urussaí",
        "Complexo": "Complexo do Cangulo",
        "Distrito": "2º Distrito",
        "IDS_comunidade": "0.474",
        "Classe_comunidade": "Situação crítica / prioridade máxima",
        "kml_fill_color": "990000aa",
        "fill": "#aa0000",
        "fill-opacity": 0.6,
        "kml_stroke_color": "ff0000aa",
        "stroke": "#aa0000",
        "stroke-opacity": 1.0,
        "stroke-width": 2.0
      },
      "geometry": {
        "type": "Polygon",
        "coordinates": [
          [
            [
              -43.26223210843043,
              -22.6713081705964
            ],
            [
              -43.25877015461793,
              -22.6713691665101
            ],
            [
              -43.25782788545376,
              -22.67147681292437
            ],
            [
              -43.25721724371745,
              -22.67197942091012
            ],
            [
              -43.25342533738372,
              -22.67211607293611
            ],
            [
              -43.25223622472957,
              -22.67220306259969
            ],
            [
              -43.24982024621763,
              -22.67231114746106
            ],
            [
              -43.24776743313685,
              -22.67241512681308
            ],
            [
              -43.24223754888553,
              -22.67395426533437
            ],
            [
              -43.24144611929196,
              -22.67532891423892
            ],
            [
              -43.23913795636954,
              -22.67615813539872
            ],
            [
              -43.23704902311324,
              -22.67674104049883
            ],
            [
              -43.23645895723544,
              -22.67683798791315
            ],
            [
              -43.23624814744242,
              -22.67532870733022
            ],
            [
              -43.23408998311611,
              -22.6727171331092
            ],
            [
              -43.23297393037079,
              -22.67212025288475
            ],
            [
              -43.23125534003479,
              -22.67041793766383
            ],
            [
              -43.23544576558373,
              -22.66768030523454
            ],
            [
              -43.24109769958446,
              -22.66495124514844
            ],
            [
              -43.24420496230274,
              -22.66317793715471
            ],
            [
              -43.24796329130878,
              -22.6612807248339
            ],
            [
              -43.25074015184073,
              -22.65957710340932
            ],
            [
              -43.25556230668918,
              -22.66271853981836
            ],
            [
              -43.26381953082605,
              -22.66691174330013
            ],
            [
              -43.2621658050814,
              -22.66798650550504
            ],
            [
              -43.26223210843043,
              -22.6713081705964
            ]
          ]
        ]
      }
    },
    {
      "type": "Feature",
      "properties": {
        "name": "COMUNIDADE DO BURACO QUENTE",
        "complexo": "COMPLEXO DO CANGULO",
        "comunidade_pasta": "COMUNIDADE DO BURACO QUENTE",
        "styleUrl": "#com_laranja0",
        "tipo_extraido": "poligono_geral_comunidade",
        "Tipo": "Comunidade",
        "Comunidade": "Comunidade do Buraco Quente",
        "Complexo": "Complexo do Cangulo",
        "Distrito": "2º Distrito",
        "IDS_comunidade": "0.563",
        "Classe_comunidade": "Prioridade alta",
        "kml_fill_color": "990000aa",
        "fill": "#aa0000",
        "fill-opacity": 0.6,
        "kml_stroke_color": "ff0000aa",
        "stroke": "#aa0000",
        "stroke-opacity": 1.0,
        "stroke-width": 2.0
      },
      "geometry": {
        "type": "Polygon",
        "coordinates": [
          [
            [
              -43.26455359777421,
              -22.68185779760267
            ],
            [
              -43.26288467591548,
              -22.6821190136913
            ],
            [
              -43.26189231364961,
              -22.68309308508424
            ],
            [
              -43.25992637514417,
              -22.68179243186375
            ],
            [
              -43.25931480290853,
              -22.68126789625105
            ],
            [
              -43.25957359296582,
              -22.68057570060571
            ],
            [
              -43.25852101327857,
              -22.6798459317017
            ],
            [
              -43.25881323579035,
              -22.67974605360865
            ],
            [
              -43.25760479790555,
              -22.67851025803684
            ],
            [
              -43.25790177620895,
              -22.67828043883015
            ],
            [
              -43.25659688953619,
              -22.67576535280583
            ],
            [
              -43.2561581405863,
              -22.67475983710057
            ],
            [
              -43.25825821262029,
              -22.67400838235088
            ],
            [
              -43.26052368846973,
              -22.67335264688505
            ],
            [
              -43.2615543676318,
              -22.67296220132878
            ],
            [
              -43.26233125587527,
              -22.67138331794912
            ],
            [
              -43.26445155563683,
              -22.67132433685588
            ],
            [
              -43.26446283038936,
              -22.67299113344797
            ],
            [
              -43.2657704581212,
              -22.67191173338485
            ],
            [
              -43.26650285996821,
              -22.67226279679278
            ],
            [
              -43.26676819589692,
              -22.67206483857327
            ],
            [
              -43.2713583007253,
              -22.67231345822038
            ],
            [
              -43.27145548719878,
              -22.673233934481
            ],
            [
              -43.27129007169221,
              -22.6741471822361
            ],
            [
              -43.27173459540948,
              -22.67484473671965
            ],
            [
              -43.27166003768666,
              -22.67546899054461
            ],
            [
              -43.27124207644629,
              -22.67626176544146
            ],
            [
              -43.27133010761855,
              -22.67728756915314
            ],
            [
              -43.27149639172733,
              -22.67759350813058
            ],
            [
              -43.27085676121117,
              -22.67847281950148
            ],
            [
              -43.26499468470325,
              -22.68162874014956
            ],
            [
              -43.26455359777421,
              -22.68185779760267
            ]
          ]
        ]
      }
    },
    {
      "type": "Feature",
      "properties": {
        "name": "COMUNIDADE DO COREIA",
        "complexo": "COMPLEXO DO CANGULO",
        "comunidade_pasta": "COMUNIDADE DO COREIA",
        "styleUrl": "#com_laranja0",
        "tipo_extraido": "poligono_geral_comunidade",
        "Tipo": "Comunidade",
        "Comunidade": "Comunidade do Coreia",
        "Complexo": "Complexo do Cangulo",
        "Distrito": "2º Distrito",
        "IDS_comunidade": "0.571",
        "Classe_comunidade": "Prioridade média",
        "kml_fill_color": "990000aa",
        "fill": "#aa0000",
        "fill-opacity": 0.6,
        "kml_stroke_color": "ff0000aa",
        "stroke": "#aa0000",
        "stroke-opacity": 1.0,
        "stroke-width": 2.0
      },
      "geometry": {
        "type": "Polygon",
        "coordinates": [
          [
            [
              -43.24570338699995,
              -22.68566841099994
            ],
            [
              -43.24449916799994,
              -22.68680475900002
            ],
            [
              -43.24306855399994,
              -22.68569905799996
            ],
            [
              -43.24211859799993,
              -22.68502135599994
            ],
            [
              -43.24146878699996,
              -22.68459764699998
            ],
            [
              -43.24095904099993,
              -22.68437073499999
            ],
            [
              -43.24065310699996,
              -22.68402204399999
            ],
            [
              -43.24015837599995,
              -22.68352381299999
            ],
            [
              -43.23990780399998,
              -22.68326267499999
            ],
            [
              -43.23975492183395,
              -22.68325545363574
            ],
            [
              -43.23960640683746,
              -22.68313789644305
            ],
            [
              -43.23953209299999,
              -22.68303178999999
            ],
            [
              -43.23919310599996,
              -22.68271899799992
            ],
            [
              -43.23862744599995,
              -22.68226470199996
            ],
            [
              -43.23776937399998,
              -22.68154677099993
            ],
            [
              -43.23660533999998,
              -22.68108895599994
            ],
            [
              -43.23659916699996,
              -22.68073646399996
            ],
            [
              -43.23662608499996,
              -22.680261098
            ],
            [
              -43.23658399699997,
              -22.67985135399993
            ],
            [
              -43.23655287999998,
              -22.67948018199996
            ],
            [
              -43.23651470799997,
              -22.67921166599996
            ],
            [
              -43.23648388599997,
              -22.67897896399999
            ],
            [
              -43.23652024599994,
              -22.67872864099999
            ],
            [
              -43.23654017099996,
              -22.67842038299994
            ],
            [
              -43.23656959399995,
              -22.67827245199994
            ],
            [
              -43.23664233399995,
              -22.67812655599993
            ],
            [
              -43.23672156899995,
              -22.67796280899997
            ],
            [
              -43.23675971899996,
              -22.67785862700002
            ],
            [
              -43.23680210999998,
              -22.67774382799997
            ],
            [
              -43.23680503599996,
              -22.67761626699995
            ],
            [
              -43.23680824799992,
              -22.67745366299998
            ],
            [
              -43.23675091599994,
              -22.67730082699996
            ],
            [
              -43.23674218699994,
              -22.67705215299999
            ],
            [
              -43.23684330699997,
              -22.67685011999999
            ],
            [
              -43.23701432399996,
              -22.67669966299998
            ],
            [
              -43.23731466399993,
              -22.67659645099998
            ],
            [
              -43.23780141399993,
              -22.67650020799996
            ],
            [
              -43.23834355899993,
              -22.676435397
            ],
            [
              -43.24080865127269,
              -22.6759872292778
            ],
            [
              -43.24174251606258,
              -22.67519785335843
            ],
            [
              -43.24554322381508,
              -22.67662906522342
            ],
            [
              -43.25118867237921,
              -22.68070361416628
            ],
            [
              -43.24705018636786,
              -22.68519774443282
            ],
            [
              -43.2465403388231,
              -22.68492592271824
            ],
            [
              -43.24570338699995,
              -22.68566841099994
            ]
          ]
        ]
      }
    },
    {
      "type": "Feature",
      "properties": {
        "name": "Dick 2",
        "complexo": "COMPLEXO DO SÃO BENTO",
        "comunidade_pasta": "COMUNIDADE DICK 2",
        "styleUrl": "#com_vermelho_escuro5",
        "tipo_extraido": "poligono_geral_comunidade",
        "Tipo": "Comunidade",
        "Comunidade": "Comunidade Dick 2",
        "Complexo": "Complexo do São Bento",
        "Distrito": "2º Distrito",
        "IDS_comunidade": "0.241",
        "Classe_comunidade": "Situação crítica / prioridade máxima",
        "kml_fill_color": "997f0000",
        "fill": "#00007f",
        "fill-opacity": 0.6,
        "kml_stroke_color": "ff7f0000",
        "stroke": "#00007f",
        "stroke-opacity": 1.0,
        "stroke-width": 2.0
      },
      "geometry": {
        "type": "Polygon",
        "coordinates": [
          [
            [
              -43.3038007,
              -22.74728579932652
            ],
            [
              -43.3031305,
              -22.74714729932652
            ],
            [
              -43.3023951,
              -22.74699789932652
            ],
            [
              -43.3019929,
              -22.74695249932651
            ],
            [
              -43.2997409,
              -22.74683699932652
            ],
            [
              -43.29818969999999,
              -22.74684849932652
            ],
            [
              -43.2981088,
              -22.74685349932651
            ],
            [
              -43.2971581,
              -22.74691209932651
            ],
            [
              -43.2972438,
              -22.74628829932655
            ],
            [
              -43.2972854,
              -22.74623329932653
            ],
            [
              -43.2974698,
              -22.74598819932654
            ],
            [
              -43.29748649999999,
              -22.74597219932654
            ],
            [
              -43.2975033,
              -22.74595629932653
            ],
            [
              -43.29783380000001,
              -22.74584439932654
            ],
            [
              -43.2983456,
              -22.74576409932655
            ],
            [
              -43.298436,
              -22.74576409932655
            ],
            [
              -43.29970879999999,
              -22.74586829932653
            ],
            [
              -43.3004363,
              -22.74589609932654
            ],
            [
              -43.300753,
              -22.74590819932654
            ],
            [
              -43.3007858,
              -22.74590819932654
            ],
            [
              -43.3015213,
              -22.74591609932653
            ],
            [
              -43.3015755,
              -22.74594009932654
            ],
            [
              -43.3020181,
              -22.74605139932654
            ],
            [
              -43.3024176,
              -22.74616209932653
            ],
            [
              -43.30279779999999,
              -22.74626409932653
            ],
            [
              -43.3028313,
              -22.74627239932653
            ],
            [
              -43.302873,
              -22.74628059932654
            ],
            [
              -43.3029314,
              -22.74628889932654
            ],
            [
              -43.3029563,
              -22.74628889932654
            ],
            [
              -43.3029898,
              -22.74630529932654
            ],
            [
              -43.3030315,
              -22.74631359932653
            ],
            [
              -43.3030814,
              -22.74631359932653
            ],
            [
              -43.3031147,
              -22.74632179932653
            ],
            [
              -43.3031814,
              -22.74634649932654
            ],
            [
              -43.30320640000001,
              -22.74635469932653
            ],
            [
              -43.30324790000001,
              -22.74635469932653
            ],
            [
              -43.3033062,
              -22.74637109932653
            ],
            [
              -43.3033477,
              -22.74637109932653
            ],
            [
              -43.3034141,
              -22.74638759932653
            ],
            [
              -43.303439,
              -22.74638759932651
            ],
            [
              -43.3034888,
              -22.74639579932652
            ],
            [
              -43.303522,
              -22.74639579932654
            ],
            [
              -43.3035635,
              -22.74641219932653
            ],
            [
              -43.3036215,
              -22.74641219932654
            ],
            [
              -43.30367950000001,
              -22.74641219932654
            ],
            [
              -43.3037044,
              -22.74641219932654
            ],
            [
              -43.3037624,
              -22.74641209932653
            ],
            [
              -43.3038122,
              -22.74641209932653
            ],
            [
              -43.3038868,
              -22.74641209932653
            ],
            [
              -43.3039281,
              -22.74642849932653
            ],
            [
              -43.30396120000001,
              -22.74642849932654
            ],
            [
              -43.3040026,
              -22.74643669932653
            ],
            [
              -43.3040605,
              -22.74644489932653
            ],
            [
              -43.30412679999999,
              -22.74644489932652
            ],
            [
              -43.30415159999999,
              -22.74644489932653
            ],
            [
              -43.30420960000001,
              -22.74644489932652
            ],
            [
              -43.3042593,
              -22.74644489932653
            ],
            [
              -43.30434209999999,
              -22.74644489932653
            ],
            [
              -43.3043836,
              -22.74644489932653
            ],
            [
              -43.3044415,
              -22.74644489932653
            ],
            [
              -43.3044747,
              -22.74644479932653
            ],
            [
              -43.3045244,
              -22.74644479932653
            ],
            [
              -43.3045575,
              -22.74644479932653
            ],
            [
              -43.3045906,
              -22.74644479932653
            ],
            [
              -43.3046321,
              -22.74644479932653
            ],
            [
              -43.3046652,
              -22.74644479932653
            ],
            [
              -43.30472320000001,
              -22.74644479932653
            ],
            [
              -43.3047812,
              -22.74644479932654
            ],
            [
              -43.3048309,
              -22.74644479932653
            ],
            [
              -43.3048723,
              -22.74644479932653
            ],
            [
              -43.304922,
              -22.74644479932653
            ],
            [
              -43.3049551,
              -22.74644479932653
            ],
            [
              -43.304976,
              -22.74644069932654
            ],
            [
              -43.30499679999999,
              -22.74643659932653
            ],
            [
              -43.3050299,
              -22.74643659932653
            ],
            [
              -43.3050634,
              -22.74642839932653
            ],
            [
              -43.3051131,
              -22.74642839932653
            ],
            [
              -43.3051297,
              -22.74642839932653
            ],
            [
              -43.3051877,
              -22.74642839932653
            ],
            [
              -43.305245,
              -22.74644479932653
            ],
            [
              -43.3052699,
              -22.74644479932653
            ],
            [
              -43.30531920000001,
              -22.74645289932653
            ],
            [
              -43.3053606,
              -22.74645289932653
            ],
            [
              -43.305402,
              -22.74645289932653
            ],
            [
              -43.3054103,
              -22.74645289932653
            ],
            [
              -43.3054435,
              -22.74645289932653
            ],
            [
              -43.3054766,
              -22.74645289932653
            ],
            [
              -43.305518,
              -22.74645289932653
            ],
            [
              -43.3055594,
              -22.74645289932653
            ],
            [
              -43.3055929,
              -22.74644469932652
            ],
            [
              -43.30565090000001,
              -22.74644469932655
            ],
            [
              -43.30570059999999,
              -22.74644469932653
            ],
            [
              -43.3057255,
              -22.74644469932653
            ],
            [
              -43.3058589,
              -22.74642829932653
            ],
            [
              -43.30590910000001,
              -22.74642009932652
            ],
            [
              -43.30593440000001,
              -22.74641189932654
            ],
            [
              -43.3059846,
              -22.74640369932653
            ],
            [
              -43.3060354,
              -22.74638729932651
            ],
            [
              -43.3060608,
              -22.74637909932653
            ],
            [
              -43.306111,
              -22.74637089932653
            ],
            [
              -43.3061453,
              -22.74635439932654
            ],
            [
              -43.3061873,
              -22.74634619932653
            ],
            [
              -43.3062216,
              -22.74632969932654
            ],
            [
              -43.3062475,
              -22.74631329932654
            ],
            [
              -43.3062996,
              -22.74628029932653
            ],
            [
              -43.30635950000001,
              -22.74625549932654
            ],
            [
              -43.3063939,
              -22.74623899932653
            ],
            [
              -43.3064372,
              -22.74621409932654
            ],
            [
              -43.3064723,
              -22.74618929932654
            ],
            [
              -43.3065157,
              -22.74616439932654
            ],
            [
              -43.3065437,
              -22.74612279932654
            ],
            [
              -43.3065789,
              -22.74609789932654
            ],
            [
              -43.3065795,
              -22.74608949932653
            ],
            [
              -43.3065993,
              -22.74604779932654
            ],
            [
              -43.3066029,
              -22.74599769932654
            ],
            [
              -43.3066234,
              -22.74594739932654
            ],
            [
              -43.3066439,
              -22.74589699932653
            ],
            [
              -43.3066457,
              -22.74587179932653
            ],
            [
              -43.3066488,
              -22.74582969932655
            ],
            [
              -43.30665260000001,
              -22.74577899932655
            ],
            [
              -43.30665509999999,
              -22.74574509932656
            ],
            [
              -43.3066588,
              -22.74569419932654
            ],
            [
              -43.3066626,
              -22.74564319932655
            ],
            [
              -43.3066494,
              -22.74559209932655
            ],
            [
              -43.3066362,
              -22.74554079932655
            ],
            [
              -43.3066303,
              -22.74550659932655
            ],
            [
              -43.3066152,
              -22.74548089932655
            ],
            [
              -43.3066104,
              -22.74542929932655
            ],
            [
              -43.30659709999999,
              -22.74537769932656
            ],
            [
              -43.3065838,
              -22.74532589932656
            ],
            [
              -43.3065844,
              -22.74531719932656
            ],
            [
              -43.3065626,
              -22.74526529932654
            ],
            [
              -43.3065419,
              -22.74519579932656
            ],
            [
              -43.306537,
              -22.74514359932655
            ],
            [
              -43.3065394,
              -22.74510869932656
            ],
            [
              -43.30654180000001,
              -22.74507369932657
            ],
            [
              -43.3065369,
              -22.74502119932655
            ],
            [
              -43.3065406,
              -22.74496849932656
            ],
            [
              -43.3065449,
              -22.74490679932656
            ],
            [
              -43.3065381,
              -22.74488039932656
            ],
            [
              -43.3065332,
              -22.74482729932657
            ],
            [
              -43.3065264,
              -22.74480079932657
            ],
            [
              -43.30650479999999,
              -22.74473859932656
            ],
            [
              -43.30650849999999,
              -22.74468519932657
            ],
            [
              -43.3062275,
              -22.74433909932657
            ],
            [
              -43.3061239,
              -22.74425349932659
            ],
            [
              -43.3060202,
              -22.74416789932658
            ],
            [
              -43.3059011,
              -22.74390129932658
            ],
            [
              -43.3058889,
              -22.74386769932659
            ],
            [
              -43.30574140000001,
              -22.74354879932661
            ],
            [
              -43.3057192,
              -22.74354199932659
            ],
            [
              -43.30554600000001,
              -22.7433215993266
            ],
            [
              -43.305518,
              -22.74328689932661
            ],
            [
              -43.30528519999999,
              -22.74300019932662
            ],
            [
              -43.3052409,
              -22.74297199932661
            ],
            [
              -43.3049725,
              -22.74268759932662
            ],
            [
              -43.30494349999999,
              -22.74265179932662
            ],
            [
              -43.3048556,
              -22.74247429932662
            ],
            [
              -43.30476769999999,
              -22.74229679932662
            ],
            [
              -43.3046817,
              -22.74197229932663
            ],
            [
              -43.3046673,
              -22.74194249932663
            ],
            [
              -43.3044604,
              -22.74141409932664
            ],
            [
              -43.304454,
              -22.74137579932665
            ],
            [
              -43.3044319,
              -22.74132969932664
            ],
            [
              -43.3042904,
              -22.74103549932666
            ],
            [
              -43.30429239999999,
              -22.74098079932666
            ],
            [
              -43.3040133,
              -22.74056989932667
            ],
            [
              -43.30398150000001,
              -22.74053789932666
            ],
            [
              -43.303934,
              -22.74048179932667
            ],
            [
              -43.3036657,
              -22.73998659932669
            ],
            [
              -43.303633,
              -22.73996189932668
            ],
            [
              -43.30343240000001,
              -22.73967829932668
            ],
            [
              -43.3032319,
              -22.73939459932669
            ],
            [
              -43.3032069,
              -22.7393606993267
            ],
            [
              -43.3031125,
              -22.7391823993267
            ],
            [
              -43.3029389,
              -22.73885469932669
            ],
            [
              -43.3026776,
              -22.73823079932672
            ],
            [
              -43.30230660000001,
              -22.73765329932673
            ],
            [
              -43.3021056,
              -22.73720709932674
            ],
            [
              -43.3019046,
              -22.73676089932676
            ],
            [
              -43.3018908,
              -22.73670709932675
            ],
            [
              -43.3011132,
              -22.73505559932678
            ],
            [
              -43.30111360000001,
              -22.73503889932679
            ],
            [
              -43.3009847,
              -22.73482609932679
            ],
            [
              -43.3004056,
              -22.73386949932681
            ],
            [
              -43.3003712,
              -22.73383409932682
            ],
            [
              -43.3001338,
              -22.73367199932682
            ],
            [
              -43.3000124,
              -22.73369339932682
            ],
            [
              -43.299891,
              -22.73371469932682
            ],
            [
              -43.2994542,
              -22.73381679932682
            ],
            [
              -43.2994061,
              -22.73381679932682
            ],
            [
              -43.29903300000001,
              -22.73375729932681
            ],
            [
              -43.2990238,
              -22.73374029932681
            ],
            [
              -43.2989398,
              -22.73362059932683
            ],
            [
              -43.2988558,
              -22.73350079932683
            ],
            [
              -43.298947,
              -22.73332819932683
            ],
            [
              -43.2992224,
              -22.73320659932683
            ],
            [
              -43.2996104,
              -22.73297919932685
            ],
            [
              -43.2996512,
              -22.73281099932684
            ],
            [
              -43.299692,
              -22.73264289932685
            ],
            [
              -43.2995212,
              -22.73217499932687
            ],
            [
              -43.2995035,
              -22.73211129932686
            ],
            [
              -43.29846209999999,
              -22.7302484993269
            ],
            [
              -43.2983396,
              -22.7300555993269
            ],
            [
              -43.2982171,
              -22.72986269932691
            ],
            [
              -43.2977692,
              -22.72975289932692
            ],
            [
              -43.2972262,
              -22.72972279932691
            ],
            [
              -43.2969016,
              -22.72967269932692
            ],
            [
              -43.2968414,
              -22.72954149932692
            ],
            [
              -43.29678129999999,
              -22.72941029932692
            ],
            [
              -43.2969044,
              -22.72923719932693
            ],
            [
              -43.2971765,
              -22.72908359932693
            ],
            [
              -43.2975135,
              -22.72884619932693
            ],
            [
              -43.2975868,
              -22.72859609932694
            ],
            [
              -43.2975864,
              -22.72852279932694
            ],
            [
              -43.2974579,
              -22.72829159932694
            ],
            [
              -43.296948,
              -22.72737499932698
            ],
            [
              -43.2968907,
              -22.72726619932697
            ],
            [
              -43.29623180000001,
              -22.72601489932701
            ],
            [
              -43.2957322,
              -22.72507609932702
            ],
            [
              -43.2956302,
              -22.72488459932702
            ],
            [
              -43.29537030000001,
              -22.72430609932704
            ],
            [
              -43.2953543,
              -22.72371409932705
            ],
            [
              -43.2955,
              -22.72351329932705
            ],
            [
              -43.2955295,
              -22.72345669932707
            ],
            [
              -43.2955468,
              -22.72344899932705
            ],
            [
              -43.2956258,
              -22.72341359932706
            ],
            [
              -43.296404,
              -22.72473429932703
            ],
            [
              -43.2974561,
              -22.72675399932698
            ],
            [
              -43.2981028,
              -22.72795509932695
            ],
            [
              -43.2994299,
              -22.7304195993269
            ],
            [
              -43.300281,
              -22.73208349932686
            ],
            [
              -43.3012188,
              -22.73378359932681
            ],
            [
              -43.30256289999999,
              -22.73622009932676
            ],
            [
              -43.3032091,
              -22.73741679932674
            ],
            [
              -43.3033309,
              -22.73763369932674
            ],
            [
              -43.3037231,
              -22.73833219932671
            ],
            [
              -43.3040091,
              -22.7388415993267
            ],
            [
              -43.3050098,
              -22.74065569932667
            ],
            [
              -43.3055438,
              -22.74162359932666
            ],
            [
              -43.3057103,
              -22.74192259932662
            ],
            [
              -43.306981,
              -22.74420449932657
            ],
            [
              -43.3071852,
              -22.74464979932658
            ],
            [
              -43.3072556,
              -22.74487829932656
            ],
            [
              -43.3073486,
              -22.74518069932656
            ],
            [
              -43.3074385,
              -22.74578119932654
            ],
            [
              -43.3073568,
              -22.74688809932652
            ],
            [
              -43.3074671,
              -22.74689629932652
            ],
            [
              -43.3075447,
              -22.74699019932651
            ],
            [
              -43.3076441,
              -22.74724019932651
            ],
            [
              -43.30769660000001,
              -22.74730069932651
            ],
            [
              -43.3075183,
              -22.74788639932649
            ],
            [
              -43.307361,
              -22.74822609932649
            ],
            [
              -43.3067574,
              -22.74920439932647
            ],
            [
              -43.3062903,
              -22.74883629932648
            ],
            [
              -43.3054171,
              -22.74830779932649
            ],
            [
              -43.3038007,
              -22.74728579932652
            ]
          ]
        ]
      }
    },
    {
      "type": "Feature",
      "properties": {
        "name": "COMUNIDADE DA BEIRA LINHA",
        "complexo": "COMPLEXO DO SÃO BENTO",
        "comunidade_pasta": "COMUNIDADE DA BEIRA LINHA",
        "styleUrl": "#com_vermelho_escuro5",
        "tipo_extraido": "poligono_geral_comunidade",
        "Tipo": "Comunidade",
        "Comunidade": "Comunidade da Beira Linha",
        "Complexo": "Complexo do São Bento",
        "Distrito": "2º Distrito",
        "IDS_comunidade": "0.655",
        "Classe_comunidade": "Prioridade baixa",
        "kml_fill_color": "997f0000",
        "fill": "#00007f",
        "fill-opacity": 0.6,
        "kml_stroke_color": "ff7f0000",
        "stroke": "#00007f",
        "stroke-opacity": 1.0,
        "stroke-width": 2.0
      },
      "geometry": {
        "type": "Polygon",
        "coordinates": [
          [
            [
              -43.30412159004413,
              -22.72837566076061
            ],
            [
              -43.30425453987249,
              -22.73048324853323
            ],
            [
              -43.30401403114024,
              -22.73086330928566
            ],
            [
              -43.30364064783926,
              -22.73126122609634
            ],
            [
              -43.30281488472536,
              -22.73132125172407
            ],
            [
              -43.30236019830567,
              -22.73132126803713
            ],
            [
              -43.30359930457875,
              -22.73405181207763
            ],
            [
              -43.30474069336967,
              -22.73423440206965
            ],
            [
              -43.3051692998571,
              -22.73567905327906
            ],
            [
              -43.30621689825297,
              -22.7364931224504
            ],
            [
              -43.3061759417401,
              -22.73673693403832
            ],
            [
              -43.30477703839747,
              -22.73636866174768
            ],
            [
              -43.30461292467262,
              -22.73588977552086
            ],
            [
              -43.30434121161636,
              -22.73607708593669
            ],
            [
              -43.30458521143262,
              -22.73668537454153
            ],
            [
              -43.30438251814293,
              -22.7371556171399
            ],
            [
              -43.30386106399992,
              -22.73739710499995
            ],
            [
              -43.30333836586056,
              -22.73772328543158
            ],
            [
              -43.30322658621485,
              -22.73742005499532
            ],
            [
              -43.30283812908831,
              -22.73675463698947
            ],
            [
              -43.3022405663453,
              -22.7354641138416
            ],
            [
              -43.30164939996175,
              -22.73443207818631
            ],
            [
              -43.30120420558377,
              -22.7335689328604
            ],
            [
              -43.30031579063295,
              -22.73195273557493
            ],
            [
              -43.30004920598549,
              -22.73152672899424
            ],
            [
              -43.29966293150422,
              -22.730672265997
            ],
            [
              -43.29790446867649,
              -22.72754240823289
            ],
            [
              -43.29676123819494,
              -22.72536268418183
            ],
            [
              -43.29751621425545,
              -22.72598046932058
            ],
            [
              -43.29854797946557,
              -22.72642055273694
            ],
            [
              -43.30064049838967,
              -22.72649902645673
            ],
            [
              -43.30255787337553,
              -22.72565967697542
            ],
            [
              -43.303404213406,
              -22.727255152427
            ],
            [
              -43.30412159004413,
              -22.72837566076061
            ]
          ]
        ]
      }
    },
    {
      "type": "Feature",
      "properties": {
        "name": "COMUNIDADE DO SÃO BENTO",
        "complexo": "COMPLEXO DO SÃO BENTO",
        "comunidade_pasta": "COMUNIDADE DO SÃO BENTO",
        "styleUrl": "#com_vermelho_escuro5",
        "tipo_extraido": "poligono_geral_comunidade",
        "Tipo": "Comunidade",
        "Comunidade": "Comunidade do São Bento",
        "Complexo": "Complexo do São Bento",
        "Distrito": "2° Distrito",
        "IDS_comunidade": "0.567",
        "Classe_comunidade": "Prioridade alta",
        "kml_fill_color": "997f0000",
        "fill": "#00007f",
        "fill-opacity": 0.6,
        "kml_stroke_color": "ff7f0000",
        "stroke": "#00007f",
        "stroke-opacity": 1.0,
        "stroke-width": 2.0
      },
      "geometry": {
        "type": "Polygon",
        "coordinates": [
          [
            [
              -43.30875095336203,
              -22.72247778023245
            ],
            [
              -43.31098575088991,
              -22.72132329791032
            ],
            [
              -43.31453898128004,
              -22.72358973794403
            ],
            [
              -43.31324889677083,
              -22.72498414404496
            ],
            [
              -43.31245750054723,
              -22.72720317969411
            ],
            [
              -43.31211711975508,
              -22.728028053916
            ],
            [
              -43.31211721991637,
              -22.7290943456073
            ],
            [
              -43.31193198486461,
              -22.730031405731
            ],
            [
              -43.31115289339245,
              -22.73274309807862
            ],
            [
              -43.30987030993694,
              -22.73342389264494
            ],
            [
              -43.30779855239382,
              -22.73234848380677
            ],
            [
              -43.30685941473062,
              -22.73208355497715
            ],
            [
              -43.30617711367062,
              -22.73144457922823
            ],
            [
              -43.30588514815192,
              -22.73068021987771
            ],
            [
              -43.30565133962276,
              -22.73047313117593
            ],
            [
              -43.30432932238326,
              -22.73071444358866
            ],
            [
              -43.30416555885907,
              -22.73058789904724
            ],
            [
              -43.30428004105404,
              -22.73023619510112
            ],
            [
              -43.30422873743083,
              -22.72961470409352
            ],
            [
              -43.30425057311453,
              -22.72890178221436
            ],
            [
              -43.30403943623388,
              -22.72830244065271
            ],
            [
              -43.30254123895535,
              -22.72565680425031
            ],
            [
              -43.30658294084183,
              -22.72351034647019
            ],
            [
              -43.30875095336203,
              -22.72247778023245
            ]
          ]
        ]
      }
    },
    {
      "type": "Feature",
      "properties": {
        "name": "COMUNIDADE DA COVA DO BOI",
        "complexo": "COMPLEXO DO SÃO BENTO",
        "comunidade_pasta": "COMUNIDADE DA COVA DO BOI",
        "styleUrl": "#com_vermelho_escuro5",
        "tipo_extraido": "poligono_geral_comunidade",
        "Tipo": "Comunidade",
        "Comunidade": "Comunidade da Cova do Boi",
        "Complexo": "Complexo do São Bento",
        "Distrito": "2º Distrito",
        "IDS_comunidade": "0.603",
        "Classe_comunidade": "Prioridade média",
        "kml_fill_color": "997f0000",
        "fill": "#00007f",
        "fill-opacity": 0.6,
        "kml_stroke_color": "ff7f0000",
        "stroke": "#00007f",
        "stroke-opacity": 1.0,
        "stroke-width": 2.0
      },
      "geometry": {
        "type": "Polygon",
        "coordinates": [
          [
            [
              -43.31057819359327,
              -22.73528454232816
            ],
            [
              -43.30914672150536,
              -22.73555646422882
            ],
            [
              -43.3079522006779,
              -22.73524835565858
            ],
            [
              -43.30733389237594,
              -22.73609844647086
            ],
            [
              -43.30709511198933,
              -22.73602880855185
            ],
            [
              -43.30668734879158,
              -22.73626273831717
            ],
            [
              -43.30648008016521,
              -22.73685648092146
            ],
            [
              -43.30520176155521,
              -22.73588342892003
            ],
            [
              -43.30470517304703,
              -22.73424703226946
            ],
            [
              -43.30352133554909,
              -22.73394682858423
            ],
            [
              -43.30237687336112,
              -22.73130556838523
            ],
            [
              -43.30369941864552,
              -22.73130068146465
            ],
            [
              -43.30420903103843,
              -22.73063128525982
            ],
            [
              -43.30561850677933,
              -22.73038242578808
            ],
            [
              -43.30632788677325,
              -22.7315861165415
            ],
            [
              -43.30689575351001,
              -22.73220711911233
            ],
            [
              -43.3077086793654,
              -22.73230693748292
            ],
            [
              -43.30982705167751,
              -22.7333704897586
            ],
            [
              -43.31109610069929,
              -22.73274518852498
            ],
            [
              -43.31069303732907,
              -22.73479049293426
            ],
            [
              -43.31057819359327,
              -22.73528454232816
            ]
          ]
        ]
      }
    },
    {
      "type": "Feature",
      "properties": {
        "name": "COMUNIDADE DO PARQUE ANGOLA A",
        "complexo": "COMPLEXO DO SÃO BENTO",
        "comunidade_pasta": "COMUNIDADE DO PARQUE ANGOLA A",
        "styleUrl": "#com_vermelho_escuro5",
        "tipo_extraido": "poligono_geral_comunidade",
        "Tipo": "Comunidade",
        "Comunidade": "Comunidade do Parque Angola A",
        "Complexo": "Complexo do São Bento",
        "Distrito": "2º Distrito",
        "IDS_comunidade": "0.592",
        "Classe_comunidade": "Prioridade média",
        "kml_fill_color": "997f0000",
        "fill": "#00007f",
        "fill-opacity": 0.6,
        "kml_stroke_color": "ff7f0000",
        "stroke": "#00007f",
        "stroke-opacity": 1.0,
        "stroke-width": 2.0
      },
      "geometry": {
        "type": "Polygon",
        "coordinates": [
          [
            [
              -43.3035108,
              -22.71996429932714
            ],
            [
              -43.3048942,
              -22.71922649932716
            ],
            [
              -43.3062623,
              -22.71856209932717
            ],
            [
              -43.3068926,
              -22.71947589932715
            ],
            [
              -43.3075019,
              -22.72032749932713
            ],
            [
              -43.3082634,
              -22.7215321993271
            ],
            [
              -43.3088311,
              -22.72239629932708
            ],
            [
              -43.3065867,
              -22.72352659932705
            ],
            [
              -43.3057524,
              -22.72393159932706
            ],
            [
              -43.3039938,
              -22.72483229932702
            ],
            [
              -43.30047659840404,
              -22.72656693740071
            ],
            [
              -43.29860650846424,
              -22.72646485988247
            ],
            [
              -43.29715850627696,
              -22.7257289795396
            ],
            [
              -43.29556648197079,
              -22.72338319468079
            ],
            [
              -43.29898351459022,
              -22.72206073436264
            ],
            [
              -43.3017438,
              -22.72084059932711
            ],
            [
              -43.3035108,
              -22.71996429932714
            ]
          ]
        ]
      }
    },
    {
      "type": "Feature",
      "properties": {
        "name": "COMUNIDADE DO PARQUE VITORIA",
        "complexo": "COMPLEXO DO SÃO BENTO",
        "comunidade_pasta": "COMUNIDADE DO PARQUE VTORIA",
        "styleUrl": "#com_vermelho_escuro5",
        "tipo_extraido": "poligono_geral_comunidade",
        "Tipo": "Comunidade",
        "Comunidade": "Comunidade do Parque Vitória",
        "Complexo": "Complexo do São Bento",
        "Distrito": "2° Distrito",
        "IDS_comunidade": "0.575",
        "Classe_comunidade": "Prioridade média",
        "kml_fill_color": "997f0000",
        "fill": "#00007f",
        "fill-opacity": 0.6,
        "kml_stroke_color": "ff7f0000",
        "stroke": "#00007f",
        "stroke-opacity": 1.0,
        "stroke-width": 2.0
      },
      "geometry": {
        "type": "Polygon",
        "coordinates": [
          [
            [
              -43.32206829745599,
              -22.71394769283534
            ],
            [
              -43.32044409430597,
              -22.7152757176711
            ],
            [
              -43.31772661873867,
              -22.71738559045198
            ],
            [
              -43.31541232794428,
              -22.71920116941162
            ],
            [
              -43.31301845065047,
              -22.71632572359801
            ],
            [
              -43.31138482805307,
              -22.7169108690763
            ],
            [
              -43.31107346839214,
              -22.71643768114284
            ],
            [
              -43.31139447119367,
              -22.71624991112681
            ],
            [
              -43.31294947167451,
              -22.71557444756467
            ],
            [
              -43.31424835547772,
              -22.7151480319376
            ],
            [
              -43.31467053284102,
              -22.71508207250502
            ],
            [
              -43.31494625273272,
              -22.71519051127036
            ],
            [
              -43.31565939435009,
              -22.71499328488023
            ],
            [
              -43.31592419063935,
              -22.71478986759736
            ],
            [
              -43.31621115088147,
              -22.7146978221876
            ],
            [
              -43.31664093937745,
              -22.7145106152034
            ],
            [
              -43.31700273219403,
              -22.71417264356949
            ],
            [
              -43.31749218207227,
              -22.71309973354426
            ],
            [
              -43.31820894697277,
              -22.71149612604995
            ],
            [
              -43.31895091538838,
              -22.71038341394185
            ],
            [
              -43.31925221905716,
              -22.71056907839072
            ],
            [
              -43.3209928641014,
              -22.7119648403842
            ],
            [
              -43.32111357316914,
              -22.71220017234826
            ],
            [
              -43.32159559813759,
              -22.71270156423719
            ],
            [
              -43.32206829745599,
              -22.71394769283534
            ]
          ]
        ]
      }
    },
    {
      "type": "Feature",
      "properties": {
        "name": "COMUNIDADE GARABILDE",
        "complexo": "COMPLEXO DO SÃO BENTO",
        "comunidade_pasta": "COMUNIDADE DA GARIBALDE",
        "styleUrl": "#com_vermelho_escuro5",
        "tipo_extraido": "poligono_geral_comunidade",
        "Tipo": "Comunidade",
        "Comunidade": "Comunidade Garibalde",
        "Complexo": "Complexo do São Bento",
        "Distrito": "2º Distrito",
        "IDS_comunidade": "0.671",
        "Classe_comunidade": "Menor prioridade relativa",
        "kml_fill_color": "997f0000",
        "fill": "#00007f",
        "fill-opacity": 0.6,
        "kml_stroke_color": "ff7f0000",
        "stroke": "#00007f",
        "stroke-opacity": 1.0,
        "stroke-width": 2.0
      },
      "geometry": {
        "type": "Polygon",
        "coordinates": [
          [
            [
              -43.3146313,
              -22.73205859932686
            ],
            [
              -43.3146025,
              -22.73215469932686
            ],
            [
              -43.31449409999999,
              -22.73256909932685
            ],
            [
              -43.3140929,
              -22.73248819932685
            ],
            [
              -43.3119632,
              -22.73205909932686
            ],
            [
              -43.31152970000001,
              -22.73195709932687
            ],
            [
              -43.31214810000001,
              -22.72934329932691
            ],
            [
              -43.3121937,
              -22.72917169932693
            ],
            [
              -43.312504,
              -22.72926989932693
            ],
            [
              -43.31323840000001,
              -22.7294151993269
            ],
            [
              -43.3133523,
              -22.72941129932693
            ],
            [
              -43.3134191,
              -22.72943479932692
            ],
            [
              -43.3137686,
              -22.72979619932692
            ],
            [
              -43.31379880000001,
              -22.72984579932692
            ],
            [
              -43.3138223,
              -22.72991779932691
            ],
            [
              -43.31387100000001,
              -22.72993529932693
            ],
            [
              -43.3139014,
              -22.72995609932691
            ],
            [
              -43.31413080000001,
              -22.7301130993269
            ],
            [
              -43.3143942,
              -22.7303216993269
            ],
            [
              -43.31452240000001,
              -22.73035929932689
            ],
            [
              -43.3146062,
              -22.7304259993269
            ],
            [
              -43.3146084,
              -22.7304283993269
            ],
            [
              -43.31468819999999,
              -22.7305131993269
            ],
            [
              -43.3146983,
              -22.7305424993269
            ],
            [
              -43.3147235,
              -22.73057499932689
            ],
            [
              -43.31473,
              -22.73112189932689
            ],
            [
              -43.3147259,
              -22.73115839932689
            ],
            [
              -43.3146724,
              -22.73163909932687
            ],
            [
              -43.31467079999999,
              -22.73165409932687
            ],
            [
              -43.3147113,
              -22.73168609932686
            ],
            [
              -43.3147172,
              -22.73177219932687
            ],
            [
              -43.3146313,
              -22.73205859932686
            ]
          ]
        ]
      }
    },
    {
      "type": "Feature",
      "properties": {
        "name": "Favela do Celta",
        "complexo": "COMPLEXO DO SÃO BENTO",
        "comunidade_pasta": "COMUNIDADE DO CELTA",
        "styleUrl": "#com_vermelho_escuro5",
        "tipo_extraido": "poligono_geral_comunidade",
        "Tipo": "Comunidade",
        "Comunidade": "Comunidade do Celta",
        "Complexo": "Complexo do São Bento",
        "Distrito": "2º Distrito",
        "IDS_comunidade": "0.617",
        "Classe_comunidade": "Prioridade baixa",
        "kml_fill_color": "997f0000",
        "fill": "#00007f",
        "fill-opacity": 0.6,
        "kml_stroke_color": "ff7f0000",
        "stroke": "#00007f",
        "stroke-opacity": 1.0,
        "stroke-width": 2.0
      },
      "geometry": {
        "type": "Polygon",
        "coordinates": [
          [
            [
              -43.3147235,
              -22.73057499932689
            ],
            [
              -43.3146983,
              -22.7305424993269
            ],
            [
              -43.31468819999999,
              -22.7305131993269
            ],
            [
              -43.3146084,
              -22.7304283993269
            ],
            [
              -43.3146062,
              -22.7304259993269
            ],
            [
              -43.31452240000001,
              -22.73035929932689
            ],
            [
              -43.3143942,
              -22.7303216993269
            ],
            [
              -43.31413080000001,
              -22.7301130993269
            ],
            [
              -43.3139014,
              -22.72995609932691
            ],
            [
              -43.31387100000001,
              -22.72993529932693
            ],
            [
              -43.3138223,
              -22.72991779932691
            ],
            [
              -43.31379880000001,
              -22.72984579932692
            ],
            [
              -43.3137686,
              -22.72979619932692
            ],
            [
              -43.3138026,
              -22.72977799932692
            ],
            [
              -43.3139811,
              -22.72965299932692
            ],
            [
              -43.3140419,
              -22.72963779932691
            ],
            [
              -43.3141001,
              -22.72965489932693
            ],
            [
              -43.3141514,
              -22.72968399932691
            ],
            [
              -43.3142088,
              -22.72971839932692
            ],
            [
              -43.3143736,
              -22.72986349932691
            ],
            [
              -43.314408,
              -22.72981209932691
            ],
            [
              -43.3145487,
              -22.72976859932691
            ],
            [
              -43.31486960000001,
              -22.72966939932691
            ],
            [
              -43.3149076,
              -22.72968619932692
            ],
            [
              -43.31491400000001,
              -22.72967819932691
            ],
            [
              -43.31499139999999,
              -22.72958059932691
            ],
            [
              -43.3150137,
              -22.72955269932692
            ],
            [
              -43.31647469999999,
              -22.72987859932693
            ],
            [
              -43.3165098,
              -22.72990759932692
            ],
            [
              -43.3165186,
              -22.72991479932691
            ],
            [
              -43.31652330000001,
              -22.72991869932691
            ],
            [
              -43.3165414,
              -22.72993359932691
            ],
            [
              -43.3172013,
              -22.72974509932692
            ],
            [
              -43.31735439999999,
              -22.73003969932691
            ],
            [
              -43.3173701,
              -22.73014959932691
            ],
            [
              -43.31737799999999,
              -22.73082119932689
            ],
            [
              -43.316821,
              -22.73117289932689
            ],
            [
              -43.3166361,
              -22.73128769932688
            ],
            [
              -43.3166541,
              -22.73136529932687
            ],
            [
              -43.3166883,
              -22.73157379932687
            ],
            [
              -43.316743,
              -22.73168309932687
            ],
            [
              -43.3169275,
              -22.73177539932687
            ],
            [
              -43.3171292,
              -22.73179249932686
            ],
            [
              -43.31728639999999,
              -22.73173779932688
            ],
            [
              -43.3171376,
              -22.73190519932687
            ],
            [
              -43.3169767,
              -22.73213139932686
            ],
            [
              -43.3168241,
              -22.73226639932685
            ],
            [
              -43.3167242,
              -22.73230749932685
            ],
            [
              -43.3166156,
              -22.73230749932685
            ],
            [
              -43.316507,
              -22.73230749932686
            ],
            [
              -43.3161078,
              -22.73221359932687
            ],
            [
              -43.3158612,
              -22.73217249932686
            ],
            [
              -43.3156733,
              -22.73219599932685
            ],
            [
              -43.31553829999999,
              -22.73227229932686
            ],
            [
              -43.3149709,
              -22.73268119932684
            ],
            [
              -43.3149691,
              -22.73268109932685
            ],
            [
              -43.31449409999999,
              -22.73256909932685
            ],
            [
              -43.3146025,
              -22.73215469932686
            ],
            [
              -43.3146313,
              -22.73205859932686
            ],
            [
              -43.3147172,
              -22.73177219932687
            ],
            [
              -43.3147113,
              -22.73168609932686
            ],
            [
              -43.31467079999999,
              -22.73165409932687
            ],
            [
              -43.3146724,
              -22.73163909932687
            ],
            [
              -43.3147259,
              -22.73115839932689
            ],
            [
              -43.31473,
              -22.73112189932689
            ],
            [
              -43.3147235,
              -22.73057499932689
            ]
          ]
        ]
      }
    },
    {
      "type": "Feature",
      "properties": {
        "name": "COMUNIDADE DO PARQUE MUÍSA",
        "complexo": "COMPLEXO DO SÃO BENTO",
        "comunidade_pasta": "COMUNIDADE DO PARQUE MUÍSA",
        "styleUrl": "#com_vermelho_escuro5",
        "tipo_extraido": "poligono_geral_comunidade",
        "Tipo": "Comunidade",
        "Comunidade": "Comunidade do Parque do Muísa",
        "Complexo": "Complexo do São Bento",
        "Distrito": "2º Distrito",
        "IDS_comunidade": "0.594",
        "Classe_comunidade": "Prioridade média",
        "kml_fill_color": "997f0000",
        "fill": "#00007f",
        "fill-opacity": 0.6,
        "kml_stroke_color": "ff7f0000",
        "stroke": "#00007f",
        "stroke-opacity": 1.0,
        "stroke-width": 2.0
      },
      "geometry": {
        "type": "Polygon",
        "coordinates": [
          [
            [
              -43.32344446843993,
              -22.72722859806966
            ],
            [
              -43.32274004704938,
              -22.72763855225309
            ],
            [
              -43.32203073136155,
              -22.72820004060833
            ],
            [
              -43.32182485120857,
              -22.72837249929264
            ],
            [
              -43.32177022343554,
              -22.72748533589346
            ],
            [
              -43.3214190914191,
              -22.72704532486205
            ],
            [
              -43.32085130326787,
              -22.72653315753249
            ],
            [
              -43.32036372371435,
              -22.72633673746379
            ],
            [
              -43.31972082931489,
              -22.72610632531316
            ],
            [
              -43.31917377175648,
              -22.72598882736409
            ],
            [
              -43.31868607098126,
              -22.72596106241364
            ],
            [
              -43.31714174645194,
              -22.72581231445474
            ],
            [
              -43.31650290684998,
              -22.72527542823516
            ],
            [
              -43.31627314326064,
              -22.72473357300372
            ],
            [
              -43.31615548005237,
              -22.72411331453687
            ],
            [
              -43.3159203109365,
              -22.72295712928939
            ],
            [
              -43.32283379999999,
              -22.71924929932716
            ],
            [
              -43.3232358,
              -22.71904469932716
            ],
            [
              -43.3237376,
              -22.71869039932717
            ],
            [
              -43.3240363,
              -22.71842399932718
            ],
            [
              -43.3242537,
              -22.71822189932718
            ],
            [
              -43.3242595,
              -22.71823369932718
            ],
            [
              -43.32428779999999,
              -22.71829059932718
            ],
            [
              -43.324812,
              -22.71934719932716
            ],
            [
              -43.32495489999999,
              -22.71963509932715
            ],
            [
              -43.3249991,
              -22.71972419932714
            ],
            [
              -43.3250432,
              -22.71981329932715
            ],
            [
              -43.325091,
              -22.71990939932713
            ],
            [
              -43.3251485,
              -22.72002549932713
            ],
            [
              -43.3251921,
              -22.72011329932715
            ],
            [
              -43.3252478,
              -22.72022549932714
            ],
            [
              -43.3252507,
              -22.72023149932713
            ],
            [
              -43.3252586,
              -22.72024729932713
            ],
            [
              -43.3252998,
              -22.72033039932713
            ],
            [
              -43.3257953,
              -22.72132909932711
            ],
            [
              -43.32582120000001,
              -22.72138119932711
            ],
            [
              -43.3259809,
              -22.7217030993271
            ],
            [
              -43.3260112,
              -22.72176419932711
            ],
            [
              -43.32725774791455,
              -22.72402593059419
            ],
            [
              -43.32582911687883,
              -22.7253920892743
            ],
            [
              -43.32500903882688,
              -22.72576119364535
            ],
            [
              -43.32451000883852,
              -22.72617450287551
            ],
            [
              -43.32373454791106,
              -22.72649320865778
            ],
            [
              -43.3235673675122,
              -22.72668617782943
            ],
            [
              -43.32377403383427,
              -22.72705928577203
            ],
            [
              -43.32344446843993,
              -22.72722859806966
            ]
          ]
        ]
      }
    },
    {
      "type": "Feature",
      "properties": {
        "name": "COMUNIDADE DO PARQUE PANORAMA",
        "complexo": "COMPLEXO DO SÃO BENTO",
        "comunidade_pasta": "COMUNIDADE DO PARQUE PANORAMA",
        "styleUrl": "#com_vermelho_escuro5",
        "tipo_extraido": "poligono_geral_comunidade",
        "Tipo": "Comunidade",
        "Comunidade": "Comunidade do Parque Panorama",
        "Complexo": "Complexo do São Bento",
        "Distrito": "2º Distrito",
        "IDS_comunidade": "0.567",
        "Classe_comunidade": "Prioridade alta",
        "kml_fill_color": "997f0000",
        "fill": "#00007f",
        "fill-opacity": 0.6,
        "kml_stroke_color": "ff7f0000",
        "stroke": "#00007f",
        "stroke-opacity": 1.0,
        "stroke-width": 2.0
      },
      "geometry": {
        "type": "Polygon",
        "coordinates": [
          [
            [
              -43.32722915984012,
              -22.72406851221658
            ],
            [
              -43.32723388438104,
              -22.72455842383819
            ],
            [
              -43.32735298512591,
              -22.72504971441078
            ],
            [
              -43.32764096521593,
              -22.72603722914458
            ],
            [
              -43.32782934293736,
              -22.72675596812569
            ],
            [
              -43.32801024434147,
              -22.72744615563749
            ],
            [
              -43.3271594464155,
              -22.7281165585912
            ],
            [
              -43.32653416750494,
              -22.72871206231551
            ],
            [
              -43.32565579951154,
              -22.72932245363299
            ],
            [
              -43.32519428412514,
              -22.72953087993652
            ],
            [
              -43.32473276873878,
              -22.72962020549514
            ],
            [
              -43.32434569131794,
              -22.72960531790206
            ],
            [
              -43.32337799776586,
              -22.72947132956409
            ],
            [
              -43.32223165309651,
              -22.72924801566746
            ],
            [
              -43.32200833919988,
              -22.72898003899149
            ],
            [
              -43.3218743508619,
              -22.72851852360514
            ],
            [
              -43.32191901364122,
              -22.72826543452228
            ],
            [
              -43.32318445905549,
              -22.72728285337709
            ],
            [
              -43.32372041240739,
              -22.72723819059776
            ],
            [
              -43.32377996277982,
              -22.72704465188734
            ],
            [
              -43.32372041240739,
              -22.72683622558384
            ],
            [
              -43.32358642406939,
              -22.72665757446654
            ],
            [
              -43.32363108684874,
              -22.72650869853545
            ],
            [
              -43.32583445062884,
              -22.72534746627296
            ],
            [
              -43.32653431180833,
              -22.72478055580045
            ],
            [
              -43.32722915984012,
              -22.72406851221658
            ]
          ]
        ]
      }
    },
    {
      "type": "Feature",
      "properties": {
        "name": "COMUNIDADE DA JUREMA",
        "complexo": "COMPLEXO DO SÃO BENTO",
        "comunidade_pasta": "COMUNIDADE DA JUREMA",
        "styleUrl": "#com_vermelho_escuro5",
        "tipo_extraido": "poligono_geral_comunidade",
        "Tipo": "Comunidade",
        "Comunidade": "Comunidade da Jurema",
        "Complexo": "Complexo do São Bento",
        "Distrito": "2º Distrito",
        "IDS_comunidade": "0.541",
        "Classe_comunidade": "Prioridade alta",
        "kml_fill_color": "997f0000",
        "fill": "#00007f",
        "fill-opacity": 0.6,
        "kml_stroke_color": "ff7f0000",
        "stroke": "#00007f",
        "stroke-opacity": 1.0,
        "stroke-width": 2.0
      },
      "geometry": {
        "type": "Polygon",
        "coordinates": [
          [
            [
              -43.29913482374131,
              -22.70523341649962
            ],
            [
              -43.29909831617031,
              -22.71116589678386
            ],
            [
              -43.29845357280831,
              -22.71125734274032
            ],
            [
              -43.29850343580733,
              -22.71620059526702
            ],
            [
              -43.29818336626366,
              -22.71618385118047
            ],
            [
              -43.29690808795121,
              -22.71297705988242
            ],
            [
              -43.29517780635537,
              -22.71026195081389
            ],
            [
              -43.29424956864545,
              -22.71071714098381
            ],
            [
              -43.29327711449699,
              -22.70773558300338
            ],
            [
              -43.29059146708543,
              -22.70861969819727
            ],
            [
              -43.29066796459076,
              -22.70565615218741
            ],
            [
              -43.29067320905565,
              -22.70415234188667
            ],
            [
              -43.29139990250002,
              -22.70522696740672
            ],
            [
              -43.29222840692071,
              -22.70553358107673
            ],
            [
              -43.293722460975,
              -22.70547227582536
            ],
            [
              -43.29561328458919,
              -22.70562550787445
            ],
            [
              -43.29690786191153,
              -22.70514214757219
            ],
            [
              -43.2971451611229,
              -22.7051056400012
            ],
            [
              -43.29765626711661,
              -22.70506913243022
            ],
            [
              -43.29913482374131,
              -22.70523341649962
            ]
          ]
        ]
      }
    },
    {
      "type": "Feature",
      "properties": {
        "name": "COMUNIDADE JARDIM VISTA ALEGRE",
        "complexo": "COMPLEXO DO SÃO BENTO",
        "comunidade_pasta": "COMUNIDADE JARDIM VISTA ALEGRE",
        "styleUrl": "#com_vermelho_escuro5",
        "tipo_extraido": "poligono_geral_comunidade",
        "Tipo": "Comunidade",
        "Comunidade": "Comunidade Jardim Vista Alegre",
        "Complexo": "Complexo do São Bento",
        "Distrito": "2º Distrito",
        "IDS_comunidade": "0.635",
        "Classe_comunidade": "Prioridade baixa",
        "kml_fill_color": "997f0000",
        "fill": "#00007f",
        "fill-opacity": 0.6,
        "kml_stroke_color": "ff7f0000",
        "stroke": "#00007f",
        "stroke-opacity": 1.0,
        "stroke-width": 2.0
      },
      "geometry": {
        "type": "Polygon",
        "coordinates": [
          [
            [
              -43.31834874091037,
              -22.71131531787496
            ],
            [
              -43.31787167441214,
              -22.71217441791341
            ],
            [
              -43.316976690476,
              -22.7142080723605
            ],
            [
              -43.3153233295193,
              -22.71510887434854
            ],
            [
              -43.31473306250064,
              -22.71507900956705
            ],
            [
              -43.31045488651306,
              -22.7167151994037
            ],
            [
              -43.30753151056192,
              -22.71800966903788
            ],
            [
              -43.30708610525825,
              -22.71715807048105
            ],
            [
              -43.30561491759024,
              -22.7169660371233
            ],
            [
              -43.30488476617063,
              -22.71674699169743
            ],
            [
              -43.30368001632831,
              -22.71632715463118
            ],
            [
              -43.30269431191186,
              -22.71608985541979
            ],
            [
              -43.30161733856794,
              -22.71614461677625
            ],
            [
              -43.30048560386756,
              -22.71614461677625
            ],
            [
              -43.2992991078107,
              -22.71601684027783
            ],
            [
              -43.29871498667504,
              -22.71119784090847
            ],
            [
              -43.31834874091037,
              -22.71131531787496
            ]
          ]
        ]
      }
    },
    {
      "type": "Feature",
      "properties": {
        "name": "COMUNIDADE DO PILAR",
        "complexo": "COMPLEXO DO SÃO BENTO",
        "comunidade_pasta": "COMUNIDADE DO PILAR",
        "styleUrl": "#com_vermelho_escuro5",
        "tipo_extraido": "poligono_geral_comunidade",
        "Tipo": "Comunidade",
        "Comunidade": "Comunidade do Pilar",
        "Complexo": "Complexo do São Bento",
        "Distrito": "2º Distrito",
        "IDS_comunidade": "0.602",
        "Classe_comunidade": "Prioridade média",
        "kml_fill_color": "997f0000",
        "fill": "#00007f",
        "fill-opacity": 0.6,
        "kml_stroke_color": "ff7f0000",
        "stroke": "#00007f",
        "stroke-opacity": 1.0,
        "stroke-width": 2.0
      },
      "geometry": {
        "type": "Polygon",
        "coordinates": [
          [
            [
              -43.3005123,
              -22.70525019932748
            ],
            [
              -43.30028260000001,
              -22.70530209932749
            ],
            [
              -43.2997986,
              -22.70532409932747
            ],
            [
              -43.2992698,
              -22.70524959932748
            ],
            [
              -43.2991314,
              -22.70523009932748
            ],
            [
              -43.2984501,
              -22.7051165993275
            ],
            [
              -43.29615777882465,
              -22.70511664353787
            ],
            [
              -43.29849446276307,
              -22.70164402331736
            ],
            [
              -43.2986892593377,
              -22.69891983867475
            ],
            [
              -43.29904622510753,
              -22.69820138261226
            ],
            [
              -43.30089585525708,
              -22.6967644878027
            ],
            [
              -43.30180441371067,
              -22.69787213353264
            ],
            [
              -43.3034582402124,
              -22.6978127112931
            ],
            [
              -43.30340658156751,
              -22.69817461118574
            ],
            [
              -43.30252938820793,
              -22.69893832247831
            ],
            [
              -43.30237302359457,
              -22.69917639924254
            ],
            [
              -43.30566667704278,
              -22.69893800051108
            ],
            [
              -43.30668626551035,
              -22.69884421660728
            ],
            [
              -43.30736422909752,
              -22.69933890393338
            ],
            [
              -43.30738128191451,
              -22.70050814102586
            ],
            [
              -43.30736647670339,
              -22.70120269343115
            ],
            [
              -43.30813223015876,
              -22.70143448311976
            ],
            [
              -43.30874884724729,
              -22.7020930783018
            ],
            [
              -43.30891115387248,
              -22.70284149839339
            ],
            [
              -43.30845685475834,
              -22.70335043579057
            ],
            [
              -43.3079816404821,
              -22.70346906440605
            ],
            [
              -43.30818282059706,
              -22.7040879068231
            ],
            [
              -43.30889383321459,
              -22.70476576606347
            ],
            [
              -43.30924599554128,
              -22.70506103688721
            ],
            [
              -43.30920992637773,
              -22.7056410500453
            ],
            [
              -43.30653170600569,
              -22.70426591655888
            ],
            [
              -43.30492622297,
              -22.70411413087264
            ],
            [
              -43.30323618188819,
              -22.70451813224279
            ],
            [
              -43.30138639848133,
              -22.70498923807406
            ],
            [
              -43.3005123,
              -22.70525019932748
            ]
          ]
        ]
      }
    },
    {
      "type": "Feature",
      "properties": {
        "name": "COMUNIDADE DO MORRO DO SÃO PEDRO",
        "complexo": "COMPLEXO DA MANGUEIRINHA",
        "comunidade_pasta": "COMUNIDADE DO MORRO DO SÃO PEDRO",
        "styleUrl": "#com_amarelo_claro05",
        "tipo_extraido": "poligono_geral_comunidade",
        "Tipo": "Comunidade",
        "Comunidade": "Comunidade Morro do São Pedro",
        "Complexo": "Complexo da Mangueirinha",
        "Distrito": "1° Distrito",
        "IDS_comunidade": "0.717",
        "Classe_comunidade": "Menor prioridade relativa",
        "kml_fill_color": "990055ff",
        "fill": "#ff5500",
        "fill-opacity": 0.6,
        "kml_stroke_color": "ff0055ff",
        "stroke": "#ff5500",
        "stroke-opacity": 1.0,
        "stroke-width": 2.0
      },
      "geometry": {
        "type": "Polygon",
        "coordinates": [
          [
            [
              -43.32962821163078,
              -22.76537945663252
            ],
            [
              -43.32973948737466,
              -22.77031626994452
            ],
            [
              -43.3298763690691,
              -22.77134280364804
            ],
            [
              -43.32981290944431,
              -22.7726660847653
            ],
            [
              -43.32986777114945,
              -22.77348783782912
            ],
            [
              -43.32498507578034,
              -22.77237161154754
            ],
            [
              -43.32444310419574,
              -22.77303469701816
            ],
            [
              -43.32446636399993,
              -22.77304492199994
            ],
            [
              -43.32394503499997,
              -22.77082429399999
            ],
            [
              -43.32388299899998,
              -22.77082381299997
            ],
            [
              -43.32333995291334,
              -22.76755156954936
            ],
            [
              -43.32410466092946,
              -22.76659634046611
            ],
            [
              -43.32557900002234,
              -22.76433544283838
            ],
            [
              -43.32962821163078,
              -22.76537945663252
            ]
          ]
        ]
      }
    },
    {
      "type": "Feature",
      "properties": {
        "name": "COMUNIDADE DO CORTE OITO",
        "complexo": "COMPLEXO DA MANGUEIRINHA",
        "comunidade_pasta": "COMUNIDADE DO CORTE OITO",
        "styleUrl": "#com_amarelo_claro05",
        "tipo_extraido": "poligono_geral_comunidade",
        "Tipo": "Comunidade",
        "Comunidade": "Comunidade do Corte Oito",
        "Complexo": "Complexo da Mangueirinha",
        "Distrito": "1° Distrito",
        "IDS_comunidade": "0.664",
        "Classe_comunidade": "Menor prioridade relativa",
        "kml_fill_color": "990055ff",
        "fill": "#ff5500",
        "fill-opacity": 0.6,
        "kml_stroke_color": "ff0055ff",
        "stroke": "#ff5500",
        "stroke-opacity": 1.0,
        "stroke-width": 2.0
      },
      "geometry": {
        "type": "Polygon",
        "coordinates": [
          [
            [
              -43.30600638999995,
              -22.76754790800001
            ],
            [
              -43.30574736302659,
              -22.76663631619943
            ],
            [
              -43.30898079121177,
              -22.76467303145686
            ],
            [
              -43.30903157007208,
              -22.76508267603695
            ],
            [
              -43.30862279022455,
              -22.765337766182
            ],
            [
              -43.30896014761247,
              -22.7657427630834
            ],
            [
              -43.30980905935616,
              -22.76556521140334
            ],
            [
              -43.31007908677359,
              -22.76654189128551
            ],
            [
              -43.31045846610676,
              -22.766744280923
            ],
            [
              -43.31085366611733,
              -22.76695511050671
            ],
            [
              -43.31114050299993,
              -22.76710813099995
            ],
            [
              -43.31141226599993,
              -22.76729286299997
            ],
            [
              -43.31155186599995,
              -22.76753583499994
            ],
            [
              -43.31220990999997,
              -22.76761088499996
            ],
            [
              -43.31258229699995,
              -22.76770733599997
            ],
            [
              -43.31275624199997,
              -22.76785705599998
            ],
            [
              -43.31296087956131,
              -22.76926115471407
            ],
            [
              -43.31189964735229,
              -22.76929496183687
            ],
            [
              -43.31220607519144,
              -22.77090403141493
            ],
            [
              -43.31549508023759,
              -22.77053460285326
            ],
            [
              -43.31649190235093,
              -22.77033042375666
            ],
            [
              -43.31689739526153,
              -22.77277191200831
            ],
            [
              -43.3172875188802,
              -22.77605452803665
            ],
            [
              -43.31695016181583,
              -22.77880047394612
            ],
            [
              -43.31117088638424,
              -22.77951912981818
            ],
            [
              -43.30833837197487,
              -22.77936999100519
            ],
            [
              -43.30600638999995,
              -22.76754790800001
            ]
          ]
        ]
      }
    },
    {
      "type": "Feature",
      "properties": {
        "name": "COMUNIDADE DO MORRO DO COQUEIRINHO",
        "complexo": "COMPLEXO DA MANGUEIRINHA",
        "comunidade_pasta": "COMUNIDADE DO MORRO DO COQUEIRINHO",
        "styleUrl": "#com_amarelo_claro05",
        "tipo_extraido": "poligono_geral_comunidade",
        "Tipo": "Comunidade",
        "Comunidade": "Comunidade do Morro do Coqueirinho",
        "Complexo": "Complexo da Mangueirinha",
        "Distrito": "1° Distrito",
        "IDS_comunidade": "0.682",
        "Classe_comunidade": "Menor prioridade relativa",
        "kml_fill_color": "990055ff",
        "fill": "#ff5500",
        "fill-opacity": 0.6,
        "kml_stroke_color": "ff0055ff",
        "stroke": "#ff5500",
        "stroke-opacity": 1.0,
        "stroke-width": 2.0
      },
      "geometry": {
        "type": "Polygon",
        "coordinates": [
          [
            [
              -43.32921546309152,
              -22.77498303366075
            ],
            [
              -43.32965546913181,
              -22.77474871697081
            ],
            [
              -43.32979955043531,
              -22.77550632625675
            ],
            [
              -43.32946289177455,
              -22.77735737751004
            ],
            [
              -43.32962510445602,
              -22.77793215740672
            ],
            [
              -43.32933024756298,
              -22.78221508998605
            ],
            [
              -43.3293127777491,
              -22.78243160226524
            ],
            [
              -43.32930649411149,
              -22.78268228366651
            ],
            [
              -43.32928855761775,
              -22.78290287344347
            ],
            [
              -43.32890046299997,
              -22.78258968099995
            ],
            [
              -43.32637442020896,
              -22.78199160844687
            ],
            [
              -43.32424080646545,
              -22.78164788507112
            ],
            [
              -43.32703227306561,
              -22.77689638670028
            ],
            [
              -43.32780553382314,
              -22.77749492949826
            ],
            [
              -43.32921546309152,
              -22.77498303366075
            ]
          ]
        ]
      }
    },
    {
      "type": "Feature",
      "properties": {
        "name": "COMUNIDADE DA MANGUEIRINHA",
        "complexo": "COMPLEXO DA MANGUEIRINHA",
        "comunidade_pasta": "COMUNIDADE MANGUEIRINHA",
        "styleUrl": "#com_amarelo_claro05",
        "tipo_extraido": "poligono_geral_comunidade",
        "Tipo": "Comunidade",
        "Comunidade": "Comunidade da Mangueirinha",
        "Complexo": "Complexo da Mangueirinha",
        "Distrito": "1° Distrito",
        "IDS_comunidade": "0.66",
        "Classe_comunidade": "Prioridade baixa",
        "kml_fill_color": "990055ff",
        "fill": "#ff5500",
        "fill-opacity": 0.6,
        "kml_stroke_color": "ff0055ff",
        "stroke": "#ff5500",
        "stroke-opacity": 1.0,
        "stroke-width": 2.0
      },
      "geometry": {
        "type": "Polygon",
        "coordinates": [
          [
            [
              -43.32050840494227,
              -22.77643195356882
            ],
            [
              -43.32079678979341,
              -22.77502683431569
            ],
            [
              -43.32260031365475,
              -22.77424897012153
            ],
            [
              -43.32412658401864,
              -22.7745768991414
            ],
            [
              -43.32465687760818,
              -22.77512600087258
            ],
            [
              -43.32561532845052,
              -22.77531635858271
            ],
            [
              -43.32545462685276,
              -22.77600975662527
            ],
            [
              -43.32741407599002,
              -22.77617463290255
            ],
            [
              -43.32832142438559,
              -22.77678986358118
            ],
            [
              -43.32540095771207,
              -22.78175020585795
            ],
            [
              -43.3239876076421,
              -22.78158051417629
            ],
            [
              -43.32263771547454,
              -22.78139882411632
            ],
            [
              -43.3220189474961,
              -22.78111398380387
            ],
            [
              -43.32224347633228,
              -22.78173455691829
            ],
            [
              -43.32091053207942,
              -22.78319180656606
            ],
            [
              -43.31673588453175,
              -22.77974444734378
            ],
            [
              -43.31683226903057,
              -22.7784376020609
            ],
            [
              -43.31729934782299,
              -22.775866474566
            ],
            [
              -43.32050840494227,
              -22.77643195356882
            ]
          ]
        ]
      }
    },
    {
      "type": "Feature",
      "properties": {
        "name": "COMUNIDADE DO MORRO DA LAGOINHA",
        "complexo": "COMPLEXO DA MANGUEIRINHA",
        "comunidade_pasta": "COMUNIDADE DO MORRO LAGOINHA",
        "styleUrl": "#com_amarelo_claro05",
        "tipo_extraido": "poligono_geral_comunidade",
        "Tipo": "Comunidade",
        "Comunidade": "Comunidade do Morro da Lagoinha",
        "Complexo": "Complexo da Mangueirinha",
        "Distrito": "1° Distrito",
        "IDS_comunidade": "0.694",
        "Classe_comunidade": "Menor prioridade relativa",
        "kml_fill_color": "990055ff",
        "fill": "#ff5500",
        "fill-opacity": 0.6,
        "kml_stroke_color": "ff0055ff",
        "stroke": "#ff5500",
        "stroke-opacity": 1.0,
        "stroke-width": 2.0
      },
      "geometry": {
        "type": "Polygon",
        "coordinates": [
          [
            [
              -43.31390686302417,
              -22.76781086002689
            ],
            [
              -43.31357527414124,
              -22.76829249834413
            ],
            [
              -43.31337743375215,
              -22.76898124355238
            ],
            [
              -43.31295305843117,
              -22.76924959856379
            ],
            [
              -43.31275624199997,
              -22.767857056
            ],
            [
              -43.31258229699996,
              -22.76770733599997
            ],
            [
              -43.31220990999998,
              -22.76761088499996
            ],
            [
              -43.31155186599995,
              -22.76753583499994
            ],
            [
              -43.31141226599991,
              -22.76729286299998
            ],
            [
              -43.31114050299993,
              -22.76710813099994
            ],
            [
              -43.31001041013528,
              -22.76649632811376
            ],
            [
              -43.30985828639378,
              -22.7661260937093
            ],
            [
              -43.30983445232236,
              -22.76574089671434
            ],
            [
              -43.3099376606922,
              -22.7652950375842
            ],
            [
              -43.31258577913371,
              -22.76387071098564
            ],
            [
              -43.31607140067187,
              -22.76238633690421
            ],
            [
              -43.3175780097746,
              -22.76343881135256
            ],
            [
              -43.31597887297981,
              -22.76558768252725
            ],
            [
              -43.31510465791383,
              -22.76645421974947
            ],
            [
              -43.31390686302417,
              -22.76781086002689
            ]
          ]
        ]
      }
    },
    {
      "type": "Feature",
      "properties": {
        "name": "COMUNIDADE DO SANTUÁRIO",
        "complexo": "COMPLEXO DA MANGUEIRINHA",
        "comunidade_pasta": "COMUNIDADE DO SANTUÁRIO",
        "styleUrl": "#com_amarelo_claro05",
        "tipo_extraido": "poligono_geral_comunidade",
        "Tipo": "Comunidade",
        "Comunidade": "Comunidade do Santuário",
        "Complexo": "Complexo da Mangueirinha",
        "Distrito": "1° Distrito",
        "IDS_comunidade": "0.643",
        "Classe_comunidade": "Prioridade baixa",
        "kml_fill_color": "990055ff",
        "fill": "#ff5500",
        "fill-opacity": 0.6,
        "kml_stroke_color": "ff0055ff",
        "stroke": "#ff5500",
        "stroke-opacity": 1.0,
        "stroke-width": 2.0
      },
      "geometry": {
        "type": "Polygon",
        "coordinates": [
          [
            [
              -43.3173574,
              -22.77594059932585
            ],
            [
              -43.31712690000001,
              -22.77436889932588
            ],
            [
              -43.3169192,
              -22.77314319932592
            ],
            [
              -43.31662343659304,
              -22.77083203818314
            ],
            [
              -43.3187818,
              -22.77012369932599
            ],
            [
              -43.3188916,
              -22.77002459932597
            ],
            [
              -43.3189538,
              -22.77004309932599
            ],
            [
              -43.3190171,
              -22.770083099326
            ],
            [
              -43.3191059,
              -22.77011559932599
            ],
            [
              -43.3190309,
              -22.77027639932598
            ],
            [
              -43.3190115,
              -22.77041979932597
            ],
            [
              -43.3190309,
              -22.77053879932597
            ],
            [
              -43.3191139,
              -22.77062719932597
            ],
            [
              -43.31920229999999,
              -22.77067809932598
            ],
            [
              -43.3193372,
              -22.77084129932597
            ],
            [
              -43.3192061,
              -22.77187309932594
            ],
            [
              -43.3192075,
              -22.77187499932595
            ],
            [
              -43.3192484,
              -22.77193229932594
            ],
            [
              -43.3193658,
              -22.77195669932595
            ],
            [
              -43.32026330000001,
              -22.77214329932593
            ],
            [
              -43.32024310000001,
              -22.77221149932594
            ],
            [
              -43.3201776,
              -22.77248339932593
            ],
            [
              -43.3201121,
              -22.77275519932593
            ],
            [
              -43.3202959,
              -22.77314109932591
            ],
            [
              -43.3204986,
              -22.7735136993259
            ],
            [
              -43.3206434,
              -22.7738140993259
            ],
            [
              -43.3207196,
              -22.7739605993259
            ],
            [
              -43.32093010000001,
              -22.7742623993259
            ],
            [
              -43.32092800000001,
              -22.77450369932588
            ],
            [
              -43.3208054,
              -22.77486679932588
            ],
            [
              -43.3207865,
              -22.77508839932587
            ],
            [
              -43.3206922,
              -22.77550799932586
            ],
            [
              -43.32061680000001,
              -22.77617289932584
            ],
            [
              -43.3205696,
              -22.77631909932583
            ],
            [
              -43.320568,
              -22.77638379932584
            ],
            [
              -43.3203904,
              -22.77644169932584
            ],
            [
              -43.3199331,
              -22.77641809932584
            ],
            [
              -43.31960769999999,
              -22.77637569932585
            ],
            [
              -43.3194293,
              -22.77633229932584
            ],
            [
              -43.3184199,
              -22.77616789932586
            ],
            [
              -43.3173768,
              -22.77601009932586
            ],
            [
              -43.3173574,
              -22.77594059932585
            ]
          ]
        ]
      }
    },
    {
      "type": "Feature",
      "properties": {
        "name": "COMUNIDADE DO MORRO SAPO",
        "complexo": "COMPLEXO DA MANGUEIRINHA",
        "comunidade_pasta": "COMUNIDADE DO MORRO DO SAPO",
        "styleUrl": "#com_amarelo_claro05",
        "tipo_extraido": "poligono_geral_comunidade",
        "Tipo": "Comunidade",
        "Comunidade": "Comunidade do Morro Sapo",
        "Complexo": "Complexo da Mangueirinha",
        "Distrito": "1° Distrito",
        "IDS_comunidade": "0.681",
        "Classe_comunidade": "Menor prioridade relativa",
        "kml_fill_color": "990055ff",
        "fill": "#ff5500",
        "fill-opacity": 0.6,
        "kml_stroke_color": "ff0055ff",
        "stroke": "#ff5500",
        "stroke-opacity": 1.0,
        "stroke-width": 2.0
      },
      "geometry": {
        "type": "Polygon",
        "coordinates": [
          [
            [
              -43.31914690881516,
              -22.77188085418543
            ],
            [
              -43.31933643475771,
              -22.7707961154105
            ],
            [
              -43.319156861147,
              -22.77072589092606
            ],
            [
              -43.31900339778503,
              -22.77035349205334
            ],
            [
              -43.31902818739673,
              -22.7705493788631
            ],
            [
              -43.31897530508694,
              -22.77045955554674
            ],
            [
              -43.31903125469613,
              -22.7702779468741
            ],
            [
              -43.31909503153145,
              -22.7701260724383
            ],
            [
              -43.31884295238412,
              -22.77012345567224
            ],
            [
              -43.31754912627645,
              -22.77056976240258
            ],
            [
              -43.31659346932446,
              -22.77084195773035
            ],
            [
              -43.31641781437929,
              -22.7703879702758
            ],
            [
              -43.31217132316635,
              -22.77093848849583
            ],
            [
              -43.31186286096474,
              -22.76931172357546
            ],
            [
              -43.31290932304088,
              -22.7693331560716
            ],
            [
              -43.31334547998723,
              -22.76897677565813
            ],
            [
              -43.31371044967864,
              -22.76805145309888
            ],
            [
              -43.31507772458734,
              -22.7665070559827
            ],
            [
              -43.31706470000155,
              -22.76416383915506
            ],
            [
              -43.31831739436867,
              -22.76502326187843
            ],
            [
              -43.31952615526942,
              -22.76489233398026
            ],
            [
              -43.32114023627811,
              -22.76593726501321
            ],
            [
              -43.32172389082749,
              -22.7652374534795
            ],
            [
              -43.32313405829436,
              -22.76626728392301
            ],
            [
              -43.32333193849445,
              -22.76720456114193
            ],
            [
              -43.32412167145213,
              -22.77175963146238
            ],
            [
              -43.32448225332141,
              -22.77302391579351
            ],
            [
              -43.32454634442644,
              -22.77296699716333
            ],
            [
              -43.32489363727895,
              -22.77237035733523
            ],
            [
              -43.32692003568989,
              -22.77273512586934
            ],
            [
              -43.32881721600062,
              -22.77327320032724
            ],
            [
              -43.32978005563188,
              -22.77335334988667
            ],
            [
              -43.32978209199496,
              -22.77542541743025
            ],
            [
              -43.32949274061407,
              -22.77731471378208
            ],
            [
              -43.3255343,
              -22.77600879932585
            ],
            [
              -43.3255029,
              -22.77598509932585
            ],
            [
              -43.3255728,
              -22.77591219932585
            ],
            [
              -43.3255942,
              -22.77528359932587
            ],
            [
              -43.3253692,
              -22.77523719932587
            ],
            [
              -43.3251692,
              -22.77523719932586
            ],
            [
              -43.3250299,
              -22.77523719932587
            ],
            [
              -43.3249513,
              -22.77521219932587
            ],
            [
              -43.3248584,
              -22.77518359932587
            ],
            [
              -43.3246313,
              -22.77509859932588
            ],
            [
              -43.3245433,
              -22.77499799932588
            ],
            [
              -43.3244352,
              -22.77491999932588
            ],
            [
              -43.3243298,
              -22.77472639932587
            ],
            [
              -43.3241798,
              -22.77460859932589
            ],
            [
              -43.32407980000001,
              -22.77457639932588
            ],
            [
              -43.3238463,
              -22.77457639932588
            ],
            [
              -43.3234655,
              -22.77441989932588
            ],
            [
              -43.3227553,
              -22.77422519932589
            ],
            [
              -43.3226834,
              -22.77427219932588
            ],
            [
              -43.3225797,
              -22.7742334993259
            ],
            [
              -43.3224476,
              -22.77429779932588
            ],
            [
              -43.3223699,
              -22.77447709932588
            ],
            [
              -43.3216872,
              -22.77492329932587
            ],
            [
              -43.3215311,
              -22.77511829932588
            ],
            [
              -43.32149279999999,
              -22.77516809932587
            ],
            [
              -43.3208171,
              -22.77510679932587
            ],
            [
              -43.3207865,
              -22.77508839932587
            ],
            [
              -43.3208054,
              -22.77486679932588
            ],
            [
              -43.32092800000001,
              -22.77450369932588
            ],
            [
              -43.32093010000001,
              -22.7742623993259
            ],
            [
              -43.3207196,
              -22.7739605993259
            ],
            [
              -43.3206434,
              -22.7738140993259
            ],
            [
              -43.3204986,
              -22.7735136993259
            ],
            [
              -43.3202959,
              -22.77314109932591
            ],
            [
              -43.3201121,
              -22.77275519932593
            ],
            [
              -43.3201776,
              -22.77248339932593
            ],
            [
              -43.32024310000001,
              -22.77221149932594
            ],
            [
              -43.32026330000001,
              -22.77214329932593
            ],
            [
              -43.31914690881516,
              -22.77188085418543
            ]
          ]
        ]
      }
    },
    {
      "type": "Feature",
      "properties": {
        "name": "COMUNIDADE DA RUA 12",
        "complexo": "COMPLEXO DO VAI QUEM QUER",
        "comunidade_pasta": "COMUNIDADE DA RUA 12",
        "styleUrl": "#com_amarelo2120",
        "tipo_extraido": "poligono_geral_comunidade",
        "Tipo": "Comunidade",
        "Comunidade": "Comunidade da Rua 12",
        "Complexo": "Complexo do Vai Quem Quer",
        "Distrito": "2° Distrito",
        "IDS_comunidade": "0.64",
        "Classe_comunidade": "Prioridade baixa",
        "kml_fill_color": "b300aa00",
        "fill": "#00aa00",
        "fill-opacity": 0.702,
        "kml_stroke_color": "ff00aa00",
        "stroke": "#00aa00",
        "stroke-opacity": 1.0,
        "stroke-width": 2.0
      },
      "geometry": {
        "type": "Polygon",
        "coordinates": [
          [
            [
              -43.29639976457501,
              -22.67312207432177
            ],
            [
              -43.29857675230751,
              -22.67264788941595
            ],
            [
              -43.30136317013601,
              -22.67510058753146
            ],
            [
              -43.304412383257,
              -22.67167046636033
            ],
            [
              -43.30663629923665,
              -22.66908139311045
            ],
            [
              -43.30731756231329,
              -22.66845187424384
            ],
            [
              -43.30805021675827,
              -22.66745157473733
            ],
            [
              -43.30874907480281,
              -22.66692067104977
            ],
            [
              -43.30892485721979,
              -22.66723237135571
            ],
            [
              -43.30851065229925,
              -22.66745495590726
            ],
            [
              -43.30803045577578,
              -22.66782619278138
            ],
            [
              -43.30764712493082,
              -22.66847970183606
            ],
            [
              -43.30748371958798,
              -22.66900507090283
            ],
            [
              -43.30733913487726,
              -22.66984399635592
            ],
            [
              -43.30819592558584,
              -22.6712553694772
            ],
            [
              -43.30818697489925,
              -22.67388593321737
            ],
            [
              -43.30858771644687,
              -22.67716751803037
            ],
            [
              -43.30783062651437,
              -22.6789227009878
            ],
            [
              -43.30626573144102,
              -22.68056745681513
            ],
            [
              -43.30471060853426,
              -22.68202820789351
            ],
            [
              -43.3034602205102,
              -22.6854938417497
            ],
            [
              -43.30328754374629,
              -22.6870356981333
            ],
            [
              -43.30320999465645,
              -22.68755771456107
            ],
            [
              -43.29944466760728,
              -22.6847679724213
            ],
            [
              -43.30154445407798,
              -22.68273088902186
            ],
            [
              -43.2998355771423,
              -22.68118184550768
            ],
            [
              -43.29782960107783,
              -22.68359044852437
            ],
            [
              -43.29464369160287,
              -22.68115430581004
            ],
            [
              -43.29302099012109,
              -22.68301295666495
            ],
            [
              -43.29144774686347,
              -22.68016213100146
            ],
            [
              -43.29198075187612,
              -22.68000867805637
            ],
            [
              -43.2943401051258,
              -22.67556880178844
            ],
            [
              -43.29639976457501,
              -22.67312207432177
            ]
          ]
        ]
      }
    },
    {
      "type": "Feature",
      "properties": {
        "name": "COMUNIDADE DO BERRA BOI",
        "complexo": "COMPLEXO DO VAI QUEM QUER",
        "comunidade_pasta": "COMUNIDADE DO BERRA BOI",
        "styleUrl": "#com_amarelo2120",
        "tipo_extraido": "poligono_geral_comunidade",
        "Tipo": "Comunidade",
        "Comunidade": "Comunidade do Berra Boi",
        "Complexo": "Complexo do Vai Quem Quer",
        "Distrito": "2° Distrito",
        "IDS_comunidade": "0.522",
        "Classe_comunidade": "Prioridade muito alta",
        "kml_fill_color": "b300aa00",
        "fill": "#00aa00",
        "fill-opacity": 0.702,
        "kml_stroke_color": "ff00aa00",
        "stroke": "#00aa00",
        "stroke-opacity": 1.0,
        "stroke-width": 2.0
      },
      "geometry": {
        "type": "Polygon",
        "coordinates": [
          [
            [
              -43.30311184650405,
              -22.68752375815345
            ],
            [
              -43.30397126953279,
              -22.68889276527712
            ],
            [
              -43.30398273493208,
              -22.69000953340052
            ],
            [
              -43.30320240298302,
              -22.6932141498668
            ],
            [
              -43.30203877538544,
              -22.69541162582388
            ],
            [
              -43.30084232294516,
              -22.6969421268681
            ],
            [
              -43.29889535423145,
              -22.69838469642096
            ],
            [
              -43.29840270430117,
              -22.69924792335374
            ],
            [
              -43.29806024772488,
              -22.70234657748246
            ],
            [
              -43.29635611020953,
              -22.7048802088776
            ],
            [
              -43.29565010982267,
              -22.705196277883
            ],
            [
              -43.29485296759528,
              -22.70522696275505
            ],
            [
              -43.29339146737333,
              -22.70531897763762
            ],
            [
              -43.29213034791762,
              -22.70522697361299
            ],
            [
              -43.29153444578476,
              -22.70482809695991
            ],
            [
              -43.29068060099658,
              -22.70379296903958
            ],
            [
              -43.29002247724979,
              -22.69927048394449
            ],
            [
              -43.28887595946144,
              -22.69559255878173
            ],
            [
              -43.2905669006049,
              -22.69664103381174
            ],
            [
              -43.29063008092775,
              -22.69634455298692
            ],
            [
              -43.29035086605271,
              -22.69550677070897
            ],
            [
              -43.29068119990107,
              -22.69478475308197
            ],
            [
              -43.2927446670188,
              -22.69428191614053
            ],
            [
              -43.2932929022564,
              -22.69372378891352
            ],
            [
              -43.29422052470801,
              -22.69079507218547
            ],
            [
              -43.29515489949051,
              -22.68977080109766
            ],
            [
              -43.29942565126629,
              -22.68471672266205
            ],
            [
              -43.3010696610377,
              -22.68595317261943
            ],
            [
              -43.30311184650405,
              -22.68752375815345
            ]
          ]
        ]
      }
    },
    {
      "type": "Feature",
      "properties": {
        "name": "COMUNIDADE DO VAI QUEM QUER",
        "complexo": "COMPLEXO DO VAI QUEM QUER",
        "comunidade_pasta": "COMUNIDADE DO VAI QUEM QUER",
        "styleUrl": "#com_amarelo2120",
        "tipo_extraido": "poligono_geral_comunidade",
        "Tipo": "Comunidade",
        "Comunidade": "Comunidade do Vai Quem Quer",
        "Complexo": "Complexo do Vai Quem Quer",
        "Distrito": "2° Distrito",
        "IDS_comunidade": "0.513",
        "Classe_comunidade": "Prioridade muito alta",
        "kml_fill_color": "b300aa00",
        "fill": "#00aa00",
        "fill-opacity": 0.702,
        "kml_stroke_color": "ff00aa00",
        "stroke": "#00aa00",
        "stroke-opacity": 1.0,
        "stroke-width": 2.0
      },
      "geometry": {
        "type": "Polygon",
        "coordinates": [
          [
            [
              -43.29243409272028,
              -22.66859074412281
            ],
            [
              -43.28573227946249,
              -22.6692957207879
            ],
            [
              -43.28457633139872,
              -22.66191956577611
            ],
            [
              -43.28376315126636,
              -22.65539377955517
            ],
            [
              -43.28378315366533,
              -22.64833798784557
            ],
            [
              -43.28725312276397,
              -22.64827330120073
            ],
            [
              -43.28820507153184,
              -22.64912441289762
            ],
            [
              -43.29099553929138,
              -22.64928026724657
            ],
            [
              -43.2923056780114,
              -22.65083794884122
            ],
            [
              -43.29340897258429,
              -22.65233805542262
            ],
            [
              -43.29438919636414,
              -22.65400492919363
            ],
            [
              -43.29659227559467,
              -22.65775569192462
            ],
            [
              -43.30235620632416,
              -22.6668822189351
            ],
            [
              -43.30229296118385,
              -22.66744626518361
            ],
            [
              -43.29243409272028,
              -22.66859074412281
            ]
          ]
        ]
      }
    },
    {
      "type": "Feature",
      "properties": {
        "name": "Parque Eldorado",
        "complexo": "COMPLEXO DO VAI QUEM QUER",
        "comunidade_pasta": "COMUNIDADE DO PARQUE ELDORADO",
        "styleUrl": "#com_amarelo2120",
        "tipo_extraido": "poligono_geral_comunidade",
        "NM_MUN": "Duque de Caxias",
        "NM_DIST": "Xerém",
        "AREA_KM2": "3.438188000000000",
        "Tipo": "Comunidade",
        "Comunidade": "Comunidade do Parque Eldorado",
        "Complexo": "Complexo do Vai Quem Quer",
        "Distrito": "2° Distrito",
        "IDS_comunidade": "0.495",
        "Classe_comunidade": "Prioridade muito alta",
        "kml_fill_color": "b300aa00",
        "fill": "#00aa00",
        "fill-opacity": 0.702,
        "kml_stroke_color": "ff00aa00",
        "stroke": "#00aa00",
        "stroke-opacity": 1.0,
        "stroke-width": 2.0
      },
      "geometry": {
        "type": "Polygon",
        "coordinates": [
          [
            [
              -43.2918453,
              -22.6361065
            ],
            [
              -43.2923555,
              -22.6354107999999
            ],
            [
              -43.2927773,
              -22.6348356999999
            ],
            [
              -43.2931007999999,
              -22.6342772999999
            ],
            [
              -43.2933126,
              -22.6341001
            ],
            [
              -43.2935320999999,
              -22.63398460000001
            ],
            [
              -43.2937939999999,
              -22.6338959999999
            ],
            [
              -43.2940134999999,
              -22.6338498
            ],
            [
              -43.2944216999999,
              -22.6338344
            ],
            [
              -43.294595,
              -22.6338536
            ],
            [
              -43.2947066999999,
              -22.6339075
            ],
            [
              -43.2952804999999,
              -22.6341656
            ],
            [
              -43.2955385999999,
              -22.6342425999999
            ],
            [
              -43.2956811,
              -22.6343312
            ],
            [
              -43.295785,
              -22.6343697
            ],
            [
              -43.2959698999999,
              -22.6343312
            ],
            [
              -43.2962355999999,
              -22.6342463999999
            ],
            [
              -43.2964243,
              -22.6342117999999
            ],
            [
              -43.2971175,
              -22.6341616999999
            ],
            [
              -43.2975102999999,
              -22.6340885
            ],
            [
              -43.2980494999999,
              -22.6340038
            ],
            [
              -43.2984615999999,
              -22.6339768999999
            ],
            [
              -43.2986349,
              -22.6339345
            ],
            [
              -43.2991046999999,
              -22.6336765
            ],
            [
              -43.299251,
              -22.6336264
            ],
            [
              -43.2993974,
              -22.633611
            ],
            [
              -43.2996553999999,
              -22.633611
            ],
            [
              -43.2999057,
              -22.6336302999999
            ],
            [
              -43.300106,
              -22.6336919
            ],
            [
              -43.3002676999999,
              -22.6337766
            ],
            [
              -43.3005757999999,
              -22.6339652999999
            ],
            [
              -43.3011265,
              -22.6342001999999
            ],
            [
              -43.3014731,
              -22.6343118999999
            ],
            [
              -43.3020160999999,
              -22.6343889
            ],
            [
              -43.3021443,
              -22.6344228
            ],
            [
              -43.3024821,
              -22.6345122
            ],
            [
              -43.3033485999999,
              -22.6347779
            ],
            [
              -43.3038108,
              -22.6349897
            ],
            [
              -43.3040958,
              -22.6351205999999
            ],
            [
              -43.3043537999999,
              -22.6352593
            ],
            [
              -43.3045078,
              -22.6353402
            ],
            [
              -43.3046619,
              -22.635421
            ],
            [
              -43.3049506999999,
              -22.6356714
            ],
            [
              -43.3051586999999,
              -22.6357214
            ],
            [
              -43.3056285,
              -22.6350629
            ],
            [
              -43.305668,
              -22.635012
            ],
            [
              -43.3066837,
              -22.6337033999999
            ],
            [
              -43.3068801,
              -22.6333875999999
            ],
            [
              -43.3069169999999,
              -22.6333162999999
            ],
            [
              -43.3069379,
              -22.633276
            ],
            [
              -43.3069801999999,
              -22.6330101999999
            ],
            [
              -43.3070071999999,
              -22.6327444999999
            ],
            [
              -43.3070034,
              -22.6325519
            ],
            [
              -43.3069186,
              -22.6321938
            ],
            [
              -43.3069379,
              -22.6319435
            ],
            [
              -43.3069995,
              -22.631724
            ],
            [
              -43.3070842,
              -22.631593
            ],
            [
              -43.3073267999999,
              -22.6314505
            ],
            [
              -43.3079122,
              -22.6311001
            ],
            [
              -43.308233,
              -22.6309014999999
            ],
            [
              -43.3084038,
              -22.6307957999999
            ],
            [
              -43.3087209999999,
              -22.6305993999999
            ],
            [
              -43.3087123,
              -22.6318113999999
            ],
            [
              -43.3087058999999,
              -22.6327135999999
            ],
            [
              -43.3087034,
              -22.6330642999999
            ],
            [
              -43.3087265,
              -22.6342493
            ],
            [
              -43.3087393,
              -22.6349006999999
            ],
            [
              -43.3087523999999,
              -22.6355733999999
            ],
            [
              -43.3087532,
              -22.6356150999999
            ],
            [
              -43.3087047,
              -22.6367799
            ],
            [
              -43.3086979,
              -22.6377921
            ],
            [
              -43.3086908,
              -22.6388459
            ],
            [
              -43.3086630999999,
              -22.6399274
            ],
            [
              -43.3086838999999,
              -22.6420697
            ],
            [
              -43.3086926,
              -22.6435703
            ],
            [
              -43.3086977,
              -22.6444478
            ],
            [
              -43.3086976,
              -22.6445573999999
            ],
            [
              -43.3086921,
              -22.6477633
            ],
            [
              -43.3082628,
              -22.6479929
            ],
            [
              -43.3079971999999,
              -22.64813880000001
            ],
            [
              -43.3079058,
              -22.6481889999999
            ],
            [
              -43.3059226,
              -22.6492102999999
            ],
            [
              -43.3049832999999,
              -22.6497232999999
            ],
            [
              -43.3042401,
              -22.6500996999999
            ],
            [
              -43.3040167999999,
              -22.6502136
            ],
            [
              -43.3029164,
              -22.6507749999999
            ],
            [
              -43.3021409999999,
              -22.6511705999999
            ],
            [
              -43.3019705,
              -22.6512686999999
            ],
            [
              -43.3009961999999,
              -22.6518288999999
            ],
            [
              -43.3009163999999,
              -22.6518685999999
            ],
            [
              -43.3002142999999,
              -22.6522181999999
            ],
            [
              -43.3001525999999,
              -22.6522489
            ],
            [
              -43.2999144,
              -22.6523675
            ],
            [
              -43.29994977203359,
              -22.65237107845076
            ],
            [
              -43.29818383138696,
              -22.64952123044948
            ],
            [
              -43.2973087088296,
              -22.65143309873298
            ],
            [
              -43.29514608464026,
              -22.65189540361662
            ],
            [
              -43.29335783210433,
              -22.65214468191937
            ],
            [
              -43.29278634469228,
              -22.6514013267727
            ],
            [
              -43.29112031656002,
              -22.64936098283118
            ],
            [
              -43.28990825963162,
              -22.64930834609142
            ],
            [
              -43.28821703867581,
              -22.64920185994541
            ],
            [
              -43.28731535258515,
              -22.64825330068445
            ],
            [
              -43.28374414404459,
              -22.64831758717112
            ],
            [
              -43.28372560935274,
              -22.63969954714953
            ],
            [
              -43.28480120145929,
              -22.63585876847064
            ],
            [
              -43.2887185,
              -22.6370297
            ],
            [
              -43.2886895,
              -22.6369936999999
            ],
            [
              -43.2886119,
              -22.6369301
            ],
            [
              -43.2886151,
              -22.6369281
            ],
            [
              -43.288619,
              -22.6369258
            ],
            [
              -43.2886255999999,
              -22.6369217
            ],
            [
              -43.2886344,
              -22.6369162999999
            ],
            [
              -43.2886432,
              -22.6369109
            ],
            [
              -43.2886549999999,
              -22.6369036
            ],
            [
              -43.2887054999999,
              -22.6368725999999
            ],
            [
              -43.2888288,
              -22.6367969
            ],
            [
              -43.2891624,
              -22.6365739
            ],
            [
              -43.2891784,
              -22.6365666999999
            ],
            [
              -43.2892148,
              -22.6365504
            ],
            [
              -43.2892442,
              -22.6365372
            ],
            [
              -43.2892699,
              -22.6365256999999
            ],
            [
              -43.2892727999999,
              -22.6365243999999
            ],
            [
              -43.2892747,
              -22.6365236
            ],
            [
              -43.2892811999999,
              -22.6365207
            ],
            [
              -43.2893058999999,
              -22.6365107
            ],
            [
              -43.289476,
              -22.6364419
            ],
            [
              -43.2894952,
              -22.6363348999999
            ],
            [
              -43.289571,
              -22.6362229
            ],
            [
              -43.2897159,
              -22.6361108999999
            ],
            [
              -43.2898147,
              -22.6360516
            ],
            [
              -43.2899793999999,
              -22.6360286
            ],
            [
              -43.2901143999999,
              -22.6360846
            ],
            [
              -43.2902101,
              -22.6360511
            ],
            [
              -43.2902862999999,
              -22.6362096999999
            ],
            [
              -43.2907724999999,
              -22.6372226999999
            ],
            [
              -43.2908677,
              -22.6373945
            ],
            [
              -43.2918453,
              -22.6361065
            ]
          ]
        ]
      }
    },
    {
      "type": "Feature",
      "properties": {
        "name": "COMUNIDADE DA CHÁCARAS RIO -PeTRÓPOLIS",
        "complexo": "COMPLEXO DO VAI QUEM QUER",
        "comunidade_pasta": "COMUNIDADE DA CHÁCARA RIO-PETRÓPOLIS",
        "styleUrl": "#com_amarelo2120",
        "tipo_extraido": "poligono_geral_comunidade",
        "Tipo": "Comunidade",
        "Comunidade": "Comunidade da Chácaras Rio-Petrópolis",
        "Complexo": "Complexo do Vai Quem Quer",
        "Distrito": "2° Distrito",
        "IDS_comunidade": "0.438",
        "Classe_comunidade": "Situação crítica / prioridade máxima",
        "kml_fill_color": "b300aa00",
        "fill": "#00aa00",
        "fill-opacity": 0.702,
        "kml_stroke_color": "ff00aa00",
        "stroke": "#00aa00",
        "stroke-opacity": 1.0,
        "stroke-width": 2.0
      },
      "geometry": {
        "type": "Polygon",
        "coordinates": [
          [
            [
              -43.29338697328716,
              -22.65229977095098
            ],
            [
              -43.29450337636931,
              -22.65208516240691
            ],
            [
              -43.29558983114957,
              -22.65184612679317
            ],
            [
              -43.2973094952844,
              -22.6513884338444
            ],
            [
              -43.29767996041731,
              -22.65068240434711
            ],
            [
              -43.29808814111747,
              -22.6495284833207
            ],
            [
              -43.29986437271854,
              -22.65228911443062
            ],
            [
              -43.30796953029679,
              -22.64806392859927
            ],
            [
              -43.30935815876407,
              -22.65033189404548
            ],
            [
              -43.31758715855089,
              -22.64621101071425
            ],
            [
              -43.31837813162277,
              -22.64800820222087
            ],
            [
              -43.31842684292491,
              -22.64893879594085
            ],
            [
              -43.31765419013417,
              -22.65068626741056
            ],
            [
              -43.31755784672438,
              -22.65166318622293
            ],
            [
              -43.31782408572381,
              -22.65284646573009
            ],
            [
              -43.31777117140168,
              -22.65508265530586
            ],
            [
              -43.31724982528225,
              -22.65733937052699
            ],
            [
              -43.31667381300383,
              -22.65848086277547
            ],
            [
              -43.3146750517699,
              -22.65948295927452
            ],
            [
              -43.31287388786136,
              -22.66170625382476
            ],
            [
              -43.31252008283682,
              -22.66284124795393
            ],
            [
              -43.31190873280423,
              -22.66482601251549
            ],
            [
              -43.31082651533831,
              -22.66621584209681
            ],
            [
              -43.30963433591076,
              -22.66661260421247
            ],
            [
              -43.30223772200524,
              -22.66742095844427
            ],
            [
              -43.29338697328716,
              -22.65229977095098
            ]
          ]
        ]
      }
    },
    {
      "type": "Feature",
      "properties": {
        "name": "COMUNIDADE DE MORABI",
        "complexo": "COMPLEXO DE PARADA ANGÉLICA",
        "comunidade_pasta": "COMUNIDAADE DE MORABI",
        "styleUrl": "#com_vermelho_escuro0",
        "tipo_extraido": "poligono_geral_comunidade",
        "Tipo": "Comunidade",
        "Comunidade": "Comunidade de Morabi",
        "Complexo": "Complexo de Parada Angélica",
        "Distrito": "3° Distrito",
        "IDS_comunidade": "0.451",
        "Classe_comunidade": "Situação crítica / prioridade máxima",
        "kml_fill_color": "b07f00aa",
        "fill": "#aa007f",
        "fill-opacity": 0.6902,
        "kml_stroke_color": "ff7f00aa",
        "stroke": "#aa007f",
        "stroke-opacity": 1.0,
        "stroke-width": 2.0
      },
      "geometry": {
        "type": "Polygon",
        "coordinates": [
          [
            [
              -43.25092582811518,
              -22.659943440077
            ],
            [
              -43.2458165341169,
              -22.66224047323155
            ],
            [
              -43.24165131531217,
              -22.66460935931329
            ],
            [
              -43.23822688478033,
              -22.66639295803987
            ],
            [
              -43.23429310624643,
              -22.66846014975223
            ],
            [
              -43.23139142373529,
              -22.67032945868127
            ],
            [
              -43.224172480758,
              -22.67433147608695
            ],
            [
              -43.22155028505198,
              -22.67101829798936
            ],
            [
              -43.2192428498064,
              -22.66779895513529
            ],
            [
              -43.21776459658204,
              -22.65503634161599
            ],
            [
              -43.21751264452705,
              -22.65315976503332
            ],
            [
              -43.21332869222651,
              -22.64670642613738
            ],
            [
              -43.21657159035514,
              -22.64698231553064
            ],
            [
              -43.2287368,
              -22.6482327
            ],
            [
              -43.233715,
              -22.6502922
            ],
            [
              -43.237749,
              -22.6517972
            ],
            [
              -43.25092582811518,
              -22.659943440077
            ]
          ]
        ]
      }
    },
    {
      "type": "Feature",
      "properties": {
        "name": "COMUNIDADE RODRIGUES ALVES",
        "complexo": "COMPLEXO DE PARADA ANGÉLICA",
        "comunidade_pasta": "COMUNIDADE RODRIGUES ALVES",
        "styleUrl": "#com_vermelho_escuro0",
        "tipo_extraido": "poligono_geral_comunidade",
        "Tipo": "Comunidade",
        "Comunidade": "Comunidade Rodrigues Alves",
        "Complexo": "Complexo de Parada Angélica",
        "Distrito": "3° Distrito",
        "IDS_comunidade": "0.485",
        "Classe_comunidade": "Situação crítica / prioridade máxima",
        "kml_fill_color": "b07f00aa",
        "fill": "#aa007f",
        "fill-opacity": 0.6902,
        "kml_stroke_color": "ff7f00aa",
        "stroke": "#aa007f",
        "stroke-opacity": 1.0,
        "stroke-width": 2.0
      },
      "geometry": {
        "type": "Polygon",
        "coordinates": [
          [
            [
              -43.22096416899996,
              -22.64413107799994
            ],
            [
              -43.22365765331541,
              -22.64706348459875
            ],
            [
              -43.21349501730823,
              -22.64673922537646
            ],
            [
              -43.21302172425149,
              -22.64569836812188
            ],
            [
              -43.21325636917268,
              -22.64390859653495
            ],
            [
              -43.2146177778073,
              -22.64259046903155
            ],
            [
              -43.21190163171256,
              -22.63926377886844
            ],
            [
              -43.21103808654177,
              -22.63808485569627
            ],
            [
              -43.21061479433935,
              -22.63841841805639
            ],
            [
              -43.21011055149704,
              -22.63750760968675
            ],
            [
              -43.21037765949368,
              -22.63669989848215
            ],
            [
              -43.21167834164761,
              -22.6359589163758
            ],
            [
              -43.21263908861365,
              -22.63518735790147
            ],
            [
              -43.21351576456154,
              -22.63433866796524
            ],
            [
              -43.21849323999992,
              -22.64110618399998
            ],
            [
              -43.22026736499998,
              -22.64319058099996
            ],
            [
              -43.22096416899996,
              -22.64413107799994
            ]
          ]
        ]
      }
    },
    {
      "type": "Feature",
      "properties": {
        "name": "COMUNIDADE DO QUINZE",
        "complexo": "COMPLEXO DE PARADA ANGÉLICA",
        "comunidade_pasta": "COMUNIDADE DO QUINZE",
        "styleUrl": "#com_vermelho_escuro0",
        "tipo_extraido": "poligono_geral_comunidade",
        "Tipo": "Comunidade",
        "Comunidade": "Comunidade do Quinze",
        "Complexo": "Complexo de Parada Angélica",
        "Distrito": "3° Distrito",
        "IDS_comunidade": "0.424",
        "Classe_comunidade": "Situação crítica / prioridade máxima",
        "kml_fill_color": "b07f00aa",
        "fill": "#aa007f",
        "fill-opacity": 0.6902,
        "kml_stroke_color": "ff7f00aa",
        "stroke": "#aa007f",
        "stroke-opacity": 1.0,
        "stroke-width": 2.0
      },
      "geometry": {
        "type": "Polygon",
        "coordinates": [
          [
            [
              -43.20486124121028,
              -22.6370882783254
            ],
            [
              -43.20463031567548,
              -22.6346187478539
            ],
            [
              -43.20655069448475,
              -22.63514662117515
            ],
            [
              -43.20799565700214,
              -22.63428972209674
            ],
            [
              -43.20898462714658,
              -22.635997874134
            ],
            [
              -43.21030294953074,
              -22.63702493670134
            ],
            [
              -43.2100953462369,
              -22.63742605272416
            ],
            [
              -43.21069279102497,
              -22.6384143376071
            ],
            [
              -43.21107149800454,
              -22.63814878499752
            ],
            [
              -43.2116310625636,
              -22.63885998461094
            ],
            [
              -43.21253327365041,
              -22.64006107987413
            ],
            [
              -43.21470175628338,
              -22.64261804108267
            ],
            [
              -43.21309915980041,
              -22.64397862042829
            ],
            [
              -43.21300729399487,
              -22.64581981402154
            ],
            [
              -43.21104214946429,
              -22.64297547912675
            ],
            [
              -43.20984472078157,
              -22.64205263306508
            ],
            [
              -43.20891887386194,
              -22.64158551109016
            ],
            [
              -43.20780785755838,
              -22.64041200253549
            ],
            [
              -43.20673387513162,
              -22.63914733646216
            ],
            [
              -43.20486124121028,
              -22.6370882783254
            ]
          ]
        ]
      }
    },
    {
      "type": "Feature",
      "properties": {
        "name": "COMUNIDADE DE SANTA LÚCIA",
        "complexo": "COMPLEXO DE PARADA ANGÉLICA",
        "comunidade_pasta": "COMUNIDADE DE SANTA LÚCIA",
        "styleUrl": "#com_vermelho_escuro0",
        "tipo_extraido": "poligono_geral_comunidade",
        "Tipo": "Comunidade",
        "Comunidade": "Comunidade de Santa Lúcia",
        "Complexo": "Complexo de Parada Angélica",
        "Distrito": "3° Distrito",
        "IDS_comunidade": "0.507",
        "Classe_comunidade": "Prioridade muito alta",
        "kml_fill_color": "b07f00aa",
        "fill": "#aa007f",
        "fill-opacity": 0.6902,
        "kml_stroke_color": "ff7f00aa",
        "stroke": "#aa007f",
        "stroke-opacity": 1.0,
        "stroke-width": 2.0
      },
      "geometry": {
        "type": "Polygon",
        "coordinates": [
          [
            [
              -43.2044641,
              -22.62924299932924
            ],
            [
              -43.2042547,
              -22.62780689932928
            ],
            [
              -43.2040269,
              -22.62657079932931
            ],
            [
              -43.2039071,
              -22.6259603993293
            ],
            [
              -43.2051261,
              -22.62491019932935
            ],
            [
              -43.2058974,
              -22.62443179932934
            ],
            [
              -43.206371,
              -22.62501269932934
            ],
            [
              -43.2068302,
              -22.62571159932932
            ],
            [
              -43.2073151,
              -22.62632309932931
            ],
            [
              -43.2078472,
              -22.62699409932928
            ],
            [
              -43.21116903217688,
              -22.63142503099855
            ],
            [
              -43.21352674883475,
              -22.6344417062158
            ],
            [
              -43.21187656066548,
              -22.63576181981887
            ],
            [
              -43.211206887054,
              -22.63622461137404
            ],
            [
              -43.21083620327311,
              -22.63650302635597
            ],
            [
              -43.21051900701001,
              -22.63672697030486
            ],
            [
              -43.21018180240998,
              -22.6369916783753
            ],
            [
              -43.20903352196216,
              -22.63618732217405
            ],
            [
              -43.20789525067841,
              -22.63432570127736
            ],
            [
              -43.20742425943922,
              -22.63481231877061
            ],
            [
              -43.20618796636446,
              -22.63508478817587
            ],
            [
              -43.20465324689866,
              -22.63466450760674
            ],
            [
              -43.20452,
              -22.63005319932923
            ],
            [
              -43.2044721,
              -22.62930939932925
            ],
            [
              -43.2044641,
              -22.62924299932924
            ]
          ]
        ]
      }
    },
    {
      "type": "Feature",
      "properties": {
        "name": "COMUNIDADE DE PARADA ANGÉLICA",
        "complexo": "COMPLEXO DE PARADA ANGÉLICA",
        "comunidade_pasta": "COMUNIDADE DE PARADA ANGÉLICA",
        "styleUrl": "#com_vermelho_escuro0",
        "tipo_extraido": "poligono_geral_comunidade",
        "Tipo": "Comunidade",
        "Comunidade": "Comunidade de Parada Angélica",
        "Complexo": "Complexo de Parada Angélica",
        "Distrito": "3° Distrito",
        "IDS_comunidade": "0.458",
        "Classe_comunidade": "Situação crítica / prioridade máxima",
        "kml_fill_color": "b07f00aa",
        "fill": "#aa007f",
        "fill-opacity": 0.6902,
        "kml_stroke_color": "ff7f00aa",
        "stroke": "#aa007f",
        "stroke-opacity": 1.0,
        "stroke-width": 2.0
      },
      "geometry": {
        "type": "Polygon",
        "coordinates": [
          [
            [
              -43.20389034399994,
              -22.62584744500001
            ],
            [
              -43.20448575899996,
              -22.62916437199996
            ],
            [
              -43.20489318351991,
              -22.63713910029665
            ],
            [
              -43.20183188193393,
              -22.63461108393791
            ],
            [
              -43.20133906015081,
              -22.63436849258625
            ],
            [
              -43.20019589408784,
              -22.63444165137084
            ],
            [
              -43.19896972674409,
              -22.63434739302372
            ],
            [
              -43.19793136974985,
              -22.63262611405067
            ],
            [
              -43.19634780820248,
              -22.63086122669167
            ],
            [
              -43.19491008987455,
              -22.62966800848722
            ],
            [
              -43.19461091499994,
              -22.62900079999996
            ],
            [
              -43.19486684699995,
              -22.62823974599998
            ],
            [
              -43.19536677999999,
              -22.62746795699999
            ],
            [
              -43.19514371699994,
              -22.62699327799993
            ],
            [
              -43.19427430199993,
              -22.62594524399998
            ],
            [
              -43.19457712899999,
              -22.62465395000001
            ],
            [
              -43.19424069699993,
              -22.62367839099996
            ],
            [
              -43.19442858699995,
              -22.62290213499994
            ],
            [
              -43.19477003499998,
              -22.62222581399996
            ],
            [
              -43.19548649899997,
              -22.62148634799996
            ],
            [
              -43.19608492599998,
              -22.62099007899997
            ],
            [
              -43.19697282,
              -22.62071952299993
            ],
            [
              -43.19797494599993,
              -22.62030039999996
            ],
            [
              -43.19863429399993,
              -22.61950538399997
            ],
            [
              -43.20028795599995,
              -22.62011934599997
            ],
            [
              -43.20204420099999,
              -22.62071752399995
            ],
            [
              -43.20302883499996,
              -22.62138491900002
            ],
            [
              -43.20552469199998,
              -22.62434071199995
            ],
            [
              -43.20389034399994,
              -22.62584744500001
            ]
          ]
        ]
      }
    },
    {
      "type": "Feature",
      "properties": {
        "name": "Barro Branco",
        "complexo": "COMPLEXO DE IMBARIÊ",
        "comunidade_pasta": "COMUNIDADE DO BARRO BRANCO",
        "styleUrl": "#com_vermelho_escuro3",
        "tipo_extraido": "poligono_geral_comunidade",
        "NM_MUN": "Duque de Caxias",
        "NM_DIST": "Imbariê",
        "AREA_KM2": "3.233707800000000",
        "Tipo": "Comunidade",
        "Comunidade": "Comunidade do Barro Branco",
        "Complexo": "Complexo de Imbariê",
        "Distrito": "3° Distrito",
        "IDS_comunidade": "0.472",
        "Classe_comunidade": "Situação crítica / prioridade máxima",
        "kml_fill_color": "99ff00aa",
        "fill": "#aa00ff",
        "fill-opacity": 0.6,
        "kml_stroke_color": "ffff00aa",
        "stroke": "#aa00ff",
        "stroke-opacity": 1.0,
        "stroke-width": 2.0
      },
      "geometry": {
        "type": "Polygon",
        "coordinates": [
          [
            [
              -43.2359868999999,
              -22.6302189999999
            ],
            [
              -43.2359681,
              -22.6302489999999
            ],
            [
              -43.2347647999999,
              -22.6311324
            ],
            [
              -43.2332815,
              -22.6322958
            ],
            [
              -43.2323883,
              -22.6329965999999
            ],
            [
              -43.2319373,
              -22.6333448999999
            ],
            [
              -43.232715,
              -22.63421110000001
            ],
            [
              -43.235356,
              -22.6369498
            ],
            [
              -43.2353037999999,
              -22.6369913999999
            ],
            [
              -43.2344672999999,
              -22.6376577999999
            ],
            [
              -43.2343451,
              -22.6376938999999
            ],
            [
              -43.2343403,
              -22.6390936999999
            ],
            [
              -43.2348360999999,
              -22.6387223999999
            ],
            [
              -43.2351753999999,
              -22.63850679999999
            ],
            [
              -43.2356225999999,
              -22.6385627
            ],
            [
              -43.2362211,
              -22.6386666999999
            ],
            [
              -43.2370491,
              -22.6388317999999
            ],
            [
              -43.2375651,
              -22.63902909999999
            ],
            [
              -43.2375855999999,
              -22.6390471999999
            ],
            [
              -43.2381091999999,
              -22.6394567999999
            ],
            [
              -43.2386916,
              -22.6399741
            ],
            [
              -43.2393018,
              -22.6405569
            ],
            [
              -43.2395104,
              -22.6407561
            ],
            [
              -43.2395443999999,
              -22.6407854999999
            ],
            [
              -43.2398812,
              -22.6410768
            ],
            [
              -43.2404291,
              -22.6415987999999
            ],
            [
              -43.2409858999999,
              -22.6421225999999
            ],
            [
              -43.2415650999999,
              -22.6426407
            ],
            [
              -43.2421438,
              -22.64319010000001
            ],
            [
              -43.2427686,
              -22.6437875999999
            ],
            [
              -43.2427948,
              -22.6438127
            ],
            [
              -43.2430186999999,
              -22.6440385999999
            ],
            [
              -43.2433296999999,
              -22.6443261
            ],
            [
              -43.2437995999999,
              -22.6447605999999
            ],
            [
              -43.2442914,
              -22.6452199
            ],
            [
              -43.2448934999999,
              -22.6457346
            ],
            [
              -43.245346,
              -22.6461598
            ],
            [
              -43.2458576999999,
              -22.6466402
            ],
            [
              -43.2463274999999,
              -22.6470811999999
            ],
            [
              -43.2467819,
              -22.6475078
            ],
            [
              -43.2471816,
              -22.6478911
            ],
            [
              -43.2475104,
              -22.6481917999999
            ],
            [
              -43.2477643,
              -22.6478340999999
            ],
            [
              -43.2498381999999,
              -22.6450283999999
            ],
            [
              -43.2500527,
              -22.6447413999999
            ],
            [
              -43.2501549,
              -22.644602
            ],
            [
              -43.2509138999999,
              -22.6435676
            ],
            [
              -43.2508296999999,
              -22.6432609
            ],
            [
              -43.2508728,
              -22.6427858
            ],
            [
              -43.2509345999999,
              -22.6422310999999
            ],
            [
              -43.2510422,
              -22.6411606999999
            ],
            [
              -43.2511064999999,
              -22.6402491
            ],
            [
              -43.2511127,
              -22.6401642
            ],
            [
              -43.2512212,
              -22.6386863
            ],
            [
              -43.2513281,
              -22.6386982
            ],
            [
              -43.2513704,
              -22.6381590999999
            ],
            [
              -43.2513852,
              -22.6379434
            ],
            [
              -43.2514083999999,
              -22.6375712999999
            ],
            [
              -43.2514338,
              -22.6372077
            ],
            [
              -43.2514485999999,
              -22.6369477
            ],
            [
              -43.2514136,
              -22.636917
            ],
            [
              -43.2513494999999,
              -22.6368404
            ],
            [
              -43.2514548,
              -22.6360397
            ],
            [
              -43.2514626,
              -22.6360195999999
            ],
            [
              -43.2514709,
              -22.6359960999999
            ],
            [
              -43.2514839999999,
              -22.6359343
            ],
            [
              -43.2514543,
              -22.6354277
            ],
            [
              -43.2512556999999,
              -22.6350578999999
            ],
            [
              -43.2511282,
              -22.6349676999999
            ],
            [
              -43.2510210999999,
              -22.6349475
            ],
            [
              -43.2509557,
              -22.6348821999999
            ],
            [
              -43.2511087,
              -22.6347238
            ],
            [
              -43.2506035,
              -22.6342658
            ],
            [
              -43.2523747,
              -22.6327080999999
            ],
            [
              -43.2523378999999,
              -22.632668
            ],
            [
              -43.2541219,
              -22.6310735
            ],
            [
              -43.2553435999999,
              -22.6299117
            ],
            [
              -43.2548834,
              -22.629737
            ],
            [
              -43.2543909999999,
              -22.6295555
            ],
            [
              -43.2522496999999,
              -22.6287660999999
            ],
            [
              -43.2510884,
              -22.6284949
            ],
            [
              -43.2510809999999,
              -22.6284932
            ],
            [
              -43.2506048,
              -22.6283931999999
            ],
            [
              -43.2505907999999,
              -22.6283902
            ],
            [
              -43.2490319999999,
              -22.6280709
            ],
            [
              -43.2484291,
              -22.6279511
            ],
            [
              -43.2487682999999,
              -22.6267558
            ],
            [
              -43.2489224,
              -22.6264328
            ],
            [
              -43.2490081999999,
              -22.6260353
            ],
            [
              -43.2490089999999,
              -22.6260316
            ],
            [
              -43.2488824,
              -22.6260897
            ],
            [
              -43.2482075,
              -22.6262892999999
            ],
            [
              -43.2478904,
              -22.6265018999999
            ],
            [
              -43.2476669,
              -22.6266894
            ],
            [
              -43.2467586999999,
              -22.6260262
            ],
            [
              -43.2465640999999,
              -22.625619
            ],
            [
              -43.2464343,
              -22.6252153
            ],
            [
              -43.2464055,
              -22.6249918999999
            ],
            [
              -43.2462722,
              -22.6248297
            ],
            [
              -43.2461135999999,
              -22.6247973
            ],
            [
              -43.245573,
              -22.6248548999999
            ],
            [
              -43.2455689,
              -22.6248527999999
            ],
            [
              -43.2452476999999,
              -22.6249862999999
            ],
            [
              -43.2448537,
              -22.6251640999999
            ],
            [
              -43.2446325999999,
              -22.6254307999999
            ],
            [
              -43.24448,
              -22.625695
            ],
            [
              -43.2441995999999,
              -22.6262804999999
            ],
            [
              -43.2440698,
              -22.6264679
            ],
            [
              -43.2438175,
              -22.6267369999999
            ],
            [
              -43.2434871999999,
              -22.626743
            ],
            [
              -43.243376,
              -22.626718
            ],
            [
              -43.2427513,
              -22.6264441
            ],
            [
              -43.2425906,
              -22.6263458999999
            ],
            [
              -43.2421861,
              -22.6261942999999
            ],
            [
              -43.2414004,
              -22.6257113
            ],
            [
              -43.2411913999999,
              -22.6251427999999
            ],
            [
              -43.2411625999999,
              -22.6248581
            ],
            [
              -43.2412598999999,
              -22.6245986
            ],
            [
              -43.2417283999999,
              -22.6242534999999
            ],
            [
              -43.2420923999999,
              -22.6240263999999
            ],
            [
              -43.2425177,
              -22.6239002999999
            ],
            [
              -43.2427843999999,
              -22.6232479999999
            ],
            [
              -43.2427807999999,
              -22.6227326
            ],
            [
              -43.242633,
              -22.6225272
            ],
            [
              -43.2424892999999,
              -22.62229960000001
            ],
            [
              -43.2424546,
              -22.6221353
            ],
            [
              -43.2426275999999,
              -22.6218542
            ],
            [
              -43.2430312,
              -22.6216127
            ],
            [
              -43.2431478,
              -22.6215534
            ],
            [
              -43.2431213,
              -22.62112979999999
            ],
            [
              -43.2431324,
              -22.6210821
            ],
            [
              -43.2431285,
              -22.6210649
            ],
            [
              -43.2431033,
              -22.6208918999999
            ],
            [
              -43.2428257999999,
              -22.6207188999999
            ],
            [
              -43.2424581999999,
              -22.6208559
            ],
            [
              -43.2421302,
              -22.6211009999999
            ],
            [
              -43.2418408999999,
              -22.6214512999999
            ],
            [
              -43.2418527999999,
              -22.6215124
            ],
            [
              -43.2418754,
              -22.6216271
            ],
            [
              -43.241881,
              -22.6217442999999
            ],
            [
              -43.2418542,
              -22.6218297999999
            ],
            [
              -43.2417998999999,
              -22.6219149
            ],
            [
              -43.241753,
              -22.6219935999999
            ],
            [
              -43.2416742,
              -22.6220281999999
            ],
            [
              -43.2416618,
              -22.6220337
            ],
            [
              -43.241684,
              -22.6221227
            ],
            [
              -43.2417646,
              -22.6222253
            ],
            [
              -43.2418992999999,
              -22.6225178999999
            ],
            [
              -43.2419083,
              -22.6226783999999
            ],
            [
              -43.2418436,
              -22.6229762
            ],
            [
              -43.2417088999999,
              -22.6233283999999
            ],
            [
              -43.2415683,
              -22.6235571999999
            ],
            [
              -43.2411749,
              -22.6239272
            ],
            [
              -43.2407909999999,
              -22.6242915999999
            ],
            [
              -43.2407818999999,
              -22.6249920999999
            ],
            [
              -43.2407832,
              -22.6251422
            ],
            [
              -43.2410211,
              -22.6260009
            ],
            [
              -43.2392852999999,
              -22.6273808
            ],
            [
              -43.2386476,
              -22.6279115
            ],
            [
              -43.2372951999999,
              -22.6290360999999
            ],
            [
              -43.2371524,
              -22.6291694
            ],
            [
              -43.2359868999999,
              -22.6302189999999
            ]
          ]
        ]
      }
    },
    {
      "type": "Feature",
      "properties": {
        "name": "CASINHAS (CONJUNTO 22 DE ABRIL)",
        "complexo": "COMPLEXO DE IMBARIÊ",
        "comunidade_pasta": "CASINHAS (CONJUNTO 22 DE ABRIL)",
        "styleUrl": "#com_vermelho_escuro3",
        "tipo_extraido": "poligono_geral_comunidade",
        "Tipo": "Comunidade",
        "Comunidade": "Comunidade das Casinhas (Conjunto 22 de Abril)",
        "Complexo": "Complexo de Imbariê",
        "Distrito": "3° Distrito",
        "IDS_comunidade": "0.481",
        "Classe_comunidade": "Situação crítica / prioridade máxima",
        "kml_fill_color": "99ff00aa",
        "fill": "#aa00ff",
        "fill-opacity": 0.6,
        "kml_stroke_color": "ffff00aa",
        "stroke": "#aa00ff",
        "stroke-opacity": 1.0,
        "stroke-width": 2.0
      },
      "geometry": {
        "type": "Polygon",
        "coordinates": [
          [
            [
              -43.2163633630194,
              -22.6227639054557
            ],
            [
              -43.22224542344498,
              -22.62526824565622
            ],
            [
              -43.22523991140392,
              -22.62668215437671
            ],
            [
              -43.22422469129216,
              -22.62783085799212
            ],
            [
              -43.22574820496649,
              -22.62829379117954
            ],
            [
              -43.22381848407308,
              -22.63005777707119
            ],
            [
              -43.22385503834839,
              -22.63066922784181
            ],
            [
              -43.22066676777522,
              -22.633373514822
            ],
            [
              -43.22177939043485,
              -22.63474963106493
            ],
            [
              -43.21652868864926,
              -22.63824033896144
            ],
            [
              -43.21460047025741,
              -22.63562516637788
            ],
            [
              -43.2139361651498,
              -22.63471004447211
            ],
            [
              -43.21674270259011,
              -22.63076141301302
            ],
            [
              -43.21761523601962,
              -22.62898556907084
            ],
            [
              -43.21498662765477,
              -22.6262760163089
            ],
            [
              -43.2151874377903,
              -22.62497242824899
            ],
            [
              -43.2163633630194,
              -22.6227639054557
            ]
          ]
        ]
      }
    },
    {
      "type": "Feature",
      "properties": {
        "name": "COMUNIDADE CRISTOVÃO COLOMBO",
        "complexo": "COMPLEXO DE IMBARIÊ",
        "comunidade_pasta": "COMUNIDADE CRISTOVÃO COLOMBO",
        "styleUrl": "#com_vermelho_escuro3",
        "tipo_extraido": "poligono_geral_comunidade",
        "Tipo": "Comunidade",
        "Comunidade": "Comunidade Cristovão Colombo",
        "Complexo": "Complexo de Imbariê",
        "Distrito": "3° Distrito",
        "IDS_comunidade": "0.527",
        "Classe_comunidade": "Prioridade muito alta",
        "kml_fill_color": "99ff00aa",
        "fill": "#aa00ff",
        "fill-opacity": 0.6,
        "kml_stroke_color": "ffff00aa",
        "stroke": "#aa00ff",
        "stroke-opacity": 1.0,
        "stroke-width": 2.0
      },
      "geometry": {
        "type": "Polygon",
        "coordinates": [
          [
            [
              -43.208377440319,
              -22.613368759558
            ],
            [
              -43.20860144602658,
              -22.61311689869143
            ],
            [
              -43.20821833849012,
              -22.61240164501545
            ],
            [
              -43.20830311352105,
              -22.61153670365234
            ],
            [
              -43.207943313759,
              -22.61110569129102
            ],
            [
              -43.20798307976608,
              -22.61080215312685
            ],
            [
              -43.2090331684551,
              -22.61115630162941
            ],
            [
              -43.20968426703414,
              -22.61016334040607
            ],
            [
              -43.20956917343957,
              -22.60942632025912
            ],
            [
              -43.2106831217542,
              -22.60875924183558
            ],
            [
              -43.21117920827712,
              -22.60880185686098
            ],
            [
              -43.21222901438941,
              -22.60981736844433
            ],
            [
              -43.21509478525954,
              -22.610159903404
            ],
            [
              -43.21521777693123,
              -22.6105749324054
            ],
            [
              -43.21393320919157,
              -22.61148550436205
            ],
            [
              -43.21315903378989,
              -22.61204715032864
            ],
            [
              -43.21274311841064,
              -22.61214434631216
            ],
            [
              -43.21257825488512,
              -22.61230256572771
            ],
            [
              -43.21219089093962,
              -22.61369536080917
            ],
            [
              -43.2118079609312,
              -22.61394315981728
            ],
            [
              -43.21107428949489,
              -22.61396081016261
            ],
            [
              -43.21035354623123,
              -22.61458627464676
            ],
            [
              -43.20992037538638,
              -22.61523490541086
            ],
            [
              -43.21005484624361,
              -22.61554964888976
            ],
            [
              -43.21086720100701,
              -22.61544977740249
            ],
            [
              -43.2109260326579,
              -22.6156603152553
            ],
            [
              -43.21080069282038,
              -22.6162780265913
            ],
            [
              -43.21020812903044,
              -22.61655046253074
            ],
            [
              -43.2092991510326,
              -22.61634386554208
            ],
            [
              -43.20889984255074,
              -22.61688500307103
            ],
            [
              -43.21081619935567,
              -22.61788534437228
            ],
            [
              -43.21121187893348,
              -22.61739538930872
            ],
            [
              -43.2112572016332,
              -22.61695294444892
            ],
            [
              -43.21191915397003,
              -22.61630855207224
            ],
            [
              -43.21353696913972,
              -22.61585609731839
            ],
            [
              -43.2139304439287,
              -22.61563533506082
            ],
            [
              -43.21425077812122,
              -22.61563324447861
            ],
            [
              -43.21439217856968,
              -22.61608462638232
            ],
            [
              -43.21409190829382,
              -22.61656210365278
            ],
            [
              -43.21404596518563,
              -22.61704177490214
            ],
            [
              -43.21301507788372,
              -22.61741602808081
            ],
            [
              -43.21288144146541,
              -22.61776444854835
            ],
            [
              -43.21276869729991,
              -22.61912921306054
            ],
            [
              -43.21294770537979,
              -22.61955959385732
            ],
            [
              -43.21306212838496,
              -22.6199703730544
            ],
            [
              -43.21341572896359,
              -22.62035941674862
            ],
            [
              -43.21408504047093,
              -22.62035796931329
            ],
            [
              -43.21456675849909,
              -22.62009374682742
            ],
            [
              -43.21553348966535,
              -22.62049306810754
            ],
            [
              -43.21623648995736,
              -22.62021832626412
            ],
            [
              -43.21726199953613,
              -22.62016894312389
            ],
            [
              -43.21731054027676,
              -22.61990800219284
            ],
            [
              -43.21737914327202,
              -22.61914472883968
            ],
            [
              -43.21776295051984,
              -22.61858621835673
            ],
            [
              -43.21821427333261,
              -22.61858385755774
            ],
            [
              -43.21885174039068,
              -22.61962790465014
            ],
            [
              -43.21813538829353,
              -22.62150618735137
            ],
            [
              -43.21787668258477,
              -22.62179697253841
            ],
            [
              -43.21799428148687,
              -22.62218229014031
            ],
            [
              -43.21857123879995,
              -22.62231921297226
            ],
            [
              -43.21906844420523,
              -22.62181058615117
            ],
            [
              -43.21951205794772,
              -22.62183311877348
            ],
            [
              -43.21973204387949,
              -22.62224406695872
            ],
            [
              -43.21946899963557,
              -22.62219129698664
            ],
            [
              -43.21812968260188,
              -22.623401581716
            ],
            [
              -43.20662878934922,
              -22.61842505647071
            ],
            [
              -43.20153846543829,
              -22.61615678310582
            ],
            [
              -43.19910719588025,
              -22.61504762245762
            ],
            [
              -43.19869573246734,
              -22.61455962828087
            ],
            [
              -43.19947139969735,
              -22.61315509653531
            ],
            [
              -43.20008919200552,
              -22.61198127198051
            ],
            [
              -43.20073799121953,
              -22.61080080539291
            ],
            [
              -43.20119757780781,
              -22.61148220793336
            ],
            [
              -43.20176266515551,
              -22.61407034825258
            ],
            [
              -43.20162863759357,
              -22.61436065718726
            ],
            [
              -43.20246746987844,
              -22.61445221047214
            ],
            [
              -43.20362050188755,
              -22.61523680488915
            ],
            [
              -43.20467126107675,
              -22.61576301184599
            ],
            [
              -43.20593846307622,
              -22.61621836130007
            ],
            [
              -43.20658741289698,
              -22.61629626400995
            ],
            [
              -43.20703481493596,
              -22.61615152305252
            ],
            [
              -43.20712040764906,
              -22.61584581162482
            ],
            [
              -43.20695642608988,
              -22.61466392552974
            ],
            [
              -43.20740549944459,
              -22.61393395667401
            ],
            [
              -43.208377440319,
              -22.613368759558
            ]
          ]
        ]
      }
    },
    {
      "type": "Feature",
      "properties": {
        "name": "COMUNIDADE DA TAQUARA",
        "complexo": "COMPLEXO DE IMBARIÊ",
        "comunidade_pasta": "COMUNIDADE DA TAQUARA",
        "styleUrl": "#com_vermelho_escuro3",
        "tipo_extraido": "poligono_geral_comunidade",
        "Tipo": "Comunidade",
        "Comunidade": "Comunidade da Taquara",
        "Complexo": "Complexo de Imbariê",
        "Distrito": "3° Distrito",
        "IDS_comunidade": "0.537",
        "Classe_comunidade": "Prioridade alta",
        "kml_fill_color": "99ff00aa",
        "fill": "#aa00ff",
        "fill-opacity": 0.6,
        "kml_stroke_color": "ffff00aa",
        "stroke": "#aa00ff",
        "stroke-opacity": 1.0,
        "stroke-width": 2.0
      },
      "geometry": {
        "type": "Polygon",
        "coordinates": [
          [
            [
              -43.2409666,
              -22.6212659
            ],
            [
              -43.2415888,
              -22.6220581
            ],
            [
              -43.2344005,
              -22.6289309
            ],
            [
              -43.23121746374851,
              -22.63212237610418
            ],
            [
              -43.2295949468828,
              -22.63050439170251
            ],
            [
              -43.2276413,
              -22.628416
            ],
            [
              -43.2284886571968,
              -22.62772955805882
            ],
            [
              -43.22801552718607,
              -22.62723674219601
            ],
            [
              -43.2275163188938,
              -22.62770091182893
            ],
            [
              -43.22626877615951,
              -22.62713377947373
            ],
            [
              -43.229418,
              -22.6216845
            ],
            [
              -43.2297613,
              -22.6203772
            ],
            [
              -43.22921665938763,
              -22.61939484275084
            ],
            [
              -43.23111882434424,
              -22.61903828957316
            ],
            [
              -43.23027789402658,
              -22.61763824361542
            ],
            [
              -43.22857076097716,
              -22.61726572480507
            ],
            [
              -43.22764995278484,
              -22.61327002295798
            ],
            [
              -43.23222449242128,
              -22.61134666133531
            ],
            [
              -43.22972636430408,
              -22.61036182746839
            ],
            [
              -43.2298456970144,
              -22.60969032252084
            ],
            [
              -43.23022831676365,
              -22.60984359405976
            ],
            [
              -43.23025535091703,
              -22.60949504884494
            ],
            [
              -43.230499693323,
              -22.60917674544461
            ],
            [
              -43.23083845130307,
              -22.60911753885503
            ],
            [
              -43.23124094195872,
              -22.60858445335129
            ],
            [
              -43.23150232090402,
              -22.60854370902156
            ],
            [
              -43.23169240498915,
              -22.60884497615154
            ],
            [
              -43.23214316236263,
              -22.60827282690868
            ],
            [
              -43.23407468498038,
              -22.60674125624973
            ],
            [
              -43.23454035056498,
              -22.60675899714693
            ],
            [
              -43.23607662553526,
              -22.60573183235668
            ],
            [
              -43.23875540272017,
              -22.6042056313162
            ],
            [
              -43.23897036264918,
              -22.60435438142665
            ],
            [
              -43.23817851957548,
              -22.6072584033873
            ],
            [
              -43.2383656,
              -22.616544
            ],
            [
              -43.2409666,
              -22.6212659
            ]
          ]
        ]
      }
    },
    {
      "type": "Feature",
      "properties": {
        "name": "COMUNIDADE DA CANDELÁRIA",
        "complexo": "COMPLEXO DE IMBARIÊ",
        "comunidade_pasta": "COMUNIDADE DA CANDELÁRIA",
        "styleUrl": "#com_vermelho_escuro3",
        "tipo_extraido": "poligono_geral_comunidade",
        "Tipo": "Comunidade",
        "Comunidade": "Comunidade da Candelária",
        "Complexo": "Complexo de Imbariê",
        "Distrito": "3° Distrito",
        "IDS_comunidade": "0.527",
        "Classe_comunidade": "Prioridade muito alta",
        "kml_fill_color": "99ff00aa",
        "fill": "#aa00ff",
        "fill-opacity": 0.6,
        "kml_stroke_color": "ffff00aa",
        "stroke": "#aa00ff",
        "stroke-opacity": 1.0,
        "stroke-width": 2.0
      },
      "geometry": {
        "type": "Polygon",
        "coordinates": [
          [
            [
              -43.23535823032165,
              -22.63687283707867
            ],
            [
              -43.2343488,
              -22.637665
            ],
            [
              -43.23058861775726,
              -22.63782307935158
            ],
            [
              -43.2271917,
              -22.6405806
            ],
            [
              -43.22584974050946,
              -22.63956108840396
            ],
            [
              -43.22464087224799,
              -22.63841013799351
            ],
            [
              -43.22642057650573,
              -22.63606537534883
            ],
            [
              -43.2293804,
              -22.6343719
            ],
            [
              -43.23155199834402,
              -22.63212082537559
            ],
            [
              -43.23237547197791,
              -22.63288290537932
            ],
            [
              -43.2319388400857,
              -22.63333998562682
            ],
            [
              -43.23535823032165,
              -22.63687283707867
            ]
          ]
        ]
      }
    },
    {
      "type": "Feature",
      "properties": {
        "name": "COMUNIDADE DE NOVA CAMPINAS A",
        "complexo": "COMPLEXO DE IMBARIÊ",
        "comunidade_pasta": "COMUNIDADE DE NOVA CAMPINAS A",
        "styleUrl": "#com_vermelho_escuro3",
        "tipo_extraido": "poligono_geral_comunidade",
        "Tipo": "Comunidade",
        "Comunidade": "Comunidade Nova Campinas A",
        "Complexo": "Complexo de Imbariê",
        "Distrito": "3° Distrito",
        "IDS_comunidade": "0.49",
        "Classe_comunidade": "Prioridade muito alta",
        "kml_fill_color": "99ff00aa",
        "fill": "#aa00ff",
        "fill-opacity": 0.6,
        "kml_stroke_color": "ffff00aa",
        "stroke": "#aa00ff",
        "stroke-opacity": 1.0,
        "stroke-width": 2.0
      },
      "geometry": {
        "type": "Polygon",
        "coordinates": [
          [
            [
              -43.26252836212404,
              -22.63411043568812
            ],
            [
              -43.25998237485383,
              -22.64075960286384
            ],
            [
              -43.25553075448502,
              -22.64113189360891
            ],
            [
              -43.2510609,
              -22.643093
            ],
            [
              -43.25136709577924,
              -22.63535742854306
            ],
            [
              -43.25064018246013,
              -22.63434182234848
            ],
            [
              -43.25556132208131,
              -22.6299951870706
            ],
            [
              -43.26252836212404,
              -22.63411043568812
            ]
          ]
        ]
      }
    },
    {
      "type": "Feature",
      "properties": {
        "name": "COMUNIDADE DE NOVA CAMPINAS B",
        "complexo": "COMPLEXO DE IMBARIÊ",
        "comunidade_pasta": "COMUNIDADE DE NOVA CAMPINAS B",
        "styleUrl": "#com_vermelho_escuro3",
        "tipo_extraido": "poligono_geral_comunidade",
        "Tipo": "Comunidade",
        "Comunidade": "Comunidade Nova Campinas B",
        "Complexo": "Complexo de Imbariê",
        "Distrito": "3° Distrito",
        "IDS_comunidade": "0.57",
        "Classe_comunidade": "Prioridade média",
        "kml_fill_color": "99ff00aa",
        "fill": "#aa00ff",
        "fill-opacity": 0.6,
        "kml_stroke_color": "ffff00aa",
        "stroke": "#aa00ff",
        "stroke-opacity": 1.0,
        "stroke-width": 2.0
      },
      "geometry": {
        "type": "Polygon",
        "coordinates": [
          [
            [
              -43.24847148555829,
              -22.6524834247511
            ],
            [
              -43.24566095926419,
              -22.6507855438444
            ],
            [
              -43.25111285759886,
              -22.64316794195784
            ],
            [
              -43.25531921865213,
              -22.64120879233253
            ],
            [
              -43.25632084513376,
              -22.64113945454269
            ],
            [
              -43.25488812474458,
              -22.64480005894515
            ],
            [
              -43.25548639215338,
              -22.64506403108679
            ],
            [
              -43.2528855,
              -22.65136679932873
            ],
            [
              -43.252019448155,
              -22.65349216545955
            ],
            [
              -43.24847148555829,
              -22.6524834247511
            ]
          ]
        ]
      }
    },
    {
      "type": "Feature",
      "properties": {
        "name": "COMUNIDADE DE PARQUE PAULISTA",
        "complexo": "COMPLEXO DE IMBARIÊ",
        "comunidade_pasta": "COMUNIDADE DE PARQUE PAULISTA",
        "styleUrl": "#com_vermelho_escuro3",
        "tipo_extraido": "poligono_geral_comunidade",
        "Tipo": "Comunidade",
        "Comunidade": "Comunidade de Parque Paulista",
        "Complexo": "Complexo de Imbariê",
        "Distrito": "3° Distrito",
        "IDS_comunidade": "0.552",
        "Classe_comunidade": "Prioridade alta",
        "kml_fill_color": "99ff00aa",
        "fill": "#aa00ff",
        "fill-opacity": 0.6,
        "kml_stroke_color": "ffff00aa",
        "stroke": "#aa00ff",
        "stroke-opacity": 1.0,
        "stroke-width": 2.0
      },
      "geometry": {
        "type": "Polygon",
        "coordinates": [
          [
            [
              -43.25116998630674,
              -22.65958174001127
            ],
            [
              -43.24274398412648,
              -22.65408351889015
            ],
            [
              -43.24563122375275,
              -22.65084078359747
            ],
            [
              -43.2520064,
              -22.6535141
            ],
            [
              -43.257155,
              -22.641131
            ],
            [
              -43.2581476,
              -22.6409609
            ],
            [
              -43.26010074462187,
              -22.64072390160021
            ],
            [
              -43.26243153487106,
              -22.63425845413403
            ],
            [
              -43.26953524515332,
              -22.63762425385571
            ],
            [
              -43.26738343249705,
              -22.64321588180837
            ],
            [
              -43.26650958516083,
              -22.64286569265143
            ],
            [
              -43.26228707252028,
              -22.65334534756325
            ],
            [
              -43.26160542747972,
              -22.6530721587601
            ],
            [
              -43.26103608495793,
              -22.65451327814019
            ],
            [
              -43.25116998630674,
              -22.65958174001127
            ]
          ]
        ]
      }
    },
    {
      "type": "Feature",
      "properties": {
        "name": "COMUNIDADE DE SANTA CRUZ DA SERRA",
        "complexo": "COMPLEXO DE IMBARIÊ",
        "comunidade_pasta": "COMUNIDADE DE SANTA CRUZ DA SERRA",
        "styleUrl": "#com_vermelho_escuro3",
        "tipo_extraido": "poligono_geral_comunidade",
        "Tipo": "Comunidade",
        "Comunidade": "Comunidade de Santa Cruz da Serra",
        "Complexo": "Complexo de Imbariê",
        "Distrito": "3° Distrito",
        "IDS_comunidade": "0.492",
        "Classe_comunidade": "Prioridade muito alta",
        "kml_fill_color": "99ff00aa",
        "fill": "#aa00ff",
        "fill-opacity": 0.6,
        "kml_stroke_color": "ffff00aa",
        "stroke": "#aa00ff",
        "stroke-opacity": 1.0,
        "stroke-width": 2.0
      },
      "geometry": {
        "type": "Polygon",
        "coordinates": [
          [
            [
              -43.26973923767306,
              -22.65044868992107
            ],
            [
              -43.26854509782294,
              -22.6483591921318
            ],
            [
              -43.27258484851177,
              -22.64631080538223
            ],
            [
              -43.27350704279443,
              -22.64778462014177
            ],
            [
              -43.278269049714,
              -22.64545205840485
            ],
            [
              -43.27944203438788,
              -22.6448413061393
            ],
            [
              -43.28110412742373,
              -22.64439448728528
            ],
            [
              -43.28145940516568,
              -22.64412249969984
            ],
            [
              -43.28147344930327,
              -22.64334402622385
            ],
            [
              -43.28331527295491,
              -22.64289404232677
            ],
            [
              -43.28343042475691,
              -22.64413036615635
            ],
            [
              -43.28352218290297,
              -22.64547186809964
            ],
            [
              -43.27902555903614,
              -22.64550226562577
            ],
            [
              -43.27847583769714,
              -22.64585213563414
            ],
            [
              -43.26973923767306,
              -22.65044868992107
            ]
          ]
        ]
      }
    }
  ]
}